
#if defined(LV_LVGL_H_INCLUDE_SIMPLE)
#include "lvgl.h"
#elif defined(LV_BUILD_TEST)
#include "../lvgl.h"
#else
#include "lvgl/lvgl.h"
#endif


#ifndef LV_ATTRIBUTE_MEM_ALIGN
#define LV_ATTRIBUTE_MEM_ALIGN
#endif

#ifndef LV_ATTRIBUTE_LOGO
#define LV_ATTRIBUTE_LOGO
#endif

static const
LV_ATTRIBUTE_MEM_ALIGN LV_ATTRIBUTE_LARGE_CONST LV_ATTRIBUTE_LOGO
uint8_t logo_map[] = {

    0x01,0x00,0x00,0x00,0xba,0xd8,0x00,0x00,0x00,0x00,0x20,0x00,0x7f,0x00,0x00,0x7f,
    0x00,0x00,0x7f,0x00,0x00,0x7f,0x00,0x00,0x7f,0x00,0x00,0x7f,0x00,0x00,0x7f,0x00,
    0x00,0x7f,0x00,0x00,0x7f,0x00,0x00,0x7f,0x00,0x00,0x7f,0x00,0x00,0x7f,0x00,0x00,
    0x7f,0x00,0x00,0x7f,0x00,0x00,0x7f,0x00,0x00,0x7f,0x00,0x00,0x7f,0x00,0x00,0x7f,
    0x00,0x00,0x7f,0x00,0x00,0x7f,0x00,0x00,0x7f,0x00,0x00,0x7f,0x00,0x00,0x7f,0x00,
    0x00,0x7f,0x00,0x00,0x7f,0x00,0x00,0x7f,0x00,0x00,0x7f,0x00,0x00,0x7f,0x00,0x00,
    0x7f,0x00,0x00,0x7f,0x00,0x00,0x7f,0x00,0x00,0x7f,0x00,0x00,0x7f,0x00,0x00,0x7f,
    0x00,0x00,0x7f,0x00,0x00,0x7f,0x00,0x00,0x7f,0x00,0x00,0x7f,0x00,0x00,0x7f,0x00,
    0x00,0x7f,0x00,0x00,0x7f,0x00,0x00,0x7f,0x00,0x00,0x7f,0x00,0x00,0x7f,0x00,0x00,
    0x7f,0x00,0x00,0x7f,0x00,0x00,0x7f,0x00,0x00,0x7f,0x00,0x00,0x7f,0x00,0x00,0x7f,
    0x00,0x00,0x7f,0x00,0x00,0x7f,0x00,0x00,0x7f,0x00,0x00,0x7f,0x00,0x00,0x7f,0x00,
    0x00,0x7f,0x00,0x00,0x7f,0x00,0x00,0x7f,0x00,0x00,0x7f,0x00,0x00,0x7f,0x00,0x00,
    0x7f,0x00,0x00,0x7f,0x00,0x00,0x7f,0x00,0x00,0x7f,0x00,0x00,0x7f,0x00,0x00,0x7f,
    0x00,0x00,0x7f,0x00,0x00,0x7f,0x00,0x00,0x7f,0x00,0x00,0x7f,0x00,0x00,0x7f,0x00,
    0x00,0x7f,0x00,0x00,0x7f,0x00,0x00,0x7f,0x00,0x00,0x7f,0x00,0x00,0x7f,0x00,0x00,
    0x7f,0x00,0x00,0x7f,0x00,0x00,0x7f,0x00,0x00,0x7f,0x00,0x00,0x7f,0x00,0x00,0x7f,
    0x00,0x00,0x7f,0x00,0x00,0x7f,0x00,0x00,0x7f,0x00,0x00,0x7f,0x00,0x00,0x7f,0x00,
    0x00,0x7f,0x00,0x00,0x7f,0x00,0x00,0x7f,0x00,0x00,0x7f,0x00,0x00,0x7f,0x00,0x00,
    0x7f,0x00,0x00,0x7f,0x00,0x00,0x7f,0x00,0x00,0x7f,0x00,0x00,0x7f,0x00,0x00,0x7f,
    0x00,0x00,0x7f,0x00,0x00,0x7f,0x00,0x00,0x7f,0x00,0x00,0x7f,0x00,0x00,0x7f,0x00,
    0x00,0x7f,0x00,0x00,0x7f,0x00,0x00,0x7f,0x00,0x00,0x7f,0x00,0x00,0x7f,0x00,0x00,
    0x7f,0x00,0x00,0x7f,0x00,0x00,0x7f,0x00,0x00,0x7f,0x00,0x00,0x7f,0x00,0x00,0x7f,
    0x00,0x00,0x7f,0x00,0x00,0x7f,0x00,0x00,0x7f,0x00,0x00,0x7f,0x00,0x00,0x7f,0x00,
    0x00,0x7f,0x00,0x00,0x7f,0x00,0x00,0x7f,0x00,0x00,0x7f,0x00,0x00,0x7f,0x00,0x00,
    0x7f,0x00,0x00,0x7f,0x00,0x00,0x7f,0x00,0x00,0x7f,0x00,0x00,0x7f,0x00,0x00,0x7f,
    0x00,0x00,0x7f,0x00,0x00,0x7f,0x00,0x00,0x7f,0x00,0x00,0x7f,0x00,0x00,0x7f,0x00,
    0x00,0x7f,0x00,0x00,0x7f,0x00,0x00,0x7f,0x00,0x00,0x7f,0x00,0x00,0x7f,0x00,0x00,
    0x7f,0x00,0x00,0x7f,0x00,0x00,0x7f,0x00,0x00,0x7f,0x00,0x00,0x7f,0x00,0x00,0x7f,
    0x00,0x00,0x7f,0x00,0x00,0x7f,0x00,0x00,0x7f,0x00,0x00,0x7f,0x00,0x00,0x7f,0x00,
    0x00,0x7f,0x00,0x00,0x7f,0x00,0x00,0x7f,0x00,0x00,0x7f,0x00,0x00,0x7f,0x00,0x00,
    0x7f,0x00,0x00,0x7f,0x00,0x00,0x7f,0x00,0x00,0x7f,0x00,0x00,0x7f,0x00,0x00,0x7f,
    0x00,0x00,0x7f,0x00,0x00,0x7f,0x00,0x00,0x7f,0x00,0x00,0x7f,0x00,0x00,0x7f,0x00,
    0x00,0x7f,0x00,0x00,0x7f,0x00,0x00,0x7f,0x00,0x00,0x7f,0x00,0x00,0x7f,0x00,0x00,
    0x7f,0x00,0x00,0x7f,0x00,0x00,0x7f,0x00,0x00,0x7f,0x00,0x00,0x7f,0x00,0x00,0x7f,
    0x00,0x00,0x7f,0x00,0x00,0x7f,0x00,0x00,0x7f,0x00,0x00,0x7f,0x00,0x00,0x7f,0x00,
    0x00,0x7f,0x00,0x00,0x7f,0x00,0x00,0x7f,0x00,0x00,0x7f,0x00,0x00,0x7f,0x00,0x00,
    0x7f,0x00,0x00,0x7f,0x00,0x00,0x7f,0x00,0x00,0x7f,0x00,0x00,0x7f,0x00,0x00,0x7f,
    0x00,0x00,0x7f,0x00,0x00,0x7f,0x00,0x00,0x7f,0x00,0x00,0x7f,0x00,0x00,0x7f,0x00,
    0x00,0x7f,0x00,0x00,0x7f,0x00,0x00,0x7f,0x00,0x00,0x7f,0x00,0x00,0x7f,0x00,0x00,
    0x7f,0x00,0x00,0x7f,0x00,0x00,0x7f,0x00,0x00,0x7f,0x00,0x00,0x7f,0x00,0x00,0x7f,
    0x00,0x00,0x7f,0x00,0x00,0x7f,0x00,0x00,0x7f,0x00,0x00,0x7f,0x00,0x00,0x7f,0x00,
    0x00,0x7f,0x00,0x00,0x7f,0x00,0x00,0x7f,0x00,0x00,0x7f,0x00,0x00,0x7f,0x00,0x00,
    0x7f,0x00,0x00,0x7f,0x00,0x00,0x7f,0x00,0x00,0x7f,0x00,0x00,0x7f,0x00,0x00,0x7f,
    0x00,0x00,0x7f,0x00,0x00,0x7f,0x00,0x00,0x7f,0x00,0x00,0x7f,0x00,0x00,0x7f,0x00,
    0x00,0x7f,0x00,0x00,0x7f,0x00,0x00,0x7f,0x00,0x00,0x7f,0x00,0x00,0x7f,0x00,0x00,
    0x7f,0x00,0x00,0x7f,0x00,0x00,0x7f,0x00,0x00,0x7f,0x00,0x00,0x7f,0x00,0x00,0x7f,
    0x00,0x00,0x7f,0x00,0x00,0x7f,0x00,0x00,0x7f,0x00,0x00,0x7f,0x00,0x00,0x7f,0x00,
    0x00,0x7f,0x00,0x00,0x7f,0x00,0x00,0x7f,0x00,0x00,0x7f,0x00,0x00,0x7f,0x00,0x00,
    0x7f,0x00,0x00,0x7f,0x00,0x00,0x7f,0x00,0x00,0x7f,0x00,0x00,0x7f,0x00,0x00,0x7f,
    0x00,0x00,0x7f,0x00,0x00,0x7f,0x00,0x00,0x7f,0x00,0x00,0x7f,0x00,0x00,0x7f,0x00,
    0x00,0x7f,0x00,0x00,0x7f,0x00,0x00,0x7f,0x00,0x00,0x7f,0x00,0x00,0x7f,0x00,0x00,
    0x7f,0x00,0x00,0x7f,0x00,0x00,0x7f,0x00,0x00,0x7f,0x00,0x00,0x7f,0x00,0x00,0x7f,
    0x00,0x00,0x7f,0x00,0x00,0x7f,0x00,0x00,0x7f,0x00,0x00,0x7f,0x00,0x00,0x7f,0x00,
    0x00,0x7f,0x00,0x00,0x7f,0x00,0x00,0x7f,0x00,0x00,0x7f,0x00,0x00,0x7f,0x00,0x00,
    0x7f,0x00,0x00,0x7f,0x00,0x00,0x7f,0x00,0x00,0x7f,0x00,0x00,0x7f,0x00,0x00,0x7f,
    0x00,0x00,0x7f,0x00,0x00,0x7f,0x00,0x00,0x7f,0x00,0x00,0x7f,0x00,0x00,0x7f,0x00,
    0x00,0x7f,0x00,0x00,0x7f,0x00,0x00,0x7f,0x00,0x00,0x7f,0x00,0x00,0x7f,0x00,0x00,
    0x7f,0x00,0x00,0x7f,0x00,0x00,0x7f,0x00,0x00,0x7f,0x00,0x00,0x7f,0x00,0x00,0x7f,
    0x00,0x00,0x7f,0x00,0x00,0x7f,0x00,0x00,0x7f,0x00,0x00,0x7f,0x00,0x00,0x7f,0x00,
    0x00,0x7f,0x00,0x00,0x7f,0x00,0x00,0x7f,0x00,0x00,0x7f,0x00,0x00,0x7f,0x00,0x00,
    0x7f,0x00,0x00,0x7f,0x00,0x00,0x7f,0x00,0x00,0x7f,0x00,0x00,0x7f,0x00,0x00,0x7f,
    0x00,0x00,0x7f,0x00,0x00,0x7f,0x00,0x00,0x7f,0x00,0x00,0x7f,0x00,0x00,0x7f,0x00,
    0x00,0x7f,0x00,0x00,0x7f,0x00,0x00,0x7f,0x00,0x00,0x7f,0x00,0x00,0x7f,0x00,0x00,
    0x7f,0x00,0x00,0x7f,0x00,0x00,0x7f,0x00,0x00,0x7f,0x00,0x00,0x7f,0x00,0x00,0x7f,
    0x00,0x00,0x7f,0x00,0x00,0x7f,0x00,0x00,0x7f,0x00,0x00,0x7f,0x00,0x00,0x7f,0x00,
    0x00,0x7f,0x00,0x00,0x7f,0x00,0x00,0x7f,0x00,0x00,0x7f,0x00,0x00,0x7f,0x00,0x00,
    0x7f,0x00,0x00,0x7f,0x00,0x00,0x7f,0x00,0x00,0x7f,0x00,0x00,0x7f,0x00,0x00,0x7f,
    0x00,0x00,0x7f,0x00,0x00,0x7f,0x00,0x00,0x7f,0x00,0x00,0x7f,0x00,0x00,0x7f,0x00,
    0x00,0x7f,0x00,0x00,0x7f,0x00,0x00,0x7f,0x00,0x00,0x7f,0x00,0x00,0x7f,0x00,0x00,
    0x7f,0x00,0x00,0x7f,0x00,0x00,0x7f,0x00,0x00,0x7f,0x00,0x00,0x7f,0x00,0x00,0x7f,
    0x00,0x00,0x7f,0x00,0x00,0x7f,0x00,0x00,0x7f,0x00,0x00,0x7f,0x00,0x00,0x7f,0x00,
    0x00,0x7f,0x00,0x00,0x7f,0x00,0x00,0x7f,0x00,0x00,0x7f,0x00,0x00,0x7f,0x00,0x00,
    0x7f,0x00,0x00,0x7f,0x00,0x00,0x7f,0x00,0x00,0x7f,0x00,0x00,0x7f,0x00,0x00,0x7f,
    0x00,0x00,0x7f,0x00,0x00,0x7f,0x00,0x00,0x7f,0x00,0x00,0x7f,0x00,0x00,0x7f,0x00,
    0x00,0x7f,0x00,0x00,0x7f,0x00,0x00,0x7f,0x00,0x00,0x7f,0x00,0x00,0x7f,0x00,0x00,
    0x7f,0x00,0x00,0x7f,0x00,0x00,0x7f,0x00,0x00,0x7f,0x00,0x00,0x7f,0x00,0x00,0x7f,
    0x00,0x00,0x7f,0x00,0x00,0x7f,0x00,0x00,0x7f,0x00,0x00,0x7f,0x00,0x00,0x7f,0x00,
    0x00,0x7f,0x00,0x00,0x7f,0x00,0x00,0x7f,0x00,0x00,0x7f,0x00,0x00,0x7f,0x00,0x00,
    0x7f,0x00,0x00,0x7f,0x00,0x00,0x7f,0x00,0x00,0x7f,0x00,0x00,0x7f,0x00,0x00,0x7f,
    0x00,0x00,0x7f,0x00,0x00,0x7f,0x00,0x00,0x7f,0x00,0x00,0x7f,0x00,0x00,0x7f,0x00,
    0x00,0x7f,0x00,0x00,0x7f,0x00,0x00,0x7f,0x00,0x00,0x7f,0x00,0x00,0x7f,0x00,0x00,
    0x7f,0x00,0x00,0x7f,0x00,0x00,0x7f,0x00,0x00,0x7f,0x00,0x00,0x7f,0x00,0x00,0x7f,
    0x00,0x00,0x7f,0x00,0x00,0x7f,0x00,0x00,0x7f,0x00,0x00,0x7f,0x00,0x00,0x7f,0x00,
    0x00,0x7f,0x00,0x00,0x7f,0x00,0x00,0x7f,0x00,0x00,0x7f,0x00,0x00,0x7f,0x00,0x00,
    0x7f,0x00,0x00,0x7f,0x00,0x00,0x7f,0x00,0x00,0x7f,0x00,0x00,0x7f,0x00,0x00,0x7f,
    0x00,0x00,0x7f,0x00,0x00,0x7f,0x00,0x00,0x7f,0x00,0x00,0x7f,0x00,0x00,0x7f,0x00,
    0x00,0x7f,0x00,0x00,0x7f,0x00,0x00,0x7f,0x00,0x00,0x7f,0x00,0x00,0x7f,0x00,0x00,
    0x7f,0x00,0x00,0x7f,0x00,0x00,0x7f,0x00,0x00,0x7f,0x00,0x00,0x7f,0x00,0x00,0x7f,
    0x00,0x00,0x7f,0x00,0x00,0x7f,0x00,0x00,0x7f,0x00,0x00,0x7f,0x00,0x00,0x7f,0x00,
    0x00,0x7f,0x00,0x00,0x7f,0x00,0x00,0x7f,0x00,0x00,0x7f,0x00,0x00,0x7f,0x00,0x00,
    0x7f,0x00,0x00,0x7f,0x00,0x00,0x7f,0x00,0x00,0x7f,0x00,0x00,0x7f,0x00,0x00,0x7f,
    0x00,0x00,0x7f,0x00,0x00,0x7f,0x00,0x00,0x7f,0x00,0x00,0x7f,0x00,0x00,0x7f,0x00,
    0x00,0x7f,0x00,0x00,0x7f,0x00,0x00,0x7f,0x00,0x00,0x7f,0x00,0x00,0x7f,0x00,0x00,
    0x7f,0x00,0x00,0x7f,0x00,0x00,0x7f,0x00,0x00,0x7f,0x00,0x00,0x7f,0x00,0x00,0x7f,
    0x00,0x00,0x7f,0x00,0x00,0x7f,0x00,0x00,0x7f,0x00,0x00,0x7f,0x00,0x00,0x7f,0x00,
    0x00,0x7f,0x00,0x00,0x7f,0x00,0x00,0x7f,0x00,0x00,0x7f,0x00,0x00,0x7f,0x00,0x00,
    0x7f,0x00,0x00,0x7f,0x00,0x00,0x7f,0x00,0x00,0x7f,0x00,0x00,0x7f,0x00,0x00,0x7f,
    0x00,0x00,0x7f,0x00,0x00,0x7f,0x00,0x00,0x7f,0x00,0x00,0x7f,0x00,0x00,0x7f,0x00,
    0x00,0x7f,0x00,0x00,0x7f,0x00,0x00,0x7f,0x00,0x00,0x7f,0x00,0x00,0x7f,0x00,0x00,
    0x7f,0x00,0x00,0x7f,0x00,0x00,0x7f,0x00,0x00,0x7f,0x00,0x00,0x7f,0x00,0x00,0x7f,
    0x00,0x00,0x7f,0x00,0x00,0x7f,0x00,0x00,0x7f,0x00,0x00,0x7f,0x00,0x00,0x7f,0x00,
    0x00,0x7f,0x00,0x00,0x7f,0x00,0x00,0x7f,0x00,0x00,0x7f,0x00,0x00,0x7f,0x00,0x00,
    0x7f,0x00,0x00,0x7f,0x00,0x00,0x7f,0x00,0x00,0x7f,0x00,0x00,0x7f,0x00,0x00,0x7f,
    0x00,0x00,0x7f,0x00,0x00,0x7f,0x00,0x00,0x7f,0x00,0x00,0x7f,0x00,0x00,0x7f,0x00,
    0x00,0x7f,0x00,0x00,0x7f,0x00,0x00,0x7f,0x00,0x00,0x7f,0x00,0x00,0x7f,0x00,0x00,
    0x7f,0x00,0x00,0x7f,0x00,0x00,0x7f,0x00,0x00,0x7f,0x00,0x00,0x7f,0x00,0x00,0x7f,
    0x00,0x00,0x7f,0x00,0x00,0x7f,0x00,0x00,0x7f,0x00,0x00,0x7f,0x00,0x00,0x7f,0x00,
    0x00,0x7f,0x00,0x00,0x7f,0x00,0x00,0x7f,0x00,0x00,0x7f,0x00,0x00,0x7f,0x00,0x00,
    0x7f,0x00,0x00,0x7f,0x00,0x00,0x7f,0x00,0x00,0x7f,0x00,0x00,0x7f,0x00,0x00,0x7f,
    0x00,0x00,0x7f,0x00,0x00,0x7f,0x00,0x00,0x7f,0x00,0x00,0x7f,0x00,0x00,0x7f,0x00,
    0x00,0x7f,0x00,0x00,0x7f,0x00,0x00,0x7f,0x00,0x00,0x7f,0x00,0x00,0x7f,0x00,0x00,
    0x7f,0x00,0x00,0x7f,0x00,0x00,0x7f,0x00,0x00,0x7f,0x00,0x00,0x7f,0x00,0x00,0x7f,
    0x00,0x00,0x7f,0x00,0x00,0x7f,0x00,0x00,0x7f,0x00,0x00,0x7f,0x00,0x00,0x7f,0x00,
    0x00,0x7f,0x00,0x00,0x7f,0x00,0x00,0x7f,0x00,0x00,0x7f,0x00,0x00,0x7f,0x00,0x00,
    0x7f,0x00,0x00,0x7f,0x00,0x00,0x7f,0x00,0x00,0x7f,0x00,0x00,0x7f,0x00,0x00,0x7f,
    0x00,0x00,0x7f,0x00,0x00,0x7f,0x00,0x00,0x7f,0x00,0x00,0x7f,0x00,0x00,0x7f,0x00,
    0x00,0x7f,0x00,0x00,0x7f,0x00,0x00,0x7f,0x00,0x00,0x7f,0x00,0x00,0x7f,0x00,0x00,
    0x7f,0x00,0x00,0x7f,0x00,0x00,0x7f,0x00,0x00,0x7f,0x00,0x00,0x7f,0x00,0x00,0x7f,
    0x00,0x00,0x7f,0x00,0x00,0x7f,0x00,0x00,0x7f,0x00,0x00,0x7f,0x00,0x00,0x7f,0x00,
    0x00,0x7f,0x00,0x00,0x7f,0x00,0x00,0x7f,0x00,0x00,0x7f,0x00,0x00,0x7f,0x00,0x00,
    0x7f,0x00,0x00,0x7f,0x00,0x00,0x7f,0x00,0x00,0x7f,0x00,0x00,0x7f,0x00,0x00,0x7f,
    0x00,0x00,0x7f,0x00,0x00,0x7f,0x00,0x00,0x7f,0x00,0x00,0x7f,0x00,0x00,0x7f,0x00,
    0x00,0x7f,0x00,0x00,0x7f,0x00,0x00,0x7f,0x00,0x00,0x7f,0x00,0x00,0x7f,0x00,0x00,
    0x7f,0x00,0x00,0x7f,0x00,0x00,0x7f,0x00,0x00,0x7f,0x00,0x00,0x7f,0x00,0x00,0x7f,
    0x00,0x00,0x7f,0x00,0x00,0x7f,0x00,0x00,0x7f,0x00,0x00,0x7f,0x00,0x00,0x7f,0x00,
    0x00,0x7f,0x00,0x00,0x7f,0x00,0x00,0x7f,0x00,0x00,0x7f,0x00,0x00,0x7f,0x00,0x00,
    0x7f,0x00,0x00,0x7f,0x00,0x00,0x7f,0x00,0x00,0x7f,0x00,0x00,0x7f,0x00,0x00,0x7f,
    0x00,0x00,0x7f,0x00,0x00,0x7f,0x00,0x00,0x7f,0x00,0x00,0x7f,0x00,0x00,0x7f,0x00,
    0x00,0x7f,0x00,0x00,0x7f,0x00,0x00,0x7f,0x00,0x00,0x7f,0x00,0x00,0x7f,0x00,0x00,
    0x7f,0x00,0x00,0x7f,0x00,0x00,0x7f,0x00,0x00,0x7f,0x00,0x00,0x7f,0x00,0x00,0x7f,
    0x00,0x00,0x7f,0x00,0x00,0x7f,0x00,0x00,0x7f,0x00,0x00,0x7f,0x00,0x00,0x7f,0x00,
    0x00,0x7f,0x00,0x00,0x7f,0x00,0x00,0x7f,0x00,0x00,0x7f,0x00,0x00,0x7f,0x00,0x00,
    0x7f,0x00,0x00,0x7f,0x00,0x00,0x7f,0x00,0x00,0x7f,0x00,0x00,0x7f,0x00,0x00,0x7f,
    0x00,0x00,0x7f,0x00,0x00,0x7f,0x00,0x00,0x7f,0x00,0x00,0x7f,0x00,0x00,0x7f,0x00,
    0x00,0x7f,0x00,0x00,0x7f,0x00,0x00,0x7f,0x00,0x00,0x7f,0x00,0x00,0x7f,0x00,0x00,
    0x7f,0x00,0x00,0x7f,0x00,0x00,0x7f,0x00,0x00,0x7f,0x00,0x00,0x7f,0x00,0x00,0x7f,
    0x00,0x00,0x7f,0x00,0x00,0x7f,0x00,0x00,0x7f,0x00,0x00,0x7f,0x00,0x00,0x7f,0x00,
    0x00,0x7f,0x00,0x00,0x7f,0x00,0x00,0x7f,0x00,0x00,0x7f,0x00,0x00,0x7f,0x00,0x00,
    0x7f,0x00,0x00,0x7f,0x00,0x00,0x7f,0x00,0x00,0x7f,0x00,0x00,0x7f,0x00,0x00,0x7f,
    0x00,0x00,0x7f,0x00,0x00,0x7f,0x00,0x00,0x7f,0x00,0x00,0x7f,0x00,0x00,0x7f,0x00,
    0x00,0x7f,0x00,0x00,0x7f,0x00,0x00,0x7f,0x00,0x00,0x7f,0x00,0x00,0x7f,0x00,0x00,
    0x7f,0x00,0x00,0x7f,0x00,0x00,0x7f,0x00,0x00,0x7f,0x00,0x00,0x7f,0x00,0x00,0x7f,
    0x00,0x00,0x7f,0x00,0x00,0x7f,0x00,0x00,0x7f,0x00,0x00,0x7f,0x00,0x00,0x7f,0x00,
    0x00,0x7f,0x00,0x00,0x7f,0x00,0x00,0x7f,0x00,0x00,0x7f,0x00,0x00,0x7f,0x00,0x00,
    0x7f,0x00,0x00,0x7f,0x00,0x00,0x7f,0x00,0x00,0x7f,0x00,0x00,0x7f,0x00,0x00,0x7f,
    0x00,0x00,0x7f,0x00,0x00,0x7f,0x00,0x00,0x7f,0x00,0x00,0x7f,0x00,0x00,0x7f,0x00,
    0x00,0x7f,0x00,0x00,0x7f,0x00,0x00,0x7f,0x00,0x00,0x7f,0x00,0x00,0x7f,0x00,0x00,
    0x7f,0x00,0x00,0x7f,0x00,0x00,0x7f,0x00,0x00,0x7f,0x00,0x00,0x7f,0x00,0x00,0x7f,
    0x00,0x00,0x7f,0x00,0x00,0x7f,0x00,0x00,0x7f,0x00,0x00,0x7f,0x00,0x00,0x7f,0x00,
    0x00,0x7f,0x00,0x00,0x7f,0x00,0x00,0x7f,0x00,0x00,0x7f,0x00,0x00,0x7f,0x00,0x00,
    0x7f,0x00,0x00,0x7f,0x00,0x00,0x7f,0x00,0x00,0x7f,0x00,0x00,0x7f,0x00,0x00,0x7f,
    0x00,0x00,0x7f,0x00,0x00,0x7f,0x00,0x00,0x7f,0x00,0x00,0x7f,0x00,0x00,0x7f,0x00,
    0x00,0x7f,0x00,0x00,0x7f,0x00,0x00,0x7f,0x00,0x00,0x7f,0x00,0x00,0x7f,0x00,0x00,
    0x7f,0x00,0x00,0x7f,0x00,0x00,0x7f,0x00,0x00,0x7f,0x00,0x00,0x7f,0x00,0x00,0x7f,
    0x00,0x00,0x7f,0x00,0x00,0x7f,0x00,0x00,0x7f,0x00,0x00,0x7f,0x00,0x00,0x7f,0x00,
    0x00,0x7f,0x00,0x00,0x7f,0x00,0x00,0x7f,0x00,0x00,0x7f,0x00,0x00,0x7f,0x00,0x00,
    0x7f,0x00,0x00,0x7f,0x00,0x00,0x7f,0x00,0x00,0x7f,0x00,0x00,0x7f,0x00,0x00,0x7f,
    0x00,0x00,0x7f,0x00,0x00,0x7f,0x00,0x00,0x7f,0x00,0x00,0x7f,0x00,0x00,0x7f,0x00,
    0x00,0x7f,0x00,0x00,0x7f,0x00,0x00,0x7f,0x00,0x00,0x7f,0x00,0x00,0x7f,0x00,0x00,
    0x7f,0x00,0x00,0x7f,0x00,0x00,0x7f,0x00,0x00,0x7f,0x00,0x00,0x7f,0x00,0x00,0x7f,
    0x00,0x00,0x7f,0x00,0x00,0x7f,0x00,0x00,0x7f,0x00,0x00,0x7f,0x00,0x00,0x7f,0x00,
    0x00,0x7f,0x00,0x00,0x7f,0x00,0x00,0x7f,0x00,0x00,0x7f,0x00,0x00,0x7f,0x00,0x00,
    0x7f,0x00,0x00,0x7f,0x00,0x00,0x7f,0x00,0x00,0x7f,0x00,0x00,0x7f,0x00,0x00,0x7f,
    0x00,0x00,0x7f,0x00,0x00,0x7f,0x00,0x00,0x7f,0x00,0x00,0x7f,0x00,0x00,0x7f,0x00,
    0x00,0x7f,0x00,0x00,0x7f,0x00,0x00,0x7f,0x00,0x00,0x7f,0x00,0x00,0x7f,0x00,0x00,
    0x7f,0x00,0x00,0x7f,0x00,0x00,0x7f,0x00,0x00,0x7f,0x00,0x00,0x7f,0x00,0x00,0x7f,
    0x00,0x00,0x7f,0x00,0x00,0x7f,0x00,0x00,0x7f,0x00,0x00,0x7f,0x00,0x00,0x7f,0x00,
    0x00,0x7f,0x00,0x00,0x7f,0x00,0x00,0x7f,0x00,0x00,0x7f,0x00,0x00,0x7f,0x00,0x00,
    0x7f,0x00,0x00,0x7f,0x00,0x00,0x7f,0x00,0x00,0x7f,0x00,0x00,0x7f,0x00,0x00,0x7f,
    0x00,0x00,0x7f,0x00,0x00,0x7f,0x00,0x00,0x7f,0x00,0x00,0x7f,0x00,0x00,0x7f,0x00,
    0x00,0x7f,0x00,0x00,0x7f,0x00,0x00,0x7f,0x00,0x00,0x7f,0x00,0x00,0x7f,0x00,0x00,
    0x7f,0x00,0x00,0x7f,0x00,0x00,0x7f,0x00,0x00,0x7f,0x00,0x00,0x7f,0x00,0x00,0x7f,
    0x00,0x00,0x7f,0x00,0x00,0x7f,0x00,0x00,0x7f,0x00,0x00,0x7f,0x00,0x00,0x7f,0x00,
    0x00,0x7f,0x00,0x00,0x7f,0x00,0x00,0x7f,0x00,0x00,0x7f,0x00,0x00,0x7f,0x00,0x00,
    0x7f,0x00,0x00,0x7f,0x00,0x00,0x7f,0x00,0x00,0x7f,0x00,0x00,0x7f,0x00,0x00,0x7f,
    0x00,0x00,0x7f,0x00,0x00,0x7f,0x00,0x00,0x7f,0x00,0x00,0x7f,0x00,0x00,0x7f,0x00,
    0x00,0x7f,0x00,0x00,0x7f,0x00,0x00,0x7f,0x00,0x00,0x7f,0x00,0x00,0x7f,0x00,0x00,
    0x7f,0x00,0x00,0x7f,0x00,0x00,0x7f,0x00,0x00,0x7f,0x00,0x00,0x7f,0x00,0x00,0x7f,
    0x00,0x00,0x7f,0x00,0x00,0x7f,0x00,0x00,0x7f,0x00,0x00,0x7f,0x00,0x00,0x7f,0x00,
    0x00,0x7f,0x00,0x00,0x7f,0x00,0x00,0x7f,0x00,0x00,0x7f,0x00,0x00,0x7f,0x00,0x00,
    0x7f,0x00,0x00,0x7f,0x00,0x00,0x7f,0x00,0x00,0x7f,0x00,0x00,0x7f,0x00,0x00,0x7f,
    0x00,0x00,0x7f,0x00,0x00,0x7f,0x00,0x00,0x7f,0x00,0x00,0x7f,0x00,0x00,0x7f,0x00,
    0x00,0x7f,0x00,0x00,0x7f,0x00,0x00,0x7f,0x00,0x00,0x7f,0x00,0x00,0x7f,0x00,0x00,
    0x7f,0x00,0x00,0x7f,0x00,0x00,0x7f,0x00,0x00,0x7f,0x00,0x00,0x7f,0x00,0x00,0x7f,
    0x00,0x00,0x7f,0x00,0x00,0x7f,0x00,0x00,0x7f,0x00,0x00,0x7f,0x00,0x00,0x7f,0x00,
    0x00,0x7f,0x00,0x00,0x7f,0x00,0x00,0x7f,0x00,0x00,0x7f,0x00,0x00,0x7f,0x00,0x00,
    0x7f,0x00,0x00,0x7f,0x00,0x00,0x7f,0x00,0x00,0x7f,0x00,0x00,0x7f,0x00,0x00,0x7f,
    0x00,0x00,0x7f,0x00,0x00,0x7f,0x00,0x00,0x7f,0x00,0x00,0x7f,0x00,0x00,0x7f,0x00,
    0x00,0x7f,0x00,0x00,0x7f,0x00,0x00,0x7f,0x00,0x00,0x7f,0x00,0x00,0x7f,0x00,0x00,
    0x7f,0x00,0x00,0x7f,0x00,0x00,0x7f,0x00,0x00,0x7f,0x00,0x00,0x7f,0x00,0x00,0x7f,
    0x00,0x00,0x7f,0x00,0x00,0x7f,0x00,0x00,0x7f,0x00,0x00,0x7f,0x00,0x00,0x7f,0x00,
    0x00,0x7f,0x00,0x00,0x7f,0x00,0x00,0x7f,0x00,0x00,0x7f,0x00,0x00,0x7f,0x00,0x00,
    0x7f,0x00,0x00,0x7f,0x00,0x00,0x7f,0x00,0x00,0x7f,0x00,0x00,0x7f,0x00,0x00,0x7f,
    0x00,0x00,0x7f,0x00,0x00,0x7f,0x00,0x00,0x7f,0x00,0x00,0x7f,0x00,0x00,0x7f,0x00,
    0x00,0x7f,0x00,0x00,0x7f,0x00,0x00,0x7f,0x00,0x00,0x7f,0x00,0x00,0x7f,0x00,0x00,
    0x7f,0x00,0x00,0x7f,0x00,0x00,0x7f,0x00,0x00,0x7f,0x00,0x00,0x7f,0x00,0x00,0x7f,
    0x00,0x00,0x7f,0x00,0x00,0x7f,0x00,0x00,0x7f,0x00,0x00,0x7f,0x00,0x00,0x7f,0x00,
    0x00,0x7f,0x00,0x00,0x7f,0x00,0x00,0x7f,0x00,0x00,0x7f,0x00,0x00,0x7f,0x00,0x00,
    0x7f,0x00,0x00,0x7f,0x00,0x00,0x7f,0x00,0x00,0x7f,0x00,0x00,0x7f,0x00,0x00,0x7f,
    0x00,0x00,0x7f,0x00,0x00,0x7f,0x00,0x00,0x7f,0x00,0x00,0x7f,0x00,0x00,0x7f,0x00,
    0x00,0x7f,0x00,0x00,0x7f,0x00,0x00,0x7f,0x00,0x00,0x7f,0x00,0x00,0x7f,0x00,0x00,
    0x7f,0x00,0x00,0x7f,0x00,0x00,0x7f,0x00,0x00,0x7f,0x00,0x00,0x7f,0x00,0x00,0x7f,
    0x00,0x00,0x7f,0x00,0x00,0x7f,0x00,0x00,0x7f,0x00,0x00,0x7f,0x00,0x00,0x7f,0x00,
    0x00,0x7f,0x00,0x00,0x7f,0x00,0x00,0x7f,0x00,0x00,0x7f,0x00,0x00,0x7f,0x00,0x00,
    0x7f,0x00,0x00,0x7f,0x00,0x00,0x7f,0x00,0x00,0x7f,0x00,0x00,0x7f,0x00,0x00,0x7f,
    0x00,0x00,0x7f,0x00,0x00,0x7f,0x00,0x00,0x7f,0x00,0x00,0x7f,0x00,0x00,0x7f,0x00,
    0x00,0x7f,0x00,0x00,0x7f,0x00,0x00,0x7f,0x00,0x00,0x7f,0x00,0x00,0x7f,0x00,0x00,
    0x7f,0x00,0x00,0x7f,0x00,0x00,0x7f,0x00,0x00,0x7f,0x00,0x00,0x7f,0x00,0x00,0x7f,
    0x00,0x00,0x7f,0x00,0x00,0x7f,0x00,0x00,0x7f,0x00,0x00,0x7f,0x00,0x00,0x7f,0x00,
    0x00,0x7f,0x00,0x00,0x7f,0x00,0x00,0x7f,0x00,0x00,0x7f,0x00,0x00,0x7f,0x00,0x00,
    0x7f,0x00,0x00,0x7f,0x00,0x00,0x7f,0x00,0x00,0x7f,0x00,0x00,0x7f,0x00,0x00,0x7f,
    0x00,0x00,0x7f,0x00,0x00,0x7f,0x00,0x00,0x7f,0x00,0x00,0x7f,0x00,0x00,0x7f,0x00,
    0x00,0x7f,0x00,0x00,0x7f,0x00,0x00,0x7f,0x00,0x00,0x7f,0x00,0x00,0x7f,0x00,0x00,
    0x7f,0x00,0x00,0x7f,0x00,0x00,0x7f,0x00,0x00,0x7f,0x00,0x00,0x7f,0x00,0x00,0x7f,
    0x00,0x00,0x7f,0x00,0x00,0x7f,0x00,0x00,0x7f,0x00,0x00,0x7f,0x00,0x00,0x7f,0x00,
    0x00,0x7f,0x00,0x00,0x7f,0x00,0x00,0x7f,0x00,0x00,0x7f,0x00,0x00,0x7f,0x00,0x00,
    0x7f,0x00,0x00,0x7f,0x00,0x00,0x7f,0x00,0x00,0x7f,0x00,0x00,0x7f,0x00,0x00,0x7f,
    0x00,0x00,0x7f,0x00,0x00,0x7f,0x00,0x00,0x7f,0x00,0x00,0x7f,0x00,0x00,0x7f,0x00,
    0x00,0x7f,0x00,0x00,0x7f,0x00,0x00,0x7f,0x00,0x00,0x7f,0x00,0x00,0x7f,0x00,0x00,
    0x7f,0x00,0x00,0x7f,0x00,0x00,0x7f,0x00,0x00,0x7f,0x00,0x00,0x7f,0x00,0x00,0x7f,
    0x00,0x00,0x7f,0x00,0x00,0x7f,0x00,0x00,0x7f,0x00,0x00,0x7f,0x00,0x00,0x7f,0x00,
    0x00,0x7f,0x00,0x00,0x7f,0x00,0x00,0x7f,0x00,0x00,0x7f,0x00,0x00,0x7f,0x00,0x00,
    0x7f,0x00,0x00,0x7f,0x00,0x00,0x7f,0x00,0x00,0x7f,0x00,0x00,0x7f,0x00,0x00,0x7f,
    0x00,0x00,0x7f,0x00,0x00,0x7f,0x00,0x00,0x7f,0x00,0x00,0x7f,0x00,0x00,0x7f,0x00,
    0x00,0x7f,0x00,0x00,0x7f,0x00,0x00,0x7f,0x00,0x00,0x7f,0x00,0x00,0x7f,0x00,0x00,
    0x7f,0x00,0x00,0x7f,0x00,0x00,0x7f,0x00,0x00,0x7f,0x00,0x00,0x7f,0x00,0x00,0x7f,
    0x00,0x00,0x7f,0x00,0x00,0x7f,0x00,0x00,0x7f,0x00,0x00,0x7f,0x00,0x00,0x7f,0x00,
    0x00,0x7f,0x00,0x00,0x7f,0x00,0x00,0x7f,0x00,0x00,0x7f,0x00,0x00,0x7f,0x00,0x00,
    0x7f,0x00,0x00,0x7f,0x00,0x00,0x7f,0x00,0x00,0x7f,0x00,0x00,0x7f,0x00,0x00,0x7f,
    0x00,0x00,0x7f,0x00,0x00,0x7f,0x00,0x00,0x7f,0x00,0x00,0x7f,0x00,0x00,0x7f,0x00,
    0x00,0x7f,0x00,0x00,0x7f,0x00,0x00,0x7f,0x00,0x00,0x7f,0x00,0x00,0x7f,0x00,0x00,
    0x7f,0x00,0x00,0x7f,0x00,0x00,0x7f,0x00,0x00,0x7f,0x00,0x00,0x7f,0x00,0x00,0x7f,
    0x00,0x00,0x7f,0x00,0x00,0x7f,0x00,0x00,0x7f,0x00,0x00,0x7f,0x00,0x00,0x7f,0x00,
    0x00,0x7f,0x00,0x00,0x7f,0x00,0x00,0x7f,0x00,0x00,0x7f,0x00,0x00,0x7f,0x00,0x00,
    0x7f,0x00,0x00,0x7f,0x00,0x00,0x7f,0x00,0x00,0x7f,0x00,0x00,0x7f,0x00,0x00,0x7f,
    0x00,0x00,0x7f,0x00,0x00,0x7f,0x00,0x00,0x7f,0x00,0x00,0x7f,0x00,0x00,0x7f,0x00,
    0x00,0x7f,0x00,0x00,0x7f,0x00,0x00,0x7f,0x00,0x00,0x7f,0x00,0x00,0x7f,0x00,0x00,
    0x7f,0x00,0x00,0x7f,0x00,0x00,0x7f,0x00,0x00,0x7f,0x00,0x00,0x7f,0x00,0x00,0x7f,
    0x00,0x00,0x7f,0x00,0x00,0x7f,0x00,0x00,0x7f,0x00,0x00,0x7f,0x00,0x00,0x7f,0x00,
    0x00,0x7f,0x00,0x00,0x7f,0x00,0x00,0x7f,0x00,0x00,0x7f,0x00,0x00,0x7f,0x00,0x00,
    0x7f,0x00,0x00,0x7f,0x00,0x00,0x7f,0x00,0x00,0x7f,0x00,0x00,0x7f,0x00,0x00,0x7f,
    0x00,0x00,0x7f,0x00,0x00,0x7f,0x00,0x00,0x7f,0x00,0x00,0x7f,0x00,0x00,0x7f,0x00,
    0x00,0x7f,0x00,0x00,0x7f,0x00,0x00,0x7f,0x00,0x00,0x7f,0x00,0x00,0x7f,0x00,0x00,
    0x7f,0x00,0x00,0x7f,0x00,0x00,0x7f,0x00,0x00,0x7f,0x00,0x00,0x7f,0x00,0x00,0x7f,
    0x00,0x00,0x7f,0x00,0x00,0x7f,0x00,0x00,0x7f,0x00,0x00,0x7f,0x00,0x00,0x7f,0x00,
    0x00,0x7f,0x00,0x00,0x7f,0x00,0x00,0x7f,0x00,0x00,0x7f,0x00,0x00,0x7f,0x00,0x00,
    0x7f,0x00,0x00,0x7f,0x00,0x00,0x7f,0x00,0x00,0x7f,0x00,0x00,0x7f,0x00,0x00,0x7f,
    0x00,0x00,0x7f,0x00,0x00,0x7f,0x00,0x00,0x7f,0x00,0x00,0x7f,0x00,0x00,0x7f,0x00,
    0x00,0x7f,0x00,0x00,0x7f,0x00,0x00,0x7f,0x00,0x00,0x7f,0x00,0x00,0x7f,0x00,0x00,
    0x7f,0x00,0x00,0x7f,0x00,0x00,0x7f,0x00,0x00,0x7f,0x00,0x00,0x7f,0x00,0x00,0x7f,
    0x00,0x00,0x7f,0x00,0x00,0x7f,0x00,0x00,0x7f,0x00,0x00,0x7f,0x00,0x00,0x7f,0x00,
    0x00,0x7f,0x00,0x00,0x7f,0x00,0x00,0x7f,0x00,0x00,0x7f,0x00,0x00,0x7f,0x00,0x00,
    0x7f,0x00,0x00,0x7f,0x00,0x00,0x7f,0x00,0x00,0x7f,0x00,0x00,0x7f,0x00,0x00,0x7f,
    0x00,0x00,0x7f,0x00,0x00,0x7f,0x00,0x00,0x7f,0x00,0x00,0x7f,0x00,0x00,0x7f,0x00,
    0x00,0x7f,0x00,0x00,0x7f,0x00,0x00,0x7f,0x00,0x00,0x7f,0x00,0x00,0x7f,0x00,0x00,
    0x7f,0x00,0x00,0x7f,0x00,0x00,0x7f,0x00,0x00,0x7f,0x00,0x00,0x7f,0x00,0x00,0x7f,
    0x00,0x00,0x7f,0x00,0x00,0x7f,0x00,0x00,0x7f,0x00,0x00,0x7f,0x00,0x00,0x7f,0x00,
    0x00,0x7f,0x00,0x00,0x7f,0x00,0x00,0x7f,0x00,0x00,0x7f,0x00,0x00,0x7f,0x00,0x00,
    0x7f,0x00,0x00,0x7f,0x00,0x00,0x7f,0x00,0x00,0x7f,0x00,0x00,0x7f,0x00,0x00,0x7f,
    0x00,0x00,0x7f,0x00,0x00,0x7f,0x00,0x00,0x7f,0x00,0x00,0x7f,0x00,0x00,0x7f,0x00,
    0x00,0x7f,0x00,0x00,0x7f,0x00,0x00,0x7f,0x00,0x00,0x7f,0x00,0x00,0x7f,0x00,0x00,
    0x7f,0x00,0x00,0x7f,0x00,0x00,0x7f,0x00,0x00,0x7f,0x00,0x00,0x7f,0x00,0x00,0x7f,
    0x00,0x00,0x7f,0x00,0x00,0x7f,0x00,0x00,0x7f,0x00,0x00,0x7f,0x00,0x00,0x7f,0x00,
    0x00,0x7f,0x00,0x00,0x7f,0x00,0x00,0x7f,0x00,0x00,0x7f,0x00,0x00,0x7f,0x00,0x00,
    0x7f,0x00,0x00,0x7f,0x00,0x00,0x7f,0x00,0x00,0x7f,0x00,0x00,0x7f,0x00,0x00,0x7f,
    0x00,0x00,0x7f,0x00,0x00,0x7f,0x00,0x00,0x7f,0x00,0x00,0x7f,0x00,0x00,0x7f,0x00,
    0x00,0x7f,0x00,0x00,0x7f,0x00,0x00,0x7f,0x00,0x00,0x7f,0x00,0x00,0x7f,0x00,0x00,
    0x7f,0x00,0x00,0x7f,0x00,0x00,0x7f,0x00,0x00,0x7f,0x00,0x00,0x7f,0x00,0x00,0x7f,
    0x00,0x00,0x7f,0x00,0x00,0x7f,0x00,0x00,0x7f,0x00,0x00,0x7f,0x00,0x00,0x7f,0x00,
    0x00,0x7f,0x00,0x00,0x7f,0x00,0x00,0x7f,0x00,0x00,0x7f,0x00,0x00,0x7f,0x00,0x00,
    0x7f,0x00,0x00,0x7f,0x00,0x00,0x7f,0x00,0x00,0x7f,0x00,0x00,0x7f,0x00,0x00,0x7f,
    0x00,0x00,0x7f,0x00,0x00,0x7f,0x00,0x00,0x7f,0x00,0x00,0x7f,0x00,0x00,0x7f,0x00,
    0x00,0x7f,0x00,0x00,0x7f,0x00,0x00,0x7f,0x00,0x00,0x7f,0x00,0x00,0x7f,0x00,0x00,
    0x7f,0x00,0x00,0x7f,0x00,0x00,0x7f,0x00,0x00,0x7f,0x00,0x00,0x7f,0x00,0x00,0x7f,
    0x00,0x00,0x7f,0x00,0x00,0x7f,0x00,0x00,0x7f,0x00,0x00,0x7f,0x00,0x00,0x7f,0x00,
    0x00,0x7f,0x00,0x00,0x7f,0x00,0x00,0x7f,0x00,0x00,0x7f,0x00,0x00,0x7f,0x00,0x00,
    0x7f,0x00,0x00,0x7f,0x00,0x00,0x7f,0x00,0x00,0x7f,0x00,0x00,0x7f,0x00,0x00,0x7f,
    0x00,0x00,0x7f,0x00,0x00,0x7f,0x00,0x00,0x7f,0x00,0x00,0x7f,0x00,0x00,0x7f,0x00,
    0x00,0x7f,0x00,0x00,0x7f,0x00,0x00,0x7f,0x00,0x00,0x7f,0x00,0x00,0x7f,0x00,0x00,
    0x7f,0x00,0x00,0x7f,0x00,0x00,0x7f,0x00,0x00,0x7f,0x00,0x00,0x7f,0x00,0x00,0x7f,
    0x00,0x00,0x7f,0x00,0x00,0x7f,0x00,0x00,0x7f,0x00,0x00,0x7f,0x00,0x00,0x7f,0x00,
    0x00,0x7f,0x00,0x00,0x7f,0x00,0x00,0x7f,0x00,0x00,0x7f,0x00,0x00,0x7f,0x00,0x00,
    0x7f,0x00,0x00,0x7f,0x00,0x00,0x7f,0x00,0x00,0x7f,0x00,0x00,0x7f,0x00,0x00,0x7f,
    0x00,0x00,0x7f,0x00,0x00,0x7f,0x00,0x00,0x7f,0x00,0x00,0x7f,0x00,0x00,0x7f,0x00,
    0x00,0x7f,0x00,0x00,0x7f,0x00,0x00,0x7f,0x00,0x00,0x7f,0x00,0x00,0x7f,0x00,0x00,
    0x7f,0x00,0x00,0x7f,0x00,0x00,0x7f,0x00,0x00,0x7f,0x00,0x00,0x7f,0x00,0x00,0x7f,
    0x00,0x00,0x7f,0x00,0x00,0x7f,0x00,0x00,0x7f,0x00,0x00,0x7f,0x00,0x00,0x7f,0x00,
    0x00,0x7f,0x00,0x00,0x7f,0x00,0x00,0x7f,0x00,0x00,0x7f,0x00,0x00,0x7f,0x00,0x00,
    0x7f,0x00,0x00,0x7f,0x00,0x00,0x7f,0x00,0x00,0x7f,0x00,0x00,0x7f,0x00,0x00,0x7f,
    0x00,0x00,0x7f,0x00,0x00,0x7f,0x00,0x00,0x7f,0x00,0x00,0x7f,0x00,0x00,0x7f,0x00,
    0x00,0x7f,0x00,0x00,0x7f,0x00,0x00,0x7f,0x00,0x00,0x7f,0x00,0x00,0x7f,0x00,0x00,
    0x7f,0x00,0x00,0x7f,0x00,0x00,0x7f,0x00,0x00,0x7f,0x00,0x00,0x7f,0x00,0x00,0x7f,
    0x00,0x00,0x7f,0x00,0x00,0x7f,0x00,0x00,0x7f,0x00,0x00,0x7f,0x00,0x00,0x7f,0x00,
    0x00,0x7f,0x00,0x00,0x7f,0x00,0x00,0x7f,0x00,0x00,0x7f,0x00,0x00,0x7f,0x00,0x00,
    0x7f,0x00,0x00,0x7f,0x00,0x00,0x7f,0x00,0x00,0x7f,0x00,0x00,0x7f,0x00,0x00,0x7f,
    0x00,0x00,0x7f,0x00,0x00,0x7f,0x00,0x00,0x7f,0x00,0x00,0x7f,0x00,0x00,0x7f,0x00,
    0x00,0x7f,0x00,0x00,0x7f,0x00,0x00,0x7f,0x00,0x00,0x7f,0x00,0x00,0x7f,0x00,0x00,
    0x7f,0x00,0x00,0x7f,0x00,0x00,0x7f,0x00,0x00,0x7f,0x00,0x00,0x7f,0x00,0x00,0x7f,
    0x00,0x00,0x7f,0x00,0x00,0x7f,0x00,0x00,0x7f,0x00,0x00,0x7f,0x00,0x00,0x7f,0x00,
    0x00,0x7f,0x00,0x00,0x7f,0x00,0x00,0x7f,0x00,0x00,0x7f,0x00,0x00,0x7f,0x00,0x00,
    0x7f,0x00,0x00,0x7f,0x00,0x00,0x7f,0x00,0x00,0x7f,0x00,0x00,0x7f,0x00,0x00,0x7f,
    0x00,0x00,0x7f,0x00,0x00,0x7f,0x00,0x00,0x7f,0x00,0x00,0x7f,0x00,0x00,0x7f,0x00,
    0x00,0x7f,0x00,0x00,0x7f,0x00,0x00,0x7f,0x00,0x00,0x7f,0x00,0x00,0x7f,0x00,0x00,
    0x7f,0x00,0x00,0x7f,0x00,0x00,0x7f,0x00,0x00,0x7f,0x00,0x00,0x7f,0x00,0x00,0x7f,
    0x00,0x00,0x7f,0x00,0x00,0x7f,0x00,0x00,0x7f,0x00,0x00,0x7f,0x00,0x00,0x7f,0x00,
    0x00,0x7f,0x00,0x00,0x7f,0x00,0x00,0x7f,0x00,0x00,0x7f,0x00,0x00,0x7f,0x00,0x00,
    0x7f,0x00,0x00,0x7f,0x00,0x00,0x7f,0x00,0x00,0x7f,0x00,0x00,0x7f,0x00,0x00,0x7f,
    0x00,0x00,0x7f,0x00,0x00,0x7f,0x00,0x00,0x7f,0x00,0x00,0x7f,0x00,0x00,0x7f,0x00,
    0x00,0x7f,0x00,0x00,0x7f,0x00,0x00,0x7f,0x00,0x00,0x7f,0x00,0x00,0x7f,0x00,0x00,
    0x7f,0x00,0x00,0x7f,0x00,0x00,0x7f,0x00,0x00,0x7f,0x00,0x00,0x7f,0x00,0x00,0x7f,
    0x00,0x00,0x7f,0x00,0x00,0x7f,0x00,0x00,0x7f,0x00,0x00,0x7f,0x00,0x00,0x7f,0x00,
    0x00,0x7f,0x00,0x00,0x7f,0x00,0x00,0x7f,0x00,0x00,0x7f,0x00,0x00,0x7f,0x00,0x00,
    0x7f,0x00,0x00,0x7f,0x00,0x00,0x7f,0x00,0x00,0x7f,0x00,0x00,0x7f,0x00,0x00,0x7f,
    0x00,0x00,0x7f,0x00,0x00,0x7f,0x00,0x00,0x7f,0x00,0x00,0x7f,0x00,0x00,0x7f,0x00,
    0x00,0x7f,0x00,0x00,0x7f,0x00,0x00,0x7f,0x00,0x00,0x7f,0x00,0x00,0x7f,0x00,0x00,
    0x7f,0x00,0x00,0x7f,0x00,0x00,0x7f,0x00,0x00,0x7f,0x00,0x00,0x7f,0x00,0x00,0x7f,
    0x00,0x00,0x7f,0x00,0x00,0x7f,0x00,0x00,0x7f,0x00,0x00,0x7f,0x00,0x00,0x7f,0x00,
    0x00,0x7f,0x00,0x00,0x7f,0x00,0x00,0x7f,0x00,0x00,0x7f,0x00,0x00,0x7f,0x00,0x00,
    0x7f,0x00,0x00,0x7f,0x00,0x00,0x7f,0x00,0x00,0x7f,0x00,0x00,0x7f,0x00,0x00,0x7f,
    0x00,0x00,0x7f,0x00,0x00,0x7f,0x00,0x00,0x7f,0x00,0x00,0x7f,0x00,0x00,0x7f,0x00,
    0x00,0x7f,0x00,0x00,0x7f,0x00,0x00,0x7f,0x00,0x00,0x7f,0x00,0x00,0x7f,0x00,0x00,
    0x7f,0x00,0x00,0x7f,0x00,0x00,0x7f,0x00,0x00,0x7f,0x00,0x00,0x7f,0x00,0x00,0x7f,
    0x00,0x00,0x7f,0x00,0x00,0x7f,0x00,0x00,0x7f,0x00,0x00,0x7f,0x00,0x00,0x7f,0x00,
    0x00,0x7f,0x00,0x00,0x7f,0x00,0x00,0x7f,0x00,0x00,0x7f,0x00,0x00,0x7f,0x00,0x00,
    0x7f,0x00,0x00,0x7f,0x00,0x00,0x7f,0x00,0x00,0x7f,0x00,0x00,0x7f,0x00,0x00,0x7f,
    0x00,0x00,0x7f,0x00,0x00,0x7f,0x00,0x00,0x7f,0x00,0x00,0x7f,0x00,0x00,0x7f,0x00,
    0x00,0x7f,0x00,0x00,0x7f,0x00,0x00,0x7f,0x00,0x00,0x7f,0x00,0x00,0x7f,0x00,0x00,
    0x7f,0x00,0x00,0x7f,0x00,0x00,0x7f,0x00,0x00,0x7f,0x00,0x00,0x7f,0x00,0x00,0x7f,
    0x00,0x00,0x7f,0x00,0x00,0x7f,0x00,0x00,0x7f,0x00,0x00,0x7f,0x00,0x00,0x7f,0x00,
    0x00,0x7f,0x00,0x00,0x7f,0x00,0x00,0x7f,0x00,0x00,0x7f,0x00,0x00,0x7f,0x00,0x00,
    0x7f,0x00,0x00,0x7f,0x00,0x00,0x7f,0x00,0x00,0x7f,0x00,0x00,0x7f,0x00,0x00,0x7f,
    0x00,0x00,0x7f,0x00,0x00,0x7f,0x00,0x00,0x7f,0x00,0x00,0x7f,0x00,0x00,0x7f,0x00,
    0x00,0x7f,0x00,0x00,0x7f,0x00,0x00,0x7f,0x00,0x00,0x7f,0x00,0x00,0x7f,0x00,0x00,
    0x7f,0x00,0x00,0x7f,0x00,0x00,0x7f,0x00,0x00,0x7f,0x00,0x00,0x7f,0x00,0x00,0x7f,
    0x00,0x00,0x7f,0x00,0x00,0x7f,0x00,0x00,0x7f,0x00,0x00,0x7f,0x00,0x00,0x7f,0x00,
    0x00,0x7f,0x00,0x00,0x7f,0x00,0x00,0x7f,0x00,0x00,0x7f,0x00,0x00,0x34,0x00,0x00,
    0x83,0x61,0x08,0x61,0x08,0x00,0x00,0x7f,0x00,0x00,0x7f,0x00,0x00,0x7f,0x00,0x00,
    0x7f,0x00,0x00,0x7f,0x00,0x00,0x7f,0x00,0x00,0x7f,0x00,0x00,0x7f,0x00,0x00,0x8b,
    0x00,0x00,0x00,0x00,0x30,0x84,0x38,0xce,0x58,0xce,0x79,0xd6,0x79,0xd6,0x58,0xce,
    0xf6,0xbd,0xeb,0x62,0x00,0x00,0x7f,0x00,0x00,0x7f,0x00,0x00,0x7f,0x00,0x00,0x7f,
    0x00,0x00,0x7f,0x00,0x00,0x7f,0x00,0x00,0x7f,0x00,0x00,0x7c,0x00,0x00,0x8d,0x28,
    0x42,0x58,0xce,0x79,0xd6,0x79,0xd6,0x79,0xd6,0x79,0xd6,0x79,0xd6,0x79,0xd6,0x79,
    0xd6,0x79,0xd6,0xb6,0xbd,0x20,0x00,0x00,0x00,0x7f,0x00,0x00,0x7f,0x00,0x00,0x7f,
    0x00,0x00,0x7f,0x00,0x00,0x7f,0x00,0x00,0x7f,0x00,0x00,0x7f,0x00,0x00,0x79,0x00,
    0x00,0x8f,0x65,0x29,0x79,0xd6,0x79,0xd6,0x79,0xd6,0x79,0xd6,0x79,0xd6,0x79,0xd6,
    0x79,0xd6,0x79,0xd6,0x79,0xd6,0x79,0xd6,0x79,0xd6,0xf6,0xbd,0x20,0x00,0x00,0x00,
    0x7f,0x00,0x00,0x7f,0x00,0x00,0x7f,0x00,0x00,0x7f,0x00,0x00,0x7f,0x00,0x00,0x7f,
    0x00,0x00,0x7f,0x00,0x00,0x77,0x00,0x00,0x90,0x45,0x29,0x79,0xd6,0x79,0xd6,0x79,
    0xd6,0x79,0xd6,0x79,0xd6,0x79,0xd6,0x79,0xd6,0x79,0xd6,0x79,0xd6,0x79,0xd6,0x79,
    0xd6,0x79,0xd6,0x79,0xd6,0x71,0x8c,0x00,0x00,0x7f,0x00,0x00,0x7f,0x00,0x00,0x7f,
    0x00,0x00,0x7f,0x00,0x00,0x7f,0x00,0x00,0x7f,0x00,0x00,0x7f,0x00,0x00,0x77,0x00,
    0x00,0x91,0x54,0xad,0x79,0xd6,0x79,0xd6,0x79,0xd6,0x79,0xd6,0x79,0xd6,0x79,0xd6,
    0x79,0xd6,0x79,0xd6,0x79,0xd6,0x79,0xd6,0x79,0xd6,0x79,0xd6,0x79,0xd6,0x79,0xd6,
    0x24,0x21,0x00,0x00,0x7f,0x00,0x00,0x7f,0x00,0x00,0x7f,0x00,0x00,0x7f,0x00,0x00,
    0x7f,0x00,0x00,0x7f,0x00,0x00,0x7f,0x00,0x00,0x75,0x00,0x00,0x92,0x81,0x10,0x79,
    0xd6,0x79,0xd6,0x79,0xd6,0x79,0xd6,0x79,0xd6,0x79,0xd6,0x79,0xd6,0x79,0xd6,0x79,
    0xd6,0x79,0xd6,0x79,0xd6,0x79,0xd6,0x79,0xd6,0x79,0xd6,0x79,0xd6,0x91,0x94,0x00,
    0x00,0x7f,0x00,0x00,0x7f,0x00,0x00,0x7f,0x00,0x00,0x7f,0x00,0x00,0x7f,0x00,0x00,
    0x7f,0x00,0x00,0x7f,0x00,0x00,0x75,0x00,0x00,0x92,0x24,0x21,0x79,0xd6,0x79,0xd6,
    0x79,0xd6,0x79,0xd6,0x79,0xd6,0x79,0xd6,0x79,0xd6,0x79,0xd6,0x79,0xd6,0x79,0xd6,
    0x79,0xd6,0x79,0xd6,0x79,0xd6,0x79,0xd6,0x79,0xd6,0x17,0xc6,0x00,0x00,0x7f,0x00,
    0x00,0x7f,0x00,0x00,0x7f,0x00,0x00,0x7f,0x00,0x00,0x7f,0x00,0x00,0x7f,0x00,0x00,
    0x7f,0x00,0x00,0x75,0x00,0x00,0x93,0x07,0x42,0x79,0xd6,0x79,0xd6,0x79,0xd6,0x79,
    0xd6,0x79,0xd6,0x79,0xd6,0x79,0xd6,0x79,0xd6,0x79,0xd6,0x79,0xd6,0x79,0xd6,0x79,
    0xd6,0x79,0xd6,0x79,0xd6,0x79,0xd6,0x58,0xce,0x20,0x00,0x00,0x00,0x7f,0x00,0x00,
    0x7f,0x00,0x00,0x7f,0x00,0x00,0x7f,0x00,0x00,0x7f,0x00,0x00,0x7f,0x00,0x00,0x7f,
    0x00,0x00,0x74,0x00,0x00,0x93,0x65,0x29,0x79,0xd6,0x79,0xd6,0x79,0xd6,0x79,0xd6,
    0x79,0xd6,0x79,0xd6,0x79,0xd6,0x79,0xd6,0x79,0xd6,0x79,0xd6,0x79,0xd6,0x79,0xd6,
    0x79,0xd6,0x79,0xd6,0x79,0xd6,0x58,0xce,0x20,0x00,0x00,0x00,0x7f,0x00,0x00,0x7f,
    0x00,0x00,0x7f,0x00,0x00,0x7f,0x00,0x00,0x7f,0x00,0x00,0x7f,0x00,0x00,0x7f,0x00,
    0x00,0x74,0x00,0x00,0x92,0x24,0x21,0x79,0xd6,0x79,0xd6,0x79,0xd6,0x79,0xd6,0x79,
    0xd6,0x79,0xd6,0x79,0xd6,0x79,0xd6,0x79,0xd6,0x79,0xd6,0x79,0xd6,0x79,0xd6,0x79,
    0xd6,0x79,0xd6,0x79,0xd6,0x17,0xc6,0x00,0x00,0x7f,0x00,0x00,0x7f,0x00,0x00,0x7f,
    0x00,0x00,0x7f,0x00,0x00,0x7f,0x00,0x00,0x7f,0x00,0x00,0x7f,0x00,0x00,0x76,0x00,
    0x00,0x91,0x38,0xce,0x79,0xd6,0x79,0xd6,0x79,0xd6,0x79,0xd6,0x79,0xd6,0x79,0xd6,
    0x79,0xd6,0x79,0xd6,0x79,0xd6,0x79,0xd6,0x79,0xd6,0x79,0xd6,0x79,0xd6,0x79,0xd6,
    0x91,0x94,0x00,0x00,0x7f,0x00,0x00,0x7f,0x00,0x00,0x7f,0x00,0x00,0x7f,0x00,0x00,
    0x7f,0x00,0x00,0x7f,0x00,0x00,0x7f,0x00,0x00,0x76,0x00,0x00,0x91,0x49,0x4a,0x79,
    0xd6,0x79,0xd6,0x79,0xd6,0x79,0xd6,0x79,0xd6,0x79,0xd6,0x79,0xd6,0x79,0xd6,0x79,
    0xd6,0x79,0xd6,0x79,0xd6,0x79,0xd6,0x79,0xd6,0x79,0xd6,0xe3,0x18,0x00,0x00,0x7f,
    0x00,0x00,0x7f,0x00,0x00,0x7f,0x00,0x00,0x7f,0x00,0x00,0x7f,0x00,0x00,0x7f,0x00,
    0x00,0x7f,0x00,0x00,0x77,0x00,0x00,0x8f,0xb6,0xb5,0x79,0xd6,0x79,0xd6,0x79,0xd6,
    0x79,0xd6,0x79,0xd6,0x79,0xd6,0x79,0xd6,0x79,0xd6,0x79,0xd6,0x79,0xd6,0x79,0xd6,
    0x79,0xd6,0x91,0x94,0x00,0x00,0x7f,0x00,0x00,0x7f,0x00,0x00,0x7f,0x00,0x00,0x7f,
    0x00,0x00,0x7f,0x00,0x00,0x7f,0x00,0x00,0x7f,0x00,0x00,0x79,0x00,0x00,0x8d,0x17,
    0xc6,0x79,0xd6,0x79,0xd6,0x79,0xd6,0x79,0xd6,0x79,0xd6,0x79,0xd6,0x79,0xd6,0x79,
    0xd6,0x79,0xd6,0x79,0xd6,0x54,0xad,0x00,0x00,0x7f,0x00,0x00,0x7f,0x00,0x00,0x7f,
    0x00,0x00,0x7f,0x00,0x00,0x7f,0x00,0x00,0x7f,0x00,0x00,0x7f,0x00,0x00,0x7b,0x00,
    0x00,0x8c,0xf3,0xa4,0x79,0xd6,0x79,0xd6,0x79,0xd6,0x79,0xd6,0x79,0xd6,0x79,0xd6,
    0x79,0xd6,0x58,0xce,0xeb,0x62,0x20,0x00,0x00,0x00,0x7f,0x00,0x00,0x7f,0x00,0x00,
    0x7f,0x00,0x00,0x7f,0x00,0x00,0x7f,0x00,0x00,0x7f,0x00,0x00,0x7f,0x00,0x00,0x7c,
    0x00,0x00,0x89,0xa2,0x10,0xcb,0x5a,0x13,0xa5,0x95,0xb5,0x95,0xb5,0x13,0xa5,0x28,
    0x42,0x61,0x08,0x00,0x00,0x7f,0x00,0x00,0x7f,0x00,0x00,0x7f,0x00,0x00,0x7f,0x00,
    0x00,0x7f,0x00,0x00,0x7f,0x00,0x00,0x7f,0x00,0x00,0x7f,0x00,0x00,0x7f,0x00,0x00,
    0x7f,0x00,0x00,0x7f,0x00,0x00,0x7f,0x00,0x00,0x7f,0x00,0x00,0x7f,0x00,0x00,0x7f,
    0x00,0x00,0x7f,0x00,0x00,0x7f,0x00,0x00,0x7f,0x00,0x00,0x7f,0x00,0x00,0x7f,0x00,
    0x00,0x7f,0x00,0x00,0x7f,0x00,0x00,0x7f,0x00,0x00,0x7f,0x00,0x00,0x7f,0x00,0x00,
    0x7f,0x00,0x00,0x7f,0x00,0x00,0x7f,0x00,0x00,0x7f,0x00,0x00,0x7f,0x00,0x00,0x7f,
    0x00,0x00,0x7f,0x00,0x00,0x7f,0x00,0x00,0x7f,0x00,0x00,0x7f,0x00,0x00,0x7f,0x00,
    0x00,0x7f,0x00,0x00,0x7f,0x00,0x00,0x7f,0x00,0x00,0x7f,0x00,0x00,0x7f,0x00,0x00,
    0x7f,0x00,0x00,0x7f,0x00,0x00,0x7f,0x00,0x00,0x7f,0x00,0x00,0x7f,0x00,0x00,0x7f,
    0x00,0x00,0x84,0x41,0x08,0x28,0x42,0x81,0x10,0x00,0x00,0x7f,0x00,0x00,0x7f,0x00,
    0x00,0x7f,0x00,0x00,0x7f,0x00,0x00,0x7f,0x00,0x00,0x7f,0x00,0x00,0x7f,0x00,0x00,
    0x7f,0x00,0x00,0x87,0x41,0x08,0x04,0x21,0x91,0x94,0xb2,0x9c,0x50,0x8c,0xc6,0x39,
    0x00,0x00,0x1a,0x00,0x00,0x9c,0x20,0x00,0x20,0x00,0x61,0x08,0xe3,0x18,0x65,0x29,
    0xc6,0x39,0x2c,0x63,0xae,0x73,0xce,0x7b,0xef,0x7b,0x0f,0x84,0x71,0x94,0x91,0x94,
    0x91,0x94,0xb2,0x9c,0x91,0x94,0x91,0x94,0x10,0x84,0x50,0x8c,0x50,0x8c,0x30,0x84,
    0x08,0x42,0xa6,0x31,0xa6,0x31,0x86,0x31,0x45,0x29,0x24,0x21,0x00,0x00,0x7f,0x00,
    0x00,0x7f,0x00,0x00,0x7f,0x00,0x00,0x7f,0x00,0x00,0x7f,0x00,0x00,0x7f,0x00,0x00,
    0x7f,0x00,0x00,0x45,0x00,0x00,0x8b,0x82,0x10,0x49,0x4a,0x91,0x94,0xf6,0xbd,0x58,
    0xce,0x79,0xd6,0x79,0xd6,0x79,0xd6,0xd2,0x9c,0x20,0x00,0x00,0x00,0x15,0x00,0x00,
    0x89,0xc3,0x18,0x07,0x42,0x8d,0x73,0x34,0xad,0xd6,0xbd,0x38,0xce,0x58,0xce,0x58,
    0xce,0x79,0xd6,0x15,0x79,0xd6,0x84,0x58,0xce,0xf7,0xc5,0x49,0x4a,0x00,0x00,0x7f,
    0x00,0x00,0x7f,0x00,0x00,0x7f,0x00,0x00,0x7f,0x00,0x00,0x7f,0x00,0x00,0x7f,0x00,
    0x00,0x7f,0x00,0x00,0x41,0x00,0x00,0x8d,0x20,0x00,0xaa,0x5a,0xb6,0xbd,0x38,0xce,
    0x79,0xd6,0x79,0xd6,0x79,0xd6,0x79,0xd6,0x79,0xd6,0x79,0xd6,0xf7,0xc5,0xce,0x7b,
    0x00,0x00,0x11,0x00,0x00,0x86,0x82,0x10,0xe7,0x39,0xf3,0x9c,0xf6,0xbd,0x58,0xce,
    0x79,0xd6,0x1c,0x79,0xd6,0x85,0x38,0xce,0xb2,0x9c,0x49,0x4a,0xc6,0x39,0x00,0x00,
    0x7f,0x00,0x00,0x7f,0x00,0x00,0x7f,0x00,0x00,0x7f,0x00,0x00,0x7f,0x00,0x00,0x7f,
    0x00,0x00,0x7f,0x00,0x00,0x3f,0x00,0x00,0xa2,0xa2,0x10,0x91,0x94,0x58,0xce,0x79,
    0xd6,0x79,0xd6,0x79,0xd6,0x79,0xd6,0x79,0xd6,0x79,0xd6,0x79,0xd6,0x79,0xd6,0x79,
    0xd6,0x6d,0x73,0x00,0x00,0x00,0x00,0x00,0x00,0x00,0x00,0x00,0x00,0x00,0x00,0x00,
    0x00,0x00,0x00,0x00,0x00,0x00,0x00,0x00,0x00,0x00,0x00,0x00,0x00,0x00,0x00,0x00,
    0x00,0x00,0x00,0x04,0x21,0x0f,0x84,0xf7,0xc5,0x58,0xce,0x79,0xd6,0x1e,0x79,0xd6,
    0x85,0x38,0xce,0x0f,0x84,0xa2,0x10,0x20,0x00,0x00,0x00,0x7f,0x00,0x00,0x18,0x00,
    0x00,0x85,0x61,0x08,0xa6,0x31,0xa6,0x31,0x61,0x08,0x00,0x00,0x7f,0x00,0x00,0x7f,
    0x00,0x00,0x7f,0x00,0x00,0x7f,0x00,0x00,0x7f,0x00,0x00,0x7f,0x00,0x00,0x22,0x00,
    0x00,0xa1,0x24,0x21,0x34,0xad,0x58,0xce,0x79,0xd6,0x79,0xd6,0x79,0xd6,0x79,0xd6,
    0x79,0xd6,0x79,0xd6,0x79,0xd6,0x79,0xd6,0x79,0xd6,0x79,0xd6,0x17,0xc6,0x82,0x10,
    0x00,0x00,0x00,0x00,0x00,0x00,0x00,0x00,0x00,0x00,0x00,0x00,0x00,0x00,0x00,0x00,
    0x00,0x00,0x00,0x00,0x00,0x00,0x00,0x00,0x00,0x00,0x20,0x00,0x6d,0x73,0xf7,0xc5,
    0x58,0xce,0x79,0xd6,0x20,0x79,0xd6,0x84,0x17,0xc6,0xaa,0x5a,0x20,0x00,0x00,0x00,
    0x7f,0x00,0x00,0x19,0x00,0x00,0x89,0x20,0x00,0xb6,0xbd,0x79,0xd6,0x79,0xd6,0x79,
    0xd6,0x79,0xd6,0x54,0xad,0x41,0x08,0x00,0x00,0x7f,0x00,0x00,0x7f,0x00,0x00,0x7f,
    0x00,0x00,0x7f,0x00,0x00,0x7f,0x00,0x00,0x7f,0x00,0x00,0x1e,0x00,0x00,0x9f,0xb2,
    0x9c,0x58,0xce,0x79,0xd6,0x79,0xd6,0x79,0xd6,0x79,0xd6,0x79,0xd6,0x79,0xd6,0x79,
    0xd6,0x79,0xd6,0x79,0xd6,0x79,0xd6,0x79,0xd6,0x79,0xd6,0x13,0xa5,0x00,0x00,0x00,
    0x00,0x00,0x00,0x00,0x00,0x00,0x00,0x00,0x00,0x00,0x00,0x00,0x00,0x00,0x00,0x00,
    0x00,0x00,0x00,0x00,0x00,0x04,0x21,0x34,0xad,0x58,0xce,0x79,0xd6,0x22,0x79,0xd6,
    0x83,0xf7,0xc5,0x65,0x29,0x00,0x00,0x7f,0x00,0x00,0x1c,0x00,0x00,0x89,0x13,0xa5,
    0x79,0xd6,0x79,0xd6,0x79,0xd6,0x79,0xd6,0x79,0xd6,0x79,0xd6,0x8e,0x73,0x00,0x00,
    0x7f,0x00,0x00,0x7f,0x00,0x00,0x7f,0x00,0x00,0x7f,0x00,0x00,0x7f,0x00,0x00,0x7f,
    0x00,0x00,0x1b,0x00,0x00,0x9e,0x65,0x29,0x54,0xad,0x79,0xd6,0x79,0xd6,0x79,0xd6,
    0x79,0xd6,0x79,0xd6,0x79,0xd6,0x79,0xd6,0x79,0xd6,0x79,0xd6,0x79,0xd6,0x79,0xd6,
    0x79,0xd6,0x79,0xd6,0x79,0xd6,0x2c,0x6b,0x00,0x00,0x00,0x00,0x00,0x00,0x00,0x00,
    0x00,0x00,0x00,0x00,0x00,0x00,0x00,0x00,0x00,0x00,0x20,0x00,0x4c,0x6b,0xf7,0xc5,
    0x79,0xd6,0x24,0x79,0xd6,0x83,0xf6,0xbd,0xe7,0x39,0x00,0x00,0x7f,0x00,0x00,0x1d,
    0x00,0x00,0x8a,0xc3,0x18,0x58,0xce,0x79,0xd6,0x79,0xd6,0x79,0xd6,0x79,0xd6,0x79,
    0xd6,0x79,0xd6,0x54,0xad,0x00,0x00,0x7f,0x00,0x00,0x7f,0x00,0x00,0x7f,0x00,0x00,
    0x7f,0x00,0x00,0x7f,0x00,0x00,0x7f,0x00,0x00,0x19,0x00,0x00,0x9d,0xcb,0x5a,0xf7,
    0xc5,0x79,0xd6,0x79,0xd6,0x79,0xd6,0x79,0xd6,0x79,0xd6,0x79,0xd6,0x79,0xd6,0x79,
    0xd6,0x79,0xd6,0x79,0xd6,0x79,0xd6,0x79,0xd6,0x79,0xd6,0x79,0xd6,0x58,0xce,0xe3,
    0x18,0x00,0x00,0x00,0x00,0x00,0x00,0x00,0x00,0x00,0x00,0x00,0x00,0x00,0x00,0x00,
    0x00,0x0b,0x63,0xf7,0xc5,0x79,0xd6,0x25,0x79,0xd6,0x83,0xf7,0xc5,0x28,0x42,0x00,
    0x00,0x7f,0x00,0x00,0x1f,0x00,0x00,0x8b,0x81,0x10,0x58,0xce,0x79,0xd6,0x79,0xd6,
    0x79,0xd6,0x79,0xd6,0x79,0xd6,0x79,0xd6,0xf3,0x9c,0x20,0x00,0x00,0x00,0x7f,0x00,
    0x00,0x7f,0x00,0x00,0x7f,0x00,0x00,0x7f,0x00,0x00,0x7f,0x00,0x00,0x7f,0x00,0x00,
    0x15,0x00,0x00,0x9e,0x41,0x08,0x91,0x94,0x79,0xd6,0x79,0xd6,0x79,0xd6,0x79,0xd6,
    0x79,0xd6,0x79,0xd6,0x79,0xd6,0x79,0xd6,0x79,0xd6,0x79,0xd6,0x79,0xd6,0x79,0xd6,
    0x79,0xd6,0x79,0xd6,0x79,0xd6,0x79,0xd6,0x17,0xc6,0x00,0x00,0x00,0x00,0x00,0x00,
    0x00,0x00,0x00,0x00,0x00,0x00,0x00,0x00,0x65,0x29,0x95,0xb5,0x58,0xce,0x79,0xd6,
    0x25,0x79,0xd6,0xaa,0xf6,0xbd,0xcb,0x5a,0x00,0x00,0x00,0x00,0x00,0x00,0x00,0x00,
    0x00,0x00,0x00,0x00,0x00,0x00,0x00,0x00,0x00,0x00,0x00,0x00,0x00,0x00,0x00,0x00,
    0x00,0x00,0x00,0x00,0x20,0x00,0x41,0x08,0xa2,0x10,0x24,0x21,0x24,0x21,0xc7,0x39,
    0x65,0x29,0xaa,0x5a,0x28,0x42,0x8a,0x52,0xeb,0x62,0x0b,0x63,0x0b,0x63,0xeb,0x62,
    0x49,0x4a,0x0b,0x63,0x07,0x42,0xaa,0x5a,0x08,0x42,0x49,0x4a,0xe7,0x39,0x65,0x29,
    0xe7,0x39,0x81,0x10,0x20,0x00,0x00,0x00,0x7a,0x00,0x00,0x89,0xd6,0xbd,0x79,0xd6,
    0x79,0xd6,0x79,0xd6,0x79,0xd6,0x79,0xd6,0x79,0xd6,0x8d,0x73,0x00,0x00,0x7f,0x00,
    0x00,0x7f,0x00,0x00,0x7f,0x00,0x00,0x7f,0x00,0x00,0x7f,0x00,0x00,0x7f,0x00,0x00,
    0x14,0x00,0x00,0x9d,0x24,0x21,0xb6,0xb5,0x79,0xd6,0x79,0xd6,0x79,0xd6,0x79,0xd6,
    0x79,0xd6,0x79,0xd6,0x79,0xd6,0x79,0xd6,0x79,0xd6,0x79,0xd6,0x79,0xd6,0x79,0xd6,
    0x79,0xd6,0x79,0xd6,0x79,0xd6,0x79,0xd6,0x79,0xd6,0x75,0xad,0x00,0x00,0x00,0x00,
    0x00,0x00,0x00,0x00,0x00,0x00,0x82,0x10,0xce,0x7b,0x58,0xce,0x79,0xd6,0x26,0x79,
    0xd6,0x94,0x58,0xce,0x28,0x42,0x00,0x00,0x00,0x00,0x00,0x00,0x00,0x00,0x00,0x00,
    0x00,0x00,0x00,0x00,0x00,0x00,0x65,0x29,0x65,0x29,0x30,0x84,0x50,0x8c,0xb6,0xb5,
    0x38,0xce,0x58,0xce,0x58,0xce,0x58,0xce,0x79,0xd6,0x15,0x79,0xd6,0x8a,0x58,0xce,
    0x58,0xce,0x17,0xc6,0xf7,0xc5,0xb6,0xb5,0x34,0xa5,0xcb,0x5a,0x65,0x29,0x61,0x08,
    0x00,0x00,0x73,0x00,0x00,0x89,0xe7,0x39,0x79,0xd6,0x79,0xd6,0x79,0xd6,0x79,0xd6,
    0x79,0xd6,0xd6,0xbd,0x61,0x08,0x00,0x00,0x7f,0x00,0x00,0x7f,0x00,0x00,0x7f,0x00,
    0x00,0x7f,0x00,0x00,0x7f,0x00,0x00,0x7f,0x00,0x00,0x12,0x00,0x00,0x83,0xe3,0x20,
    0xb6,0xbd,0x79,0xd6,0x11,0x79,0xd6,0x88,0x13,0xa5,0x00,0x00,0x00,0x00,0x00,0x00,
    0x00,0x00,0xe3,0x20,0x95,0xb5,0x79,0xd6,0x28,0x79,0xd6,0x8a,0x2c,0x6b,0x00,0x00,
    0x00,0x00,0x00,0x00,0x00,0x00,0xe3,0x18,0x6d,0x6b,0x13,0xa5,0x54,0xad,0x79,0xd6,
    0x2a,0x79,0xd6,0x87,0x58,0xce,0x17,0xc6,0x75,0xad,0x50,0x8c,0xa6,0x31,0x41,0x08,
    0x00,0x00,0x6d,0x00,0x00,0x87,0xc7,0x39,0x34,0xad,0x58,0xce,0x58,0xce,0x91,0x94,
    0xa2,0x10,0x00,0x00,0x7f,0x00,0x00,0x7f,0x00,0x00,0x7f,0x00,0x00,0x7f,0x00,0x00,
    0x7f,0x00,0x00,0x7f,0x00,0x00,0x94,0x00,0x00,0x00,0x00,0x00,0x00,0x00,0x00,0x00,
    0x00,0x00,0x00,0xe3,0x20,0x54,0xad,0x6d,0x6b,0x00,0x00,0x00,0x00,0x00,0x00,0x00,
    0x00,0x00,0x00,0x00,0x00,0x00,0x00,0x00,0x00,0xe3,0x18,0xb6,0xbd,0x79,0xd6,0x12,
    0x79,0xd6,0x87,0x91,0x94,0x00,0x00,0x00,0x00,0x00,0x00,0x28,0x42,0x17,0xc6,0x79,
    0xd6,0x28,0x79,0xd6,0x87,0xce,0x7b,0x82,0x10,0x24,0x21,0x0f,0x84,0xb6,0xbd,0x58,
    0xce,0x79,0xd6,0x35,0x79,0xd6,0x86,0x58,0xce,0xf7,0xc5,0x54,0xad,0xcb,0x5a,0xc3,
    0x18,0x00,0x00,0x6a,0x00,0x00,0x84,0xa2,0x10,0xe3,0x20,0x20,0x00,0x00,0x00,0x7f,
    0x00,0x00,0x7f,0x00,0x00,0x7f,0x00,0x00,0x7f,0x00,0x00,0x7f,0x00,0x00,0x7f,0x00,
    0x00,0x93,0x00,0x00,0x00,0x00,0x00,0x00,0x00,0x00,0x00,0x00,0xc3,0x18,0xf6,0xbd,
    0x79,0xd6,0x17,0xc6,0x00,0x00,0x00,0x00,0x00,0x00,0x00,0x00,0x00,0x00,0x00,0x00,
    0x00,0x00,0x41,0x08,0x13,0xa5,0x79,0xd6,0x13,0x79,0xd6,0x86,0x0f,0x84,0x00,0x00,
    0x00,0x00,0xaa,0x5a,0x38,0xce,0x79,0xd6,0x28,0x79,0xd6,0x84,0x17,0xc6,0xd2,0x9c,
    0xf7,0xc5,0x79,0xd6,0x3f,0x79,0xd6,0x85,0x58,0xce,0xf6,0xbd,0x2c,0x6b,0xc6,0x39,
    0x00,0x00,0x7f,0x00,0x00,0x7f,0x00,0x00,0x7f,0x00,0x00,0x7f,0x00,0x00,0x7f,0x00,
    0x00,0x7f,0x00,0x00,0x6d,0x00,0x00,0x8e,0x8e,0x73,0x17,0xc6,0x79,0xd6,0x79,0xd6,
    0x79,0xd6,0x81,0x10,0x00,0x00,0x00,0x00,0x00,0x00,0x00,0x00,0x00,0x00,0x00,0x00,
    0x8d,0x73,0x79,0xd6,0x14,0x79,0xd6,0x85,0x8d,0x73,0x00,0x00,0x07,0x42,0x38,0xce,
    0x79,0xd6,0x29,0x79,0xd6,0x82,0x58,0xce,0x79,0xd6,0x46,0x79,0xd6,0x85,0x58,0xce,
    0x34,0xad,0x8a,0x52,0x41,0x08,0x00,0x00,0x7f,0x00,0x00,0x7f,0x00,0x00,0x7f,0x00,
    0x00,0x7f,0x00,0x00,0x7f,0x00,0x00,0x7f,0x00,0x00,0x67,0x00,0x00,0x8f,0x71,0x94,
    0x38,0xce,0x79,0xd6,0x79,0xd6,0x79,0xd6,0x79,0xd6,0x2c,0x6b,0x00,0x00,0x00,0x00,
    0x00,0x00,0x00,0x00,0x00,0x00,0xe7,0x39,0x58,0xce,0x79,0xd6,0x14,0x79,0xd6,0x84,
    0x8a,0x52,0x82,0x10,0xf7,0xc5,0x79,0xd6,0x77,0x79,0xd6,0x84,0xf7,0xc5,0xce,0x7b,
    0x81,0x10,0x00,0x00,0x7f,0x00,0x00,0x7f,0x00,0x00,0x7f,0x00,0x00,0x7f,0x00,0x00,
    0x7f,0x00,0x00,0x7f,0x00,0x00,0x62,0x00,0x00,0x8f,0xd2,0x9c,0x58,0xce,0x79,0xd6,
    0x79,0xd6,0x79,0xd6,0x79,0xd6,0x79,0xd6,0xd6,0xbd,0x00,0x00,0x00,0x00,0x00,0x00,
    0x00,0x00,0x20,0x00,0x75,0xad,0x79,0xd6,0x15,0x79,0xd6,0x83,0x2c,0x6b,0x13,0xa5,
    0x79,0xd6,0x7c,0x79,0xd6,0x84,0x17,0xc6,0x0f,0x84,0x82,0x10,0x00,0x00,0x2e,0x00,
    0x00,0x84,0xa2,0x10,0xc7,0x39,0xc3,0x18,0x00,0x00,0x7f,0x00,0x00,0x7f,0x00,0x00,
    0x7f,0x00,0x00,0x7f,0x00,0x00,0x7f,0x00,0x00,0x7f,0x00,0x00,0x2b,0x00,0x00,0x90,
    0x0f,0x84,0x79,0xd6,0x79,0xd6,0x79,0xd6,0x79,0xd6,0x79,0xd6,0x79,0xd6,0x79,0xd6,
    0x79,0xd6,0xe3,0x20,0x00,0x00,0x00,0x00,0x00,0x00,0x4c,0x6b,0x58,0xce,0x79,0xd6,
    0x15,0x79,0xd6,0x83,0x54,0xad,0x58,0xce,0x79,0xd6,0x7f,0x79,0xd6,0x84,0x79,0xd6,
    0xf7,0xc5,0xae,0x73,0x00,0x00,0x2a,0x00,0x00,0x88,0x61,0x08,0x17,0xc6,0x58,0xce,
    0x79,0xd6,0x79,0xd6,0x38,0xce,0xaa,0x5a,0x00,0x00,0x7f,0x00,0x00,0x7f,0x00,0x00,
    0x7f,0x00,0x00,0x7f,0x00,0x00,0x7f,0x00,0x00,0x7f,0x00,0x00,0x27,0x00,0x00,0x90,
    0x45,0x29,0x58,0xce,0x79,0xd6,0x79,0xd6,0x79,0xd6,0x79,0xd6,0x79,0xd6,0x79,0xd6,
    0x79,0xd6,0x79,0xd6,0x4c,0x6b,0x00,0x00,0x00,0x00,0xc3,0x18,0xf7,0xc5,0x79,0xd6,
    0x16,0x79,0xd6,0x82,0x17,0xc6,0x79,0xd6,0x7f,0x79,0xd6,0x89,0x79,0xd6,0x79,0xd6,
    0x79,0xd6,0x79,0xd6,0x79,0xd6,0x79,0xd6,0xb6,0xbd,0xaa,0x5a,0x00,0x00,0x26,0x00,
    0x00,0x8a,0x41,0x08,0x58,0xce,0x79,0xd6,0x79,0xd6,0x79,0xd6,0x79,0xd6,0x79,0xd6,
    0x79,0xd6,0xaa,0x5a,0x00,0x00,0x7f,0x00,0x00,0x7f,0x00,0x00,0x7f,0x00,0x00,0x7f,
    0x00,0x00,0x7f,0x00,0x00,0x7f,0x00,0x00,0x24,0x00,0x00,0x90,0x20,0x00,0xf7,0xc5,
    0x79,0xd6,0x79,0xd6,0x79,0xd6,0x79,0xd6,0x79,0xd6,0x79,0xd6,0x79,0xd6,0x79,0xd6,
    0x79,0xd6,0x95,0xb5,0x00,0x00,0x00,0x00,0xef,0x7b,0x79,0xd6,0x17,0x79,0xd6,0x82,
    0xf7,0xc5,0x79,0xd6,0x7f,0x79,0xd6,0x8d,0x79,0xd6,0x79,0xd6,0x79,0xd6,0x79,0xd6,
    0x79,0xd6,0x79,0xd6,0x79,0xd6,0x79,0xd6,0x79,0xd6,0x58,0xce,0x34,0xa5,0xc3,0x18,
    0x00,0x00,0x23,0x00,0x00,0x8a,0x34,0xad,0x79,0xd6,0x79,0xd6,0x79,0xd6,0x79,0xd6,
    0x79,0xd6,0x79,0xd6,0x79,0xd6,0x58,0xce,0x00,0x00,0x7f,0x00,0x00,0x7f,0x00,0x00,
    0x7f,0x00,0x00,0x7f,0x00,0x00,0x7f,0x00,0x00,0x7f,0x00,0x00,0x23,0x00,0x00,0x90,
    0x0b,0x63,0x79,0xd6,0x79,0xd6,0x79,0xd6,0x79,0xd6,0x79,0xd6,0x79,0xd6,0x79,0xd6,
    0x79,0xd6,0x79,0xd6,0x79,0xd6,0x58,0xce,0x00,0x00,0x20,0x00,0x17,0xc6,0x79,0xd6,
    0x7f,0x79,0xd6,0x26,0x79,0xd6,0x83,0x17,0xc6,0x6d,0x73,0x00,0x00,0x21,0x00,0x00,
    0x8b,0x58,0xce,0x79,0xd6,0x79,0xd6,0x79,0xd6,0x79,0xd6,0x79,0xd6,0x79,0xd6,0x79,
    0xd6,0x58,0xce,0x20,0x00,0x00,0x00,0x7f,0x00,0x00,0x7f,0x00,0x00,0x7f,0x00,0x00,
    0x7f,0x00,0x00,0x7f,0x00,0x00,0x7f,0x00,0x00,0x20,0x00,0x00,0x90,0x8a,0x52,0x58,
    0xce,0x79,0xd6,0x79,0xd6,0x79,0xd6,0x79,0xd6,0x79,0xd6,0x79,0xd6,0x79,0xd6,0x79,
    0xd6,0x79,0xd6,0x79,0xd6,0x79,0xd6,0xaa,0x5a,0xcf,0x7b,0x79,0xd6,0x7f,0x79,0xd6,
    0x2a,0x79,0xd6,0x84,0x58,0xce,0x30,0x8c,0x20,0x00,0x00,0x00,0x1e,0x00,0x00,0x8b,
    0x58,0xce,0x79,0xd6,0x79,0xd6,0x79,0xd6,0x79,0xd6,0x79,0xd6,0x79,0xd6,0x79,0xd6,
    0x79,0xd6,0x20,0x00,0x00,0x00,0x7f,0x00,0x00,0x7f,0x00,0x00,0x7f,0x00,0x00,0x7f,
    0x00,0x00,0x7f,0x00,0x00,0x7f,0x00,0x00,0x1e,0x00,0x00,0x91,0x41,0x08,0x95,0xb5,
    0x79,0xd6,0x79,0xd6,0x79,0xd6,0x79,0xd6,0x79,0xd6,0x79,0xd6,0x79,0xd6,0x79,0xd6,
    0x79,0xd6,0x79,0xd6,0x79,0xd6,0x79,0xd6,0xb6,0xb5,0xf7,0xc5,0x79,0xd6,0x7f,0x79,
    0xd6,0x2d,0x79,0xd6,0x83,0x58,0xce,0x8e,0x73,0x00,0x00,0x1d,0x00,0x00,0x8a,0x54,
    0xad,0x79,0xd6,0x79,0xd6,0x79,0xd6,0x79,0xd6,0x79,0xd6,0x79,0xd6,0x79,0xd6,0x17,
    0xc6,0x00,0x00,0x7f,0x00,0x00,0x7f,0x00,0x00,0x7f,0x00,0x00,0x7f,0x00,0x00,0x7f,
    0x00,0x00,0x7f,0x00,0x00,0x1e,0x00,0x00,0x91,0x45,0x29,0x79,0xd6,0x79,0xd6,0x79,
    0xd6,0x79,0xd6,0x79,0xd6,0x79,0xd6,0x79,0xd6,0x79,0xd6,0x79,0xd6,0x79,0xd6,0x79,
    0xd6,0x79,0xd6,0x79,0xd6,0x58,0xce,0x58,0xce,0x79,0xd6,0x7f,0x79,0xd6,0x30,0x79,
    0xd6,0x83,0x17,0xc6,0x89,0x52,0x00,0x00,0x1b,0x00,0x00,0x8a,0xc3,0x18,0x58,0xce,
    0x79,0xd6,0x79,0xd6,0x79,0xd6,0x79,0xd6,0x79,0xd6,0x79,0xd6,0x28,0x42,0x00,0x00,
    0x7f,0x00,0x00,0x7f,0x00,0x00,0x7f,0x00,0x00,0x7f,0x00,0x00,0x7f,0x00,0x00,0x7f,
    0x00,0x00,0x1d,0x00,0x00,0x82,0xf6,0xbd,0x79,0xd6,0x7f,0x79,0xd6,0x30,0x79,0xd6,
    0x94,0x58,0xce,0x38,0xce,0xd6,0xbd,0x34,0xa5,0x71,0x94,0x50,0x8c,0xae,0x73,0x8d,
    0x73,0xae,0x73,0xae,0x73,0x0f,0x84,0x50,0x8c,0xce,0x7b,0x10,0x84,0xb2,0x94,0x34,
    0xad,0xb6,0xbd,0x75,0xad,0x82,0x10,0x00,0x00,0x1b,0x00,0x00,0x88,0xe3,0x18,0xd6,
    0xbd,0x79,0xd6,0x79,0xd6,0x79,0xd6,0x58,0xce,0x49,0x4a,0x00,0x00,0x7f,0x00,0x00,
    0x7f,0x00,0x00,0x7f,0x00,0x00,0x7f,0x00,0x00,0x7f,0x00,0x00,0x7f,0x00,0x00,0x1c,
    0x00,0x00,0x83,0x04,0x21,0x58,0xce,0x79,0xd6,0x7f,0x79,0xd6,0x2b,0x79,0xd6,0x87,
    0x58,0xce,0xb6,0xb5,0xae,0x7b,0x07,0x42,0x82,0x10,0x20,0x00,0x00,0x00,0x30,0x00,
    0x00,0x85,0x08,0x42,0xaa,0x5a,0xc6,0x39,0x82,0x10,0x00,0x00,0x7f,0x00,0x00,0x7f,
    0x00,0x00,0x7f,0x00,0x00,0x7f,0x00,0x00,0x7f,0x00,0x00,0x7f,0x00,0x00,0x1c,0x00,
    0x00,0x82,0x13,0xa5,0x79,0xd6,0x7f,0x79,0xd6,0x28,0x79,0xd6,0x85,0x58,0xce,0xf7,
    0xc5,0x50,0x8c,0xa2,0x10,0x00,0x00,0x7f,0x00,0x00,0x7f,0x00,0x00,0x7f,0x00,0x00,
    0x7f,0x00,0x00,0x7f,0x00,0x00,0x7f,0x00,0x00,0x56,0x00,0x00,0x83,0x61,0x08,0x38,
    0xce,0x79,0xd6,0x7f,0x79,0xd6,0x26,0x79,0xd6,0x85,0x38,0xce,0x50,0x8c,0x49,0x4a,
    0x41,0x08,0x00,0x00,0x7f,0x00,0x00,0x7f,0x00,0x00,0x7f,0x00,0x00,0x7f,0x00,0x00,
    0x7f,0x00,0x00,0x7f,0x00,0x00,0x57,0x00,0x00,0x83,0x41,0x08,0xcb,0x5a,0x79,0xd6,
    0x7f,0x79,0xd6,0x25,0x79,0xd6,0x84,0x17,0xc6,0xae,0x73,0xe3,0x20,0x00,0x00,0x7f,
    0x00,0x00,0x7f,0x00,0x00,0x7f,0x00,0x00,0x7f,0x00,0x00,0x7f,0x00,0x00,0x7f,0x00,
    0x00,0x5b,0x00,0x00,0x82,0x13,0xa5,0x79,0xd6,0x7f,0x79,0xd6,0x23,0x79,0xd6,0x84,
    0x17,0xc6,0x4c,0x6b,0x20,0x00,0x00,0x00,0x7f,0x00,0x00,0x7f,0x00,0x00,0x7f,0x00,
    0x00,0x7f,0x00,0x00,0x7f,0x00,0x00,0x7f,0x00,0x00,0x5c,0x00,0x00,0x83,0x82,0x10,
    0x58,0xce,0x79,0xd6,0x7f,0x79,0xd6,0x22,0x79,0xd6,0x8f,0xd6,0xbd,0x54,0xad,0x6d,
    0x6b,0x4c,0x6b,0x2c,0x63,0x8d,0x73,0x2c,0x63,0x48,0x4a,0xe7,0x39,0x86,0x31,0x24,
    0x21,0x04,0x21,0x41,0x08,0x41,0x08,0x00,0x00,0x7f,0x00,0x00,0x7f,0x00,0x00,0x7f,
    0x00,0x00,0x7f,0x00,0x00,0x7f,0x00,0x00,0x7f,0x00,0x00,0x52,0x00,0x00,0x82,0xcf,
    0x7b,0x79,0xd6,0x7f,0x79,0xd6,0x31,0x79,0xd6,0x88,0x58,0xce,0x58,0xce,0x38,0xce,
    0x34,0xad,0xd2,0x9c,0x2c,0x63,0x04,0x21,0x00,0x00,0x7f,0x00,0x00,0x7f,0x00,0x00,
    0x7f,0x00,0x00,0x7f,0x00,0x00,0x7f,0x00,0x00,0x7f,0x00,0x00,0x4b,0x00,0x00,0x82,
    0xb2,0x9c,0x79,0xd6,0x7f,0x79,0xd6,0x3a,0x79,0xd6,0x86,0x38,0xce,0x95,0xb5,0xb2,
    0x94,0xe7,0x39,0x41,0x08,0x00,0x00,0x7f,0x00,0x00,0x7f,0x00,0x00,0x7f,0x00,0x00,
    0x7f,0x00,0x00,0x7f,0x00,0x00,0x7f,0x00,0x00,0x43,0x00,0x00,0x83,0xa2,0x10,0x58,
    0xce,0x79,0xd6,0x7f,0x79,0xd6,0x40,0x79,0xd6,0x85,0x58,0xce,0xf7,0xc5,0xae,0x7b,
    0x85,0x31,0x00,0x00,0x7f,0x00,0x00,0x7f,0x00,0x00,0x7f,0x00,0x00,0x7f,0x00,0x00,
    0x7f,0x00,0x00,0x7f,0x00,0x00,0x3e,0x00,0x00,0x83,0x07,0x42,0x58,0xce,0x79,0xd6,
    0x7f,0x79,0xd6,0x46,0x79,0xd6,0x86,0x17,0xc6,0xf3,0xa4,0x8a,0x52,0x61,0x08,0x20,
    0x00,0x00,0x00,0x7f,0x00,0x00,0x7f,0x00,0x00,0x7f,0x00,0x00,0x7f,0x00,0x00,0x7f,
    0x00,0x00,0x7f,0x00,0x00,0x37,0x00,0x00,0x82,0x71,0x8c,0x79,0xd6,0x7f,0x79,0xd6,
    0x4c,0x79,0xd6,0x84,0x58,0xce,0x13,0xa5,0x8a,0x52,0x00,0x00,0x4c,0x00,0x00,0x86,
    0x20,0x00,0x07,0x42,0x0b,0x63,0x28,0x42,0x20,0x00,0x00,0x00,0x7f,0x00,0x00,0x7f,
    0x00,0x00,0x7f,0x00,0x00,0x7f,0x00,0x00,0x7f,0x00,0x00,0x61,0x00,0x00,0x82,0xb6,
    0xbd,0x79,0xd6,0x7f,0x79,0xd6,0x51,0x79,0xd6,0x84,0x17,0xc6,0x30,0x84,0x61,0x08,
    0x00,0x00,0x46,0x00,0x00,0x8a,0x04,0x21,0xf6,0xbd,0x79,0xd6,0x79,0xd6,0x79,0xd6,
    0x79,0xd6,0x79,0xd6,0xd6,0xbd,0xa6,0x31,0x00,0x00,0x7f,0x00,0x00,0x7f,0x00,0x00,
    0x7f,0x00,0x00,0x7f,0x00,0x00,0x7f,0x00,0x00,0x5d,0x00,0x00,0x83,0x65,0x29,0x58,
    0xce,0x79,0xd6,0x7f,0x79,0xd6,0x55,0x79,0xd6,0x83,0x17,0xc6,0xeb,0x62,0x00,0x00,
    0x43,0x00,0x00,0x8c,0x8a,0x52,0x79,0xd6,0x79,0xd6,0x79,0xd6,0x79,0xd6,0x79,0xd6,
    0x79,0xd6,0x79,0xd6,0x79,0xd6,0x58,0xce,0x50,0x8c,0x00,0x00,0x7f,0x00,0x00,0x7f,
    0x00,0x00,0x7f,0x00,0x00,0x7f,0x00,0x00,0x7f,0x00,0x00,0x5b,0x00,0x00,0x82,0x2c,
    0x63,0x79,0xd6,0x7f,0x79,0xd6,0x59,0x79,0xd6,0x84,0x58,0xce,0x13,0xa5,0xe3,0x20,
    0x00,0x00,0x3f,0x00,0x00,0x8e,0x69,0x4a,0x79,0xd6,0x79,0xd6,0x79,0xd6,0x79,0xd6,
    0x79,0xd6,0x79,0xd6,0x79,0xd6,0x79,0xd6,0x79,0xd6,0x79,0xd6,0x79,0xd6,0xcf,0x7b,
    0x00,0x00,0x7f,0x00,0x00,0x7f,0x00,0x00,0x7f,0x00,0x00,0x7f,0x00,0x00,0x7f,0x00,
    0x00,0x59,0x00,0x00,0x82,0x4c,0x6b,0x79,0xd6,0x7f,0x79,0xd6,0x5d,0x79,0xd6,0x83,
    0xb6,0xbd,0x08,0x42,0x00,0x00,0x3d,0x00,0x00,0x8f,0xf7,0xc5,0x79,0xd6,0x79,0xd6,
    0x79,0xd6,0x79,0xd6,0x79,0xd6,0x79,0xd6,0x79,0xd6,0x79,0xd6,0x79,0xd6,0x79,0xd6,
    0x79,0xd6,0x58,0xce,0x61,0x08,0x00,0x00,0x7f,0x00,0x00,0x7f,0x00,0x00,0x7f,0x00,
    0x00,0x7f,0x00,0x00,0x7f,0x00,0x00,0x57,0x00,0x00,0x82,0x13,0xa5,0x79,0xd6,0x7f,
    0x79,0xd6,0x60,0x79,0xd6,0x83,0x38,0xce,0x6d,0x6b,0x00,0x00,0x3a,0x00,0x00,0x90,
    0x85,0x31,0x79,0xd6,0x79,0xd6,0x79,0xd6,0x79,0xd6,0x79,0xd6,0x79,0xd6,0x79,0xd6,
    0x79,0xd6,0x79,0xd6,0x79,0xd6,0x79,0xd6,0x79,0xd6,0x79,0xd6,0x30,0x84,0x00,0x00,
    0x7f,0x00,0x00,0x7f,0x00,0x00,0x7f,0x00,0x00,0x7f,0x00,0x00,0x7f,0x00,0x00,0x55,
    0x00,0x00,0x83,0x61,0x08,0x17,0xc6,0x79,0xd6,0x7f,0x79,0xd6,0x63,0x79,0xd6,0x84,
    0x58,0xce,0xb2,0x9c,0x61,0x08,0x00,0x00,0x37,0x00,0x00,0x90,0x30,0x8c,0x79,0xd6,
    0x79,0xd6,0x79,0xd6,0x79,0xd6,0x79,0xd6,0x79,0xd6,0x79,0xd6,0x79,0xd6,0x79,0xd6,
    0x79,0xd6,0x79,0xd6,0x79,0xd6,0x79,0xd6,0x75,0xad,0x00,0x00,0x7f,0x00,0x00,0x7f,
    0x00,0x00,0x7f,0x00,0x00,0x7f,0x00,0x00,0x7f,0x00,0x00,0x54,0x00,0x00,0x83,0x41,
    0x08,0x58,0xce,0x79,0xd6,0x7f,0x79,0xd6,0x67,0x79,0xd6,0x83,0xf6,0xbd,0xe7,0x39,
    0x00,0x00,0x35,0x00,0x00,0x90,0x91,0x94,0x79,0xd6,0x79,0xd6,0x79,0xd6,0x79,0xd6,
    0x79,0xd6,0x79,0xd6,0x79,0xd6,0x79,0xd6,0x79,0xd6,0x79,0xd6,0x79,0xd6,0x79,0xd6,
    0x79,0xd6,0xf7,0xc5,0x00,0x00,0x7f,0x00,0x00,0x7f,0x00,0x00,0x7f,0x00,0x00,0x7f,
    0x00,0x00,0x7f,0x00,0x00,0x53,0x00,0x00,0x83,0x65,0x29,0x58,0xce,0x79,0xd6,0x7f,
    0x79,0xd6,0x6a,0x79,0xd6,0x83,0xf7,0xc5,0x0b,0x63,0x00,0x00,0x33,0x00,0x00,0x90,
    0x8d,0x73,0x79,0xd6,0x79,0xd6,0x79,0xd6,0x79,0xd6,0x79,0xd6,0x79,0xd6,0x79,0xd6,
    0x79,0xd6,0x79,0xd6,0x79,0xd6,0x79,0xd6,0x79,0xd6,0x79,0xd6,0x95,0xb5,0x00,0x00,
    0x7f,0x00,0x00,0x7f,0x00,0x00,0x7f,0x00,0x00,0x7f,0x00,0x00,0x7f,0x00,0x00,0x52,
    0x00,0x00,0x83,0xc3,0x18,0x58,0xce,0x79,0xd6,0x7f,0x79,0xd6,0x6d,0x79,0xd6,0x83,
    0x38,0xce,0x2c,0x6b,0x00,0x00,0x31,0x00,0x00,0x90,0x24,0x21,0x79,0xd6,0x79,0xd6,
    0x79,0xd6,0x79,0xd6,0x79,0xd6,0x79,0xd6,0x79,0xd6,0x79,0xd6,0x79,0xd6,0x79,0xd6,
    0x79,0xd6,0x79,0xd6,0x79,0xd6,0xae,0x73,0x00,0x00,0x7f,0x00,0x00,0x7f,0x00,0x00,
    0x7f,0x00,0x00,0x7f,0x00,0x00,0x7f,0x00,0x00,0x51,0x00,0x00,0x82,0x8e,0x73,0x79,
    0xd6,0x7f,0x79,0xd6,0x71,0x79,0xd6,0x83,0x38,0xce,0x2c,0x63,0x00,0x00,0x30,0x00,
    0x00,0x8f,0x17,0xc6,0x79,0xd6,0x79,0xd6,0x79,0xd6,0x79,0xd6,0x79,0xd6,0x79,0xd6,
    0x79,0xd6,0x79,0xd6,0x79,0xd6,0x79,0xd6,0x79,0xd6,0x58,0xce,0x65,0x29,0x00,0x00,
    0x7f,0x00,0x00,0x7f,0x00,0x00,0x7f,0x00,0x00,0x7f,0x00,0x00,0x7f,0x00,0x00,0x50,
    0x00,0x00,0x82,0x50,0x8c,0x79,0xd6,0x7f,0x79,0xd6,0x74,0x79,0xd6,0x83,0x38,0xce,
    0x28,0x42,0x00,0x00,0x2e,0x00,0x00,0x8e,0x2c,0x63,0x79,0xd6,0x79,0xd6,0x79,0xd6,
    0x79,0xd6,0x79,0xd6,0x79,0xd6,0x79,0xd6,0x79,0xd6,0x79,0xd6,0x79,0xd6,0x79,0xd6,
    0x13,0xa5,0x00,0x00,0x7f,0x00,0x00,0x7f,0x00,0x00,0x7f,0x00,0x00,0x7f,0x00,0x00,
    0x7f,0x00,0x00,0x50,0x00,0x00,0x82,0xeb,0x62,0x79,0xd6,0x7f,0x79,0xd6,0x77,0x79,
    0xd6,0x83,0xf7,0xc5,0x04,0x21,0x00,0x00,0x2d,0x00,0x00,0x8d,0xb2,0x9c,0x79,0xd6,
    0x79,0xd6,0x79,0xd6,0x79,0xd6,0x79,0xd6,0x79,0xd6,0x79,0xd6,0x79,0xd6,0x79,0xd6,
    0xd6,0xbd,0x81,0x10,0x00,0x00,0x7f,0x00,0x00,0x7f,0x00,0x00,0x7f,0x00,0x00,0x7f,
    0x00,0x00,0x7f,0x00,0x00,0x4f,0x00,0x00,0x82,0x30,0x84,0x79,0xd6,0x7f,0x79,0xd6,
    0x7a,0x79,0xd6,0x82,0x34,0xad,0x00,0x00,0x2d,0x00,0x00,0x8b,0xb2,0x9c,0x79,0xd6,
    0x79,0xd6,0x79,0xd6,0x79,0xd6,0x79,0xd6,0x79,0xd6,0x79,0xd6,0xb2,0x9c,0xe3,0x20,
    0x00,0x00,0x7f,0x00,0x00,0x7f,0x00,0x00,0x7f,0x00,0x00,0x7f,0x00,0x00,0x7f,0x00,
    0x00,0x4f,0x00,0x00,0x82,0x91,0x94,0x79,0xd6,0x7f,0x79,0xd6,0x7c,0x79,0xd6,0x83,
    0x58,0xce,0x8e,0x73,0x00,0x00,0x2c,0x00,0x00,0x88,0x86,0x31,0x95,0xb5,0x38,0xce,
    0x58,0xce,0x17,0xc6,0x34,0xad,0xcb,0x5a,0x00,0x00,0x7f,0x00,0x00,0x7f,0x00,0x00,
    0x7f,0x00,0x00,0x7f,0x00,0x00,0x7f,0x00,0x00,0x50,0x00,0x00,0x82,0x91,0x94,0x79,
    0xd6,0x7f,0x79,0xd6,0x7f,0x79,0xd6,0x83,0xb6,0xbd,0x65,0x29,0x00,0x00,0x2d,0x00,
    0x00,0x82,0x41,0x08,0x00,0x00,0x7f,0x00,0x00,0x7f,0x00,0x00,0x7f,0x00,0x00,0x7f,
    0x00,0x00,0x7f,0x00,0x00,0x52,0x00,0x00,0x82,0x95,0xb5,0x79,0xd6,0x7f,0x79,0xd6,
    0x7f,0x79,0xd6,0x85,0x79,0xd6,0x79,0xd6,0x79,0xd6,0xf3,0x9c,0x00,0x00,0x7f,0x00,
    0x00,0x7f,0x00,0x00,0x7f,0x00,0x00,0x7f,0x00,0x00,0x7f,0x00,0x00,0x7f,0x00,0x00,
    0x82,0x54,0xad,0x79,0xd6,0x7f,0x79,0xd6,0x7f,0x79,0xd6,0x88,0x79,0xd6,0x79,0xd6,
    0x79,0xd6,0x79,0xd6,0x79,0xd6,0x17,0xc6,0x07,0x42,0x00,0x00,0x7f,0x00,0x00,0x7f,
    0x00,0x00,0x7f,0x00,0x00,0x7f,0x00,0x00,0x7f,0x00,0x00,0x7c,0x00,0x00,0x82,0x91,
    0x94,0x79,0xd6,0x7f,0x79,0xd6,0x61,0x79,0xd6,0x82,0x58,0xce,0x79,0xd6,0x24,0x79,
    0xd6,0x82,0xb2,0x9c,0x00,0x00,0x7f,0x00,0x00,0x7f,0x00,0x00,0x7f,0x00,0x00,0x7f,
    0x00,0x00,0x7f,0x00,0x00,0x7a,0x00,0x00,0x82,0xb6,0xbd,0x79,0xd6,0x7f,0x79,0xd6,
    0x62,0x79,0xd6,0xaa,0x38,0xce,0xf3,0x9c,0xaa,0x5a,0x82,0x10,0xa2,0x10,0x85,0x31,
    0xe7,0x39,0xe7,0x39,0x86,0x31,0xc7,0x39,0x28,0x42,0x69,0x4a,0xcb,0x5a,0x0b,0x63,
    0x8e,0x73,0xef,0x7b,0x50,0x8c,0xb2,0x9c,0x54,0xad,0xb6,0xb5,0x38,0xce,0x58,0xce,
    0x79,0xd6,0x79,0xd6,0x79,0xd6,0x79,0xd6,0x79,0xd6,0x79,0xd6,0x79,0xd6,0x79,0xd6,
    0x79,0xd6,0x79,0xd6,0x79,0xd6,0x79,0xd6,0x79,0xd6,0x79,0xd6,0x79,0xd6,0x79,0xd6,
    0x79,0xd6,0xf7,0xc5,0x61,0x08,0x00,0x00,0x7f,0x00,0x00,0x7f,0x00,0x00,0x7f,0x00,
    0x00,0x7f,0x00,0x00,0x7f,0x00,0x00,0x77,0x00,0x00,0x82,0xb6,0xb5,0x79,0xd6,0x7f,
    0x79,0xd6,0x66,0x79,0xd6,0x83,0xf6,0xbd,0x49,0x4a,0x00,0x00,0x11,0x00,0x00,0x94,
    0x81,0x10,0x85,0x31,0xcb,0x5a,0x71,0x8c,0x34,0xad,0xf7,0xc5,0x58,0xce,0x79,0xd6,
    0x79,0xd6,0x79,0xd6,0x79,0xd6,0x79,0xd6,0x79,0xd6,0x79,0xd6,0x79,0xd6,0x79,0xd6,
    0x79,0xd6,0x58,0xce,0x85,0x31,0x00,0x00,0x7f,0x00,0x00,0x7f,0x00,0x00,0x7f,0x00,
    0x00,0x7f,0x00,0x00,0x7f,0x00,0x00,0x75,0x00,0x00,0x82,0xb6,0xbd,0x79,0xd6,0x7f,
    0x79,0xd6,0x69,0x79,0xd6,0x84,0x58,0xce,0x34,0xa5,0x24,0x21,0x00,0x00,0x15,0x00,
    0x00,0x8e,0x20,0x00,0xc3,0x18,0xcb,0x5a,0xf3,0x9c,0xd6,0xbd,0x58,0xce,0x79,0xd6,
    0x79,0xd6,0x79,0xd6,0x79,0xd6,0x79,0xd6,0x79,0xd6,0xce,0x7b,0x00,0x00,0x7f,0x00,
    0x00,0x7f,0x00,0x00,0x7f,0x00,0x00,0x7f,0x00,0x00,0x7f,0x00,0x00,0x72,0x00,0x00,
    0x83,0x20,0x00,0x17,0xc6,0x79,0xd6,0x7f,0x79,0xd6,0x6d,0x79,0xd6,0x83,0xb6,0xb5,
    0x08,0x42,0x00,0x00,0x19,0x00,0x00,0x89,0x41,0x08,0x49,0x4a,0x13,0xa5,0xf7,0xc5,
    0x79,0xd6,0x79,0xd6,0x79,0xd6,0x54,0xad,0x00,0x00,0x7f,0x00,0x00,0x7f,0x00,0x00,
    0x7f,0x00,0x00,0x7f,0x00,0x00,0x7f,0x00,0x00,0x70,0x00,0x00,0x83,0x20,0x00,0xf7,
    0xc5,0x79,0xd6,0x7f,0x79,0xd6,0x70,0x79,0xd6,0x83,0x38,0xce,0x0b,0x63,0x00,0x00,
    0x1c,0x00,0x00,0x86,0x0b,0x63,0xb6,0xb5,0x58,0xce,0xf6,0xbd,0x41,0x08,0x00,0x00,
    0x7f,0x00,0x00,0x7f,0x00,0x00,0x7f,0x00,0x00,0x7f,0x00,0x00,0x7f,0x00,0x00,0x6d,
    0x00,0x00,0x82,0x86,0x31,0x79,0xd6,0x7f,0x79,0xd6,0x74,0x79,0xd6,0x83,0x58,0xce,
    0xce,0x7b,0x00,0x00,0x1d,0x00,0x00,0x83,0x49,0x4a,0x07,0x42,0x00,0x00,0x7f,0x00,
    0x00,0x7f,0x00,0x00,0x7f,0x00,0x00,0x7f,0x00,0x00,0x7f,0x00,0x00,0x56,0x00,0x00,
    0x98,0x82,0x10,0x65,0x29,0x65,0x29,0x28,0x42,0x8a,0x52,0xeb,0x62,0x8d,0x73,0xce,
    0x7b,0xb2,0x94,0xd2,0x9c,0x13,0xa5,0x34,0xad,0x75,0xad,0x75,0xb5,0x75,0xad,0x75,
    0xad,0xd6,0xbd,0x95,0xb5,0xb6,0xbd,0x17,0xc6,0x17,0xc6,0xd6,0xbd,0x17,0xc6,0x79,
    0xd6,0x7f,0x79,0xd6,0x77,0x79,0xd6,0x83,0x58,0xce,0xae,0x73,0x00,0x00,0x7f,0x00,
    0x00,0x7f,0x00,0x00,0x7f,0x00,0x00,0x7f,0x00,0x00,0x7f,0x00,0x00,0x64,0x00,0x00,
    0x91,0x61,0x08,0x00,0x00,0x00,0x00,0xa2,0x10,0xaa,0x5a,0xe3,0x18,0xc6,0x39,0x91,
    0x94,0x34,0xa5,0x13,0xa5,0xd6,0xbd,0xf6,0xbd,0xd6,0xbd,0x58,0xce,0x79,0xd6,0x58,
    0xce,0x79,0xd6,0x7f,0x79,0xd6,0x7f,0x79,0xd6,0x11,0x79,0xd6,0x83,0x38,0xce,0x48,
    0x4a,0x00,0x00,0x7f,0x00,0x00,0x7f,0x00,0x00,0x7f,0x00,0x00,0x7f,0x00,0x00,0x7f,
    0x00,0x00,0x5b,0x00,0x00,0x8a,0x41,0x08,0x20,0x00,0x24,0x21,0xce,0x7b,0x71,0x8c,
    0x34,0xa5,0x75,0xb5,0x17,0xc6,0x58,0xce,0x79,0xd6,0x7f,0x79,0xd6,0x7f,0x79,0xd6,
    0x21,0x79,0xd6,0x83,0x17,0xc6,0x28,0x42,0x00,0x00,0x7f,0x00,0x00,0x7f,0x00,0x00,
    0x7f,0x00,0x00,0x7f,0x00,0x00,0x7f,0x00,0x00,0x52,0x00,0x00,0x88,0x41,0x08,0xa2,
    0x10,0xaa,0x5a,0x91,0x94,0x95,0xb5,0xd6,0xbd,0x38,0xce,0x79,0xd6,0x7f,0x79,0xd6,
    0x7f,0x79,0xd6,0x2c,0x79,0xd6,0x83,0x95,0xb5,0x41,0x08,0x00,0x00,0x7f,0x00,0x00,
    0x7f,0x00,0x00,0x7f,0x00,0x00,0x7f,0x00,0x00,0x7f,0x00,0x00,0x4a,0x00,0x00,0x87,
    0x61,0x08,0xe7,0x39,0x50,0x8c,0x54,0xad,0x17,0xc6,0x58,0xce,0x79,0xd6,0x7f,0x79,
    0xd6,0x7f,0x79,0xd6,0x35,0x79,0xd6,0x82,0xb2,0x9c,0x00,0x00,0x7f,0x00,0x00,0x7f,
    0x00,0x00,0x7f,0x00,0x00,0x7f,0x00,0x00,0x7f,0x00,0x00,0x42,0x00,0x00,0x87,0x20,
    0x00,0x45,0x29,0xcb,0x5a,0xf3,0x9c,0xb6,0xbd,0x58,0xce,0x79,0xd6,0x7f,0x79,0xd6,
    0x7f,0x79,0xd6,0x3d,0x79,0xd6,0x83,0x58,0xce,0xc6,0x39,0x00,0x00,0x7f,0x00,0x00,
    0x7f,0x00,0x00,0x7f,0x00,0x00,0x7f,0x00,0x00,0x7f,0x00,0x00,0x3b,0x00,0x00,0x86,
    0x82,0x10,0x48,0x4a,0xd2,0x9c,0xf7,0xc5,0x58,0xce,0x79,0xd6,0x7f,0x79,0xd6,0x7f,
    0x79,0xd6,0x45,0x79,0xd6,0x83,0x34,0xad,0x20,0x00,0x00,0x00,0x7f,0x00,0x00,0x7f,
    0x00,0x00,0x7f,0x00,0x00,0x7f,0x00,0x00,0x7f,0x00,0x00,0x33,0x00,0x00,0x86,0x20,
    0x00,0xe3,0x18,0x4c,0x6b,0x54,0xad,0x38,0xce,0x79,0xd6,0x7f,0x79,0xd6,0x7f,0x79,
    0xd6,0x4c,0x79,0xd6,0x83,0x58,0xce,0x89,0x52,0x00,0x00,0x7f,0x00,0x00,0x7f,0x00,
    0x00,0x7f,0x00,0x00,0x7f,0x00,0x00,0x7f,0x00,0x00,0x2e,0x00,0x00,0x85,0x20,0x00,
    0x28,0x42,0x34,0xad,0x38,0xce,0x79,0xd6,0x7f,0x79,0xd6,0x7f,0x79,0xd6,0x53,0x79,
    0xd6,0x82,0x34,0xad,0x00,0x00,0x7f,0x00,0x00,0x7f,0x00,0x00,0x7f,0x00,0x00,0x7f,
    0x00,0x00,0x7f,0x00,0x00,0x2a,0x00,0x00,0x84,0x48,0x4a,0x34,0xad,0x58,0xce,0x79,
    0xd6,0x7f,0x79,0xd6,0x7f,0x79,0xd6,0x58,0x79,0xd6,0x83,0x58,0xce,0x86,0x31,0x00,
    0x00,0x3d,0x00,0x00,0x87,0x6d,0x73,0x38,0xce,0x58,0xce,0x58,0xce,0x95,0xb5,0x20,
    0x00,0x00,0x00,0x7f,0x00,0x00,0x7f,0x00,0x00,0x7f,0x00,0x00,0x7f,0x00,0x00,0x5f,
    0x00,0x00,0x84,0x24,0x21,0x50,0x8c,0xf7,0xc5,0x79,0xd6,0x7f,0x79,0xd6,0x7f,0x79,
    0xd6,0x5e,0x79,0xd6,0x82,0xd2,0x9c,0x00,0x00,0x3b,0x00,0x00,0x89,0x30,0x84,0x79,
    0xd6,0x79,0xd6,0x79,0xd6,0x79,0xd6,0x79,0xd6,0x38,0xce,0xa6,0x31,0x00,0x00,0x7f,
    0x00,0x00,0x7f,0x00,0x00,0x7f,0x00,0x00,0x7f,0x00,0x00,0x5b,0x00,0x00,0x84,0x08,
    0x42,0x54,0xad,0x58,0xce,0x79,0xd6,0x7f,0x79,0xd6,0x7f,0x79,0xd6,0x62,0x79,0xd6,
    0x83,0xf7,0xc5,0x45,0x29,0x00,0x00,0x38,0x00,0x00,0x8a,0x41,0x08,0x58,0xce,0x79,
    0xd6,0x79,0xd6,0x79,0xd6,0x79,0xd6,0x79,0xd6,0x79,0xd6,0x54,0xad,0x00,0x00,0x7f,
    0x00,0x00,0x7f,0x00,0x00,0x7f,0x00,0x00,0x7f,0x00,0x00,0x57,0x00,0x00,0x84,0xe3,
    0x18,0xef,0x7b,0x17,0xc6,0x79,0xd6,0x7f,0x79,0xd6,0x7f,0x79,0xd6,0x68,0x79,0xd6,
    0x82,0xae,0x7b,0x00,0x00,0x37,0x00,0x00,0x8a,0xc6,0x39,0x79,0xd6,0x79,0xd6,0x79,
    0xd6,0x79,0xd6,0x79,0xd6,0x79,0xd6,0x79,0xd6,0x58,0xce,0x00,0x00,0x7f,0x00,0x00,
    0x7f,0x00,0x00,0x7f,0x00,0x00,0x7f,0x00,0x00,0x54,0x00,0x00,0x84,0xe7,0x39,0x13,
    0xa5,0x58,0xce,0x79,0xd6,0x7f,0x79,0xd6,0x7f,0x79,0xd6,0x6c,0x79,0xd6,0x83,0xb6,
    0xbd,0x20,0x00,0x00,0x00,0x35,0x00,0x00,0x8a,0x86,0x31,0x79,0xd6,0x79,0xd6,0x79,
    0xd6,0x79,0xd6,0x79,0xd6,0x79,0xd6,0x79,0xd6,0x58,0xce,0x00,0x00,0x7f,0x00,0x00,
    0x7f,0x00,0x00,0x7f,0x00,0x00,0x7f,0x00,0x00,0x50,0x00,0x00,0x84,0x41,0x08,0xeb,
    0x62,0xb6,0xbd,0x79,0xd6,0x7f,0x79,0xd6,0x7f,0x79,0xd6,0x71,0x79,0xd6,0x83,0x58,
    0xce,0xe7,0x39,0x00,0x00,0x34,0x00,0x00,0x8a,0x20,0x00,0x79,0xd6,0x79,0xd6,0x79,
    0xd6,0x79,0xd6,0x79,0xd6,0x79,0xd6,0x79,0xd6,0x30,0x8c,0x00,0x00,0x7f,0x00,0x00,
    0x7f,0x00,0x00,0x7f,0x00,0x00,0x7f,0x00,0x00,0x4e,0x00,0x00,0x83,0x6d,0x6b,0xf6,
    0xbd,0x79,0xd6,0x7f,0x79,0xd6,0x7f,0x79,0xd6,0x76,0x79,0xd6,0x82,0x30,0x8c,0x00,
    0x00,0x34,0x00,0x00,0x89,0x75,0xad,0x79,0xd6,0x79,0xd6,0x79,0xd6,0x79,0xd6,0x79,
    0xd6,0x58,0xce,0xe3,0x20,0x00,0x00,0x7f,0x00,0x00,0x7f,0x00,0x00,0x7f,0x00,0x00,
    0x7f,0x00,0x00,0x4b,0x00,0x00,0x83,0x6d,0x73,0x38,0xce,0x79,0xd6,0x7f,0x79,0xd6,
    0x7f,0x79,0xd6,0x7a,0x79,0xd6,0x82,0x75,0xad,0x00,0x00,0x34,0x00,0x00,0x87,0x54,
    0xad,0x79,0xd6,0x79,0xd6,0x79,0xd6,0x17,0xc6,0xa2,0x10,0x00,0x00,0x7f,0x00,0x00,
    0x7f,0x00,0x00,0x7f,0x00,0x00,0x7f,0x00,0x00,0x49,0x00,0x00,0x83,0x49,0x4a,0x75,
    0xb5,0x79,0xd6,0x7f,0x79,0xd6,0x7f,0x79,0xd6,0x7e,0x79,0xd6,0x83,0xf7,0xc5,0xe3,
    0x18,0x00,0x00,0x33,0x00,0x00,0x85,0xc3,0x18,0x49,0x4a,0x07,0x42,0x20,0x00,0x00,
    0x00,0x7f,0x00,0x00,0x7f,0x00,0x00,0x7f,0x00,0x00,0x7f,0x00,0x00,0x47,0x00,0x00,
    0x84,0x20,0x00,0x91,0x94,0x58,0xce,0x79,0xd6,0x7f,0x79,0xd6,0x7f,0x79,0xd6,0x7f,
    0x79,0xd6,0x85,0x79,0xd6,0x79,0xd6,0x58,0xce,0xe7,0x39,0x00,0x00,0x7f,0x00,0x00,
    0x7f,0x00,0x00,0x7f,0x00,0x00,0x7f,0x00,0x00,0x7c,0x00,0x00,0x83,0xe7,0x39,0xd6,
    0xbd,0x79,0xd6,0x7f,0x79,0xd6,0x7f,0x79,0xd6,0x7f,0x79,0xd6,0x89,0x79,0xd6,0x79,
    0xd6,0x79,0xd6,0x79,0xd6,0x79,0xd6,0x79,0xd6,0x79,0xd6,0xeb,0x5a,0x00,0x00,0x7f,
    0x00,0x00,0x7f,0x00,0x00,0x7f,0x00,0x00,0x7f,0x00,0x00,0x79,0x00,0x00,0x83,0xce,
    0x7b,0x58,0xce,0x79,0xd6,0x7f,0x79,0xd6,0x7f,0x79,0xd6,0x7f,0x79,0xd6,0x8c,0x79,
    0xd6,0x79,0xd6,0x79,0xd6,0x79,0xd6,0x79,0xd6,0x79,0xd6,0x79,0xd6,0x79,0xd6,0x79,
    0xd6,0x79,0xd6,0xd2,0x9c,0x00,0x00,0x7f,0x00,0x00,0x7f,0x00,0x00,0x7f,0x00,0x00,
    0x7f,0x00,0x00,0x75,0x00,0x00,0x83,0x81,0x10,0x54,0xad,0x79,0xd6,0x7f,0x79,0xd6,
    0x7f,0x79,0xd6,0x7f,0x79,0xd6,0x90,0x79,0xd6,0x79,0xd6,0x79,0xd6,0x79,0xd6,0x79,
    0xd6,0x79,0xd6,0x79,0xd6,0x79,0xd6,0x79,0xd6,0x79,0xd6,0x79,0xd6,0x79,0xd6,0x79,
    0xd6,0x79,0xd6,0x95,0xb5,0x00,0x00,0x7f,0x00,0x00,0x7f,0x00,0x00,0x7f,0x00,0x00,
    0x7f,0x00,0x00,0x72,0x00,0x00,0x83,0x86,0x31,0xf6,0xbd,0x79,0xd6,0x7f,0x79,0xd6,
    0x7f,0x79,0xd6,0x7f,0x79,0xd6,0x11,0x79,0xd6,0x83,0xf6,0xbd,0xa2,0x10,0x00,0x00,
    0x7f,0x00,0x00,0x7f,0x00,0x00,0x7f,0x00,0x00,0x7f,0x00,0x00,0x6e,0x00,0x00,0x83,
    0xe7,0x39,0x38,0xce,0x79,0xd6,0x7f,0x79,0xd6,0x7f,0x79,0xd6,0x7f,0x79,0xd6,0x14,
    0x79,0xd6,0x83,0xf7,0xc5,0xc3,0x18,0x00,0x00,0x7f,0x00,0x00,0x7f,0x00,0x00,0x7f,
    0x00,0x00,0x7f,0x00,0x00,0x6b,0x00,0x00,0x83,0xc7,0x39,0x38,0xce,0x79,0xd6,0x56,
    0x79,0xd6,0xa0,0x58,0xce,0x58,0xce,0x17,0xc6,0xf7,0xc5,0xb6,0xbd,0x95,0xb5,0x54,
    0xad,0x34,0xad,0xd2,0x9c,0x91,0x94,0x71,0x94,0x50,0x8c,0x30,0x84,0x0f,0x84,0xce,
    0x7b,0xae,0x73,0x6d,0x73,0x4c,0x6b,0x6d,0x6b,0x8d,0x73,0xcf,0x7b,0x10,0x84,0x30,
    0x8c,0x91,0x94,0xd2,0x9c,0x13,0xa5,0xb6,0xb5,0xf6,0xbd,0x17,0xc6,0x38,0xce,0x58,
    0xce,0x79,0xd6,0x7f,0x79,0xd6,0x7f,0x79,0xd6,0x20,0x79,0xd6,0x83,0x58,0xce,0x04,
    0x21,0x00,0x00,0x7f,0x00,0x00,0x7f,0x00,0x00,0x7f,0x00,0x00,0x7f,0x00,0x00,0x68,
    0x00,0x00,0x83,0xc3,0x18,0x17,0xc6,0x79,0xd6,0x4a,0x79,0xd6,0x8f,0x58,0xce,0x58,
    0xce,0x17,0xc6,0xd6,0xbd,0x54,0xad,0xf3,0x9c,0x0f,0x84,0x6d,0x6b,0x8a,0x52,0x28,
    0x42,0xa6,0x31,0x45,0x29,0xc3,0x18,0x61,0x08,0x00,0x00,0x1f,0x00,0x00,0x88,0x82,
    0x10,0x45,0x29,0x8d,0x73,0x50,0x8c,0x54,0xad,0xf6,0xbd,0x58,0xce,0x79,0xd6,0x7f,
    0x79,0xd6,0x7f,0x79,0xd6,0x19,0x79,0xd6,0x83,0x58,0xce,0xa6,0x31,0x00,0x00,0x7f,
    0x00,0x00,0x7f,0x00,0x00,0x7f,0x00,0x00,0x7f,0x00,0x00,0x66,0x00,0x00,0x82,0x75,
    0xad,0x79,0xd6,0x44,0x79,0xd6,0x8a,0x58,0xce,0x38,0xce,0xd6,0xbd,0x54,0xad,0x4c,
    0x6b,0x69,0x4a,0x45,0x29,0x81,0x10,0x20,0x00,0x00,0x00,0x30,0x00,0x00,0x86,0xc3,
    0x18,0x28,0x42,0x13,0xa5,0xf7,0xc5,0x58,0xce,0x79,0xd6,0x7f,0x79,0xd6,0x7f,0x79,
    0xd6,0x18,0x79,0xd6,0x83,0x58,0xce,0x89,0x52,0x00,0x00,0x7f,0x00,0x00,0x7f,0x00,
    0x00,0x7f,0x00,0x00,0x7f,0x00,0x00,0x63,0x00,0x00,0x82,0x0f,0x84,0x79,0xd6,0x3f,
    0x79,0xd6,0x89,0x58,0xce,0x17,0xc6,0xb6,0xbd,0x71,0x8c,0x2c,0x6b,0xc7,0x39,0x45,
    0x29,0x20,0x00,0x00,0x00,0x32,0x00,0x00,0x86,0x86,0x31,0xce,0x7b,0x95,0xb5,0x17,
    0xc6,0x58,0xce,0x79,0xd6,0x7f,0x79,0xd6,0x7f,0x79,0xd6,0x1f,0x79,0xd6,0x83,0x58,
    0xce,0x89,0x52,0x00,0x00,0x7f,0x00,0x00,0x7f,0x00,0x00,0x7f,0x00,0x00,0x7f,0x00,
    0x00,0x60,0x00,0x00,0x83,0x24,0x21,0x58,0xce,0x79,0xd6,0x3b,0x79,0xd6,0x87,0x17,
    0xc6,0x54,0xad,0xef,0x7b,0xcb,0x5a,0xa6,0x31,0xa2,0x10,0x00,0x00,0x34,0x00,0x00,
    0x85,0x61,0x08,0x6d,0x73,0x95,0xb5,0x38,0xce,0x79,0xd6,0x6b,0x79,0xd6,0x8a,0x38,
    0xce,0x30,0x8c,0x08,0x42,0xe3,0x18,0x81,0x10,0xe3,0x18,0xe7,0x39,0xb2,0x94,0x17,
    0xc6,0x79,0xd6,0x7f,0x79,0xd6,0x31,0x79,0xd6,0x82,0x89,0x52,0x00,0x00,0x7f,0x00,
    0x00,0x7f,0x00,0x00,0x7f,0x00,0x00,0x7f,0x00,0x00,0x5e,0x00,0x00,0x82,0x75,0xb5,
    0x79,0xd6,0x37,0x79,0xd6,0x87,0x58,0xce,0x17,0xc6,0xf3,0x9c,0x2c,0x6b,0x65,0x29,
    0xa2,0x10,0x00,0x00,0x36,0x00,0x00,0x85,0x20,0x00,0x8d,0x73,0xf7,0xc5,0x58,0xce,
    0x79,0xd6,0x6d,0x79,0xd6,0x8e,0xd6,0xbd,0xa6,0x31,0x00,0x00,0x00,0x00,0x00,0x00,
    0x00,0x00,0x00,0x00,0x00,0x00,0x00,0x00,0x00,0x00,0x00,0x00,0xa6,0x31,0x38,0xce,
    0x79,0xd6,0x7f,0x79,0xd6,0x30,0x79,0xd6,0x87,0x6d,0x6b,0x00,0x00,0x00,0x00,0x00,
    0x00,0x00,0x00,0x20,0x00,0x00,0x00,0x7f,0x00,0x00,0x7f,0x00,0x00,0x7f,0x00,0x00,
    0x7f,0x00,0x00,0x56,0x00,0x00,0x82,0x4c,0x6b,0x79,0xd6,0x35,0x79,0xd6,0x86,0x38,
    0xce,0xb6,0xb5,0xce,0x7b,0x49,0x4a,0x82,0x10,0x00,0x00,0x38,0x00,0x00,0x84,0x85,
    0x31,0x54,0xad,0x58,0xce,0x79,0xd6,0x70,0x79,0xd6,0x90,0x0f,0x84,0x20,0x00,0x00,
    0x00,0x00,0x00,0x00,0x00,0x00,0x00,0x00,0x00,0x00,0x00,0x00,0x00,0x00,0x00,0x00,
    0x00,0x00,0x00,0x00,0x00,0x00,0x00,0x50,0x8c,0x79,0xd6,0x7f,0x79,0xd6,0x30,0x79,
    0xd6,0x82,0xcb,0x5a,0x00,0x00,0x7f,0x00,0x00,0x7f,0x00,0x00,0x7f,0x00,0x00,0x7f,
    0x00,0x00,0x58,0x00,0x00,0x83,0x61,0x08,0x17,0xc6,0x79,0xd6,0x32,0x79,0xd6,0x86,
    0x58,0xce,0x95,0xb5,0x8e,0x73,0xe7,0x39,0x41,0x08,0x00,0x00,0x39,0x00,0x00,0x84,
    0xcb,0x5a,0xb6,0xb5,0x58,0xce,0x79,0xd6,0x72,0x79,0xd6,0x92,0xaa,0x5a,0x00,0x00,
    0x00,0x00,0x00,0x00,0x00,0x00,0x00,0x00,0x00,0x00,0x00,0x00,0x00,0x00,0x00,0x00,
    0x00,0x00,0x00,0x00,0x00,0x00,0x00,0x00,0x20,0x00,0x00,0x00,0x6d,0x6b,0x79,0xd6,
    0x7f,0x79,0xd6,0x30,0x79,0xd6,0x82,0x0b,0x63,0x00,0x00,0x7f,0x00,0x00,0x7f,0x00,
    0x00,0x7f,0x00,0x00,0x7f,0x00,0x00,0x56,0x00,0x00,0x82,0xce,0x7b,0x79,0xd6,0x31,
    0x79,0xd6,0x85,0x17,0xc6,0x10,0x84,0x28,0x42,0x41,0x08,0x00,0x00,0x3a,0x00,0x00,
    0x83,0x8a,0x52,0xd6,0xbd,0x79,0xd6,0x75,0x79,0xd6,0x94,0x8d,0x73,0x00,0x00,0x00,
    0x00,0x00,0x00,0x00,0x00,0x00,0x00,0x00,0x00,0x00,0x00,0x00,0x00,0x00,0x00,0x00,
    0x00,0x00,0x00,0x00,0x00,0x00,0x00,0x00,0x00,0x00,0x00,0x00,0x00,0x00,0x00,0xb2,
    0x9c,0x79,0xd6,0x7f,0x79,0xd6,0x30,0x79,0xd6,0x82,0x0b,0x63,0x00,0x00,0x7f,0x00,
    0x00,0x7f,0x00,0x00,0x7f,0x00,0x00,0x7f,0x00,0x00,0x53,0x00,0x00,0x83,0x20,0x00,
    0x38,0xce,0x79,0xd6,0x2e,0x79,0xd6,0x86,0x58,0xce,0x95,0xb5,0x0b,0x63,0xa2,0x10,
    0x20,0x00,0x00,0x00,0x3a,0x00,0x00,0x83,0x45,0x29,0x34,0xad,0x79,0xd6,0x77,0x79,
    0xd6,0x82,0x17,0xc6,0x00,0x00,0x12,0x00,0x00,0x82,0x38,0xce,0x79,0xd6,0x7f,0x79,
    0xd6,0x30,0x79,0xd6,0x82,0x8a,0x52,0x00,0x00,0x7f,0x00,0x00,0x7f,0x00,0x00,0x7f,
    0x00,0x00,0x7f,0x00,0x00,0x51,0x00,0x00,0x82,0xaa,0x5a,0x79,0xd6,0x2d,0x79,0xd6,
    0x85,0x58,0xce,0x54,0xad,0x08,0x42,0x82,0x10,0x00,0x00,0x3c,0x00,0x00,0x83,0x6d,
    0x73,0x38,0xce,0x79,0xd6,0x79,0x79,0xd6,0x82,0x07,0x42,0x00,0x00,0x12,0x00,0x00,
    0x82,0x49,0x4a,0x79,0xd6,0x7f,0x79,0xd6,0x31,0x79,0xd6,0x82,0x45,0x29,0x00,0x00,
    0x7f,0x00,0x00,0x7f,0x00,0x00,0x7f,0x00,0x00,0x7f,0x00,0x00,0x4f,0x00,0x00,0x82,
    0xf7,0xc5,0x79,0xd6,0x2c,0x79,0xd6,0x84,0x95,0xb5,0x48,0x4a,0x20,0x00,0x00,0x00,
    0x3c,0x00,0x00,0x83,0xc7,0x39,0xb6,0xb5,0x79,0xd6,0x7b,0x79,0xd6,0x82,0xf7,0xc5,
    0x00,0x00,0x14,0x00,0x00,0x82,0x38,0xce,0x79,0xd6,0x7f,0x79,0xd6,0x30,0x79,0xd6,
    0x83,0x58,0xce,0xe7,0x39,0x00,0x00,0x7f,0x00,0x00,0x7f,0x00,0x00,0x7f,0x00,0x00,
    0x7f,0x00,0x00,0x4c,0x00,0x00,0x83,0xa6,0x31,0x58,0xce,0x79,0xd6,0x2a,0x79,0xd6,
    0x84,0xf7,0xc5,0x6d,0x6b,0x82,0x10,0x00,0x00,0x3c,0x00,0x00,0x84,0x82,0x10,0x91,
    0x94,0x58,0xce,0x79,0xd6,0x7d,0x79,0xd6,0x82,0x0f,0x84,0x00,0x00,0x14,0x00,0x00,
    0x82,0x8e,0x73,0x79,0xd6,0x7f,0x79,0xd6,0x31,0x79,0xd6,0x83,0x58,0xce,0xc3,0x18,
    0x00,0x00,0x7f,0x00,0x00,0x7f,0x00,0x00,0x7f,0x00,0x00,0x7f,0x00,0x00,0x45,0x00,
    0x00,0x87,0x20,0x00,0x00,0x00,0x00,0x00,0x00,0x00,0x00,0x00,0x34,0xa5,0x79,0xd6,
    0x29,0x79,0xd6,0x84,0x38,0xce,0x0f,0x84,0x24,0x21,0x00,0x00,0x3d,0x00,0x00,0x83,
    0x45,0x29,0xb6,0xbd,0x79,0xd6,0x7f,0x79,0xd6,0x83,0x79,0xd6,0x45,0x29,0x00,0x00,
    0x14,0x00,0x00,0x82,0x28,0x42,0x79,0xd6,0x7f,0x79,0xd6,0x32,0x79,0xd6,0x83,0x17,
    0xc6,0x41,0x08,0x00,0x00,0x7f,0x00,0x00,0x7f,0x00,0x00,0x7f,0x00,0x00,0x7f,0x00,
    0x00,0x48,0x00,0x00,0x82,0x17,0xc6,0x79,0xd6,0x27,0x79,0xd6,0x84,0x58,0xce,0x34,
    0xad,0x07,0x42,0x00,0x00,0x3e,0x00,0x00,0x83,0x08,0x42,0x17,0xc6,0x79,0xd6,0x7f,
    0x79,0xd6,0x85,0x79,0xd6,0x79,0xd6,0x58,0xce,0x82,0x10,0x00,0x00,0x14,0x00,0x00,
    0x82,0x82,0x10,0x79,0xd6,0x7f,0x79,0xd6,0x33,0x79,0xd6,0x83,0xf7,0xc5,0x20,0x00,
    0x00,0x00,0x7f,0x00,0x00,0x7f,0x00,0x00,0x7f,0x00,0x00,0x7f,0x00,0x00,0x45,0x00,
    0x00,0x82,0xe3,0x18,0x79,0xd6,0x27,0x79,0xd6,0x84,0x38,0xce,0xb2,0x9c,0x24,0x21,
    0x00,0x00,0x3e,0x00,0x00,0x83,0xcb,0x5a,0x58,0xce,0x79,0xd6,0x7f,0x79,0xd6,0x86,
    0x79,0xd6,0x79,0xd6,0x79,0xd6,0x79,0xd6,0x38,0xce,0x00,0x00,0x16,0x00,0x00,0x82,
    0x58,0xce,0x79,0xd6,0x7f,0x79,0xd6,0x33,0x79,0xd6,0x82,0x95,0xb5,0x00,0x00,0x7f,
    0x00,0x00,0x7f,0x00,0x00,0x7f,0x00,0x00,0x7f,0x00,0x00,0x44,0x00,0x00,0x82,0x10,
    0x84,0x79,0xd6,0x26,0x79,0xd6,0x84,0xb6,0xb5,0xc7,0x39,0x82,0x10,0x00,0x00,0x3f,
    0x00,0x00,0x8e,0x41,0x08,0x6d,0x6b,0xae,0x7b,0xae,0x73,0x0f,0x84,0x91,0x94,0x13,
    0xa5,0x95,0xb5,0xf7,0xc5,0x17,0xc6,0x38,0xce,0x58,0xce,0x58,0xce,0x79,0xd6,0x79,
    0x79,0xd6,0x83,0x38,0xce,0x20,0x00,0x00,0x00,0x15,0x00,0x00,0x82,0x58,0xce,0x79,
    0xd6,0x7f,0x79,0xd6,0x34,0x79,0xd6,0x82,0x91,0x94,0x00,0x00,0x7f,0x00,0x00,0x7f,
    0x00,0x00,0x7f,0x00,0x00,0x7f,0x00,0x00,0x42,0x00,0x00,0x82,0x34,0xad,0x79,0xd6,
    0x25,0x79,0xd6,0x84,0x34,0xa5,0xc6,0x39,0x20,0x00,0x00,0x00,0x4e,0x00,0x00,0x8b,
    0x20,0x00,0x61,0x08,0xc3,0x18,0x28,0x42,0x0b,0x63,0x30,0x8c,0xd2,0x9c,0xd6,0xbd,
    0x38,0xce,0x58,0xce,0x79,0xd6,0x6f,0x79,0xd6,0x82,0x58,0xce,0x00,0x00,0x16,0x00,
    0x00,0x82,0x58,0xce,0x79,0xd6,0x7f,0x79,0xd6,0x35,0x79,0xd6,0x82,0x8e,0x73,0x00,
    0x00,0x7f,0x00,0x00,0x7f,0x00,0x00,0x7f,0x00,0x00,0x7f,0x00,0x00,0x40,0x00,0x00,
    0x82,0x58,0xce,0x79,0xd6,0x24,0x79,0xd6,0x83,0x10,0x84,0xc6,0x39,0x00,0x00,0x5c,
    0x00,0x00,0x87,0x41,0x08,0xc7,0x39,0x0f,0x84,0x34,0xad,0xf6,0xbd,0x58,0xce,0x79,
    0xd6,0x68,0x79,0xd6,0x83,0x58,0xce,0x61,0x08,0x00,0x00,0x14,0x00,0x00,0x82,0x61,
    0x08,0x79,0xd6,0x7f,0x79,0xd6,0x37,0x79,0xd6,0x82,0xe7,0x39,0x00,0x00,0x7f,0x00,
    0x00,0x7f,0x00,0x00,0x7f,0x00,0x00,0x7f,0x00,0x00,0x3d,0x00,0x00,0x82,0xe3,0x18,
    0x79,0xd6,0x24,0x79,0xd6,0x83,0xf3,0xa4,0x24,0x21,0x00,0x00,0x64,0x00,0x00,0x87,
    0x20,0x00,0x45,0x29,0x8e,0x73,0xf3,0xa4,0x17,0xc6,0x58,0xce,0x79,0xd6,0x63,0x79,
    0xd6,0x82,0xcb,0x5a,0x00,0x00,0x14,0x00,0x00,0x82,0x8a,0x52,0x79,0xd6,0x7f,0x79,
    0xd6,0x37,0x79,0xd6,0x83,0x58,0xce,0xc7,0x39,0x00,0x00,0x7f,0x00,0x00,0x7f,0x00,
    0x00,0x7f,0x00,0x00,0x7f,0x00,0x00,0x3b,0x00,0x00,0x82,0x65,0x29,0x79,0xd6,0x23,
    0x79,0xd6,0x83,0x91,0x94,0xa2,0x10,0x00,0x00,0x6c,0x00,0x00,0x86,0x41,0x08,0x89,
    0x52,0x91,0x94,0x54,0xad,0x58,0xce,0x79,0xd6,0x5e,0x79,0xd6,0x82,0x13,0xa5,0x00,
    0x00,0x14,0x00,0x00,0x82,0x95,0xb5,0x79,0xd6,0x7f,0x79,0xd6,0x38,0x79,0xd6,0x83,
    0x17,0xc6,0x20,0x00,0x00,0x00,0x7f,0x00,0x00,0x7f,0x00,0x00,0x7f,0x00,0x00,0x7f,
    0x00,0x00,0x39,0x00,0x00,0x82,0xae,0x73,0x79,0xd6,0x21,0x79,0xd6,0x85,0x58,0xce,
    0x91,0x94,0xa2,0x10,0x20,0x00,0x00,0x00,0x72,0x00,0x00,0x85,0x20,0x00,0xc6,0x39,
    0x0f,0x84,0x17,0xc6,0x79,0xd6,0x5a,0x79,0xd6,0x83,0x58,0xce,0x20,0x00,0x00,0x00,
    0x12,0x00,0x00,0x82,0x20,0x00,0x79,0xd6,0x7f,0x79,0xd6,0x3a,0x79,0xd6,0x82,0x75,
    0xb5,0x00,0x00,0x7f,0x00,0x00,0x7f,0x00,0x00,0x7f,0x00,0x00,0x7f,0x00,0x00,0x38,
    0x00,0x00,0x82,0x91,0x94,0x79,0xd6,0x21,0x79,0xd6,0x83,0x54,0xad,0xe7,0x39,0x00,
    0x00,0x74,0x00,0x00,0x8b,0x20,0x00,0x00,0x00,0x00,0x00,0x00,0x00,0x00,0x00,0x00,
    0x00,0x61,0x08,0xcb,0x5a,0xd6,0xbd,0x38,0xce,0x79,0xd6,0x56,0x79,0xd6,0x82,0x10,
    0x84,0x00,0x00,0x12,0x00,0x00,0x82,0xb6,0xbd,0x79,0xd6,0x7f,0x79,0xd6,0x3b,0x79,
    0xd6,0x82,0x30,0x84,0x00,0x00,0x7f,0x00,0x00,0x7f,0x00,0x00,0x7f,0x00,0x00,0x7f,
    0x00,0x00,0x36,0x00,0x00,0x82,0x75,0xad,0x79,0xd6,0x20,0x79,0xd6,0x83,0xd6,0xbd,
    0x48,0x4a,0x00,0x00,0x7f,0x00,0x00,0x86,0x00,0x00,0xc3,0x18,0x8d,0x73,0xd6,0xbd,
    0x58,0xce,0x79,0xd6,0x53,0x79,0xd6,0x94,0x61,0x08,0x00,0x00,0x00,0x00,0x00,0x00,
    0x00,0x00,0x00,0x00,0x00,0x00,0x00,0x00,0x00,0x00,0x00,0x00,0x00,0x00,0x00,0x00,
    0x00,0x00,0x00,0x00,0x00,0x00,0x00,0x00,0x00,0x00,0x00,0x00,0xef,0x83,0x79,0xd6,
    0x7f,0x79,0xd6,0x3d,0x79,0xd6,0x82,0x48,0x4a,0x00,0x00,0x7f,0x00,0x00,0x7f,0x00,
    0x00,0x7f,0x00,0x00,0x7f,0x00,0x00,0x34,0x00,0x00,0x82,0xf6,0xbd,0x79,0xd6,0x1f,
    0x79,0xd6,0x87,0x17,0xc6,0xc6,0x39,0x00,0x00,0x00,0x00,0x00,0x00,0x20,0x00,0x00,
    0x00,0x7f,0x00,0x00,0x87,0x00,0x00,0x00,0x00,0x00,0x00,0xa6,0x31,0xd2,0x9c,0x17,
    0xc6,0x79,0xd6,0x51,0x79,0xd6,0x10,0x00,0x00,0x82,0x49,0x4a,0x79,0xd6,0x7f,0x79,
    0xd6,0x3f,0x79,0xd6,0x82,0x85,0x31,0x00,0x00,0x7f,0x00,0x00,0x7f,0x00,0x00,0x7f,
    0x00,0x00,0x7f,0x00,0x00,0x32,0x00,0x00,0x82,0xf7,0xc5,0x79,0xd6,0x1e,0x79,0xd6,
    0x84,0x58,0xce,0xcf,0x7b,0xa2,0x10,0x00,0x00,0x7f,0x00,0x00,0x90,0x00,0x00,0x00,
    0x00,0x00,0x00,0x00,0x00,0x00,0x00,0x00,0x00,0x00,0x00,0x00,0x00,0x00,0x00,0x00,
    0x00,0x00,0x00,0x61,0x08,0x2c,0x6b,0x75,0xad,0x58,0xce,0x79,0xd6,0x4d,0x79,0xd6,
    0x91,0x38,0xce,0x61,0x08,0x00,0x00,0x00,0x00,0x00,0x00,0x00,0x00,0x00,0x00,0x00,
    0x00,0x00,0x00,0x00,0x00,0x00,0x00,0x00,0x00,0x00,0x00,0x00,0x00,0x00,0x00,0xef,
    0x83,0x79,0xd6,0x7f,0x79,0xd6,0x40,0x79,0xd6,0x82,0x38,0xce,0x00,0x00,0x7f,0x00,
    0x00,0x7f,0x00,0x00,0x7f,0x00,0x00,0x7f,0x00,0x00,0x30,0x00,0x00,0x83,0x20,0x00,
    0xf6,0xbd,0x79,0xd6,0x1e,0x79,0xd6,0x83,0xd6,0xbd,0xc7,0x39,0x00,0x00,0x7f,0x00,
    0x00,0x11,0x00,0x00,0x84,0xe3,0x18,0x50,0x8c,0x17,0xc6,0x79,0xd6,0x4c,0x79,0xd6,
    0x8e,0xcb,0x5a,0x00,0x00,0x00,0x00,0x00,0x00,0x00,0x00,0x00,0x00,0x00,0x00,0x00,
    0x00,0x00,0x00,0x00,0x00,0x00,0x00,0x08,0x42,0xf7,0xc5,0x79,0xd6,0x7f,0x79,0xd6,
    0x42,0x79,0xd6,0x82,0xb6,0xb5,0x00,0x00,0x7f,0x00,0x00,0x7f,0x00,0x00,0x7f,0x00,
    0x00,0x7f,0x00,0x00,0x2f,0x00,0x00,0x82,0xf6,0xbd,0x79,0xd6,0x1d,0x79,0xd6,0x83,
    0x58,0xce,0x0f,0x84,0x00,0x00,0x7f,0x00,0x00,0x16,0x00,0x00,0x84,0xe3,0x18,0x30,
    0x84,0x17,0xc6,0x79,0xd6,0x4a,0x79,0xd6,0x8b,0x58,0xce,0x50,0x8c,0x04,0x21,0x00,
    0x00,0x00,0x00,0x00,0x00,0x00,0x00,0x82,0x10,0x48,0x4a,0xf7,0xc5,0x79,0xd6,0x7f,
    0x79,0xd6,0x45,0x79,0xd6,0x82,0x8e,0x73,0x00,0x00,0x7f,0x00,0x00,0x7f,0x00,0x00,
    0x7f,0x00,0x00,0x7f,0x00,0x00,0x2d,0x00,0x00,0x82,0xb6,0xbd,0x79,0xd6,0x1d,0x79,
    0xd6,0x83,0xf7,0xc5,0x24,0x21,0x00,0x00,0x7f,0x00,0x00,0x1a,0x00,0x00,0x84,0x24,
    0x21,0xf3,0x9c,0x38,0xce,0x79,0xd6,0x4a,0x79,0xd6,0x85,0x58,0xce,0x58,0xce,0x58,
    0xce,0x58,0xce,0x79,0xd6,0x7f,0x79,0xd6,0x49,0x79,0xd6,0x82,0xa6,0x31,0x00,0x00,
    0x7f,0x00,0x00,0x7f,0x00,0x00,0x7f,0x00,0x00,0x7f,0x00,0x00,0x2b,0x00,0x00,0x82,
    0xf6,0xbd,0x79,0xd6,0x1d,0x79,0xd6,0x83,0x50,0x8c,0x82,0x10,0x00,0x00,0x7f,0x00,
    0x00,0x1e,0x00,0x00,0x83,0xc7,0x39,0xb6,0xbd,0x79,0xd6,0x7f,0x79,0xd6,0x7f,0x79,
    0xd6,0x17,0x79,0xd6,0x82,0x58,0xce,0x00,0x00,0x7f,0x00,0x00,0x7f,0x00,0x00,0x7f,
    0x00,0x00,0x7f,0x00,0x00,0x2a,0x00,0x00,0x82,0xb2,0x9c,0x79,0xd6,0x1c,0x79,0xd6,
    0x83,0x38,0xce,0x49,0x4a,0x00,0x00,0x7f,0x00,0x00,0x22,0x00,0x00,0x84,0x20,0x00,
    0x91,0x94,0x58,0xce,0x79,0xd6,0x7f,0x79,0xd6,0x7f,0x79,0xd6,0x15,0x79,0xd6,0x82,
    0xb6,0xbd,0x00,0x00,0x7f,0x00,0x00,0x7f,0x00,0x00,0x7f,0x00,0x00,0x7f,0x00,0x00,
    0x28,0x00,0x00,0x82,0x91,0x94,0x79,0xd6,0x1c,0x79,0xd6,0x83,0xb6,0xb5,0xc3,0x18,
    0x00,0x00,0x7f,0x00,0x00,0x22,0x00,0x00,0x87,0x20,0x00,0x00,0x00,0x00,0x00,0x20,
    0x00,0x0b,0x63,0xf7,0xc5,0x79,0xd6,0x7f,0x79,0xd6,0x7f,0x79,0xd6,0x14,0x79,0xd6,
    0x82,0xaa,0x5a,0x00,0x00,0x7f,0x00,0x00,0x7f,0x00,0x00,0x7f,0x00,0x00,0x7f,0x00,
    0x00,0x26,0x00,0x00,0x82,0xcb,0x5a,0x79,0xd6,0x1c,0x79,0xd6,0x82,0xd2,0x9c,0x00,
    0x00,0x7f,0x00,0x00,0x2a,0x00,0x00,0x83,0x28,0x42,0xf6,0xbd,0x79,0xd6,0x7f,0x79,
    0xd6,0x7f,0x79,0xd6,0x12,0x79,0xd6,0x83,0x58,0xce,0x61,0x08,0x00,0x00,0x7f,0x00,
    0x00,0x7f,0x00,0x00,0x7f,0x00,0x00,0x7f,0x00,0x00,0x24,0x00,0x00,0x82,0x48,0x4a,
    0x79,0xd6,0x1b,0x79,0xd6,0x83,0x58,0xce,0xeb,0x5a,0x00,0x00,0x7f,0x00,0x00,0x2d,
    0x00,0x00,0x83,0x85,0x31,0xb6,0xbd,0x79,0xd6,0x7f,0x79,0xd6,0x7f,0x79,0xd6,0x11,
    0x79,0xd6,0x82,0xf7,0xc5,0x00,0x00,0x7f,0x00,0x00,0x7f,0x00,0x00,0x7f,0x00,0x00,
    0x7f,0x00,0x00,0x23,0x00,0x00,0x82,0x86,0x31,0x79,0xd6,0x1b,0x79,0xd6,0x83,0xf7,
    0xc5,0x45,0x29,0x00,0x00,0x7f,0x00,0x00,0x30,0x00,0x00,0x83,0xa6,0x31,0xd6,0xbd,
    0x79,0xd6,0x7f,0x79,0xd6,0x7f,0x79,0xd6,0x10,0x79,0xd6,0x82,0x0f,0x84,0x00,0x00,
    0x7f,0x00,0x00,0x7f,0x00,0x00,0x7f,0x00,0x00,0x7f,0x00,0x00,0x21,0x00,0x00,0x82,
    0x20,0x00,0x79,0xd6,0x1b,0x79,0xd6,0x83,0x75,0xb5,0x20,0x00,0x00,0x00,0x7f,0x00,
    0x00,0x30,0x00,0x00,0x86,0x20,0x00,0x00,0x00,0x00,0x00,0x49,0x4a,0x17,0xc6,0x79,
    0xd6,0x7f,0x79,0xd6,0x7f,0x79,0xd6,0x91,0x79,0xd6,0x79,0xd6,0x79,0xd6,0x79,0xd6,
    0x79,0xd6,0x79,0xd6,0x79,0xd6,0x79,0xd6,0x79,0xd6,0x79,0xd6,0x79,0xd6,0x79,0xd6,
    0x79,0xd6,0x79,0xd6,0x79,0xd6,0x24,0x21,0x00,0x00,0x7f,0x00,0x00,0x7f,0x00,0x00,
    0x7f,0x00,0x00,0x7f,0x00,0x00,0x20,0x00,0x00,0x82,0x58,0xce,0x79,0xd6,0x1a,0x79,
    0xd6,0x82,0x91,0x94,0x00,0x00,0x7f,0x00,0x00,0x37,0x00,0x00,0x83,0x4c,0x6b,0x38,
    0xce,0x79,0xd6,0x7f,0x79,0xd6,0x7f,0x79,0xd6,0x8f,0x79,0xd6,0x79,0xd6,0x79,0xd6,
    0x79,0xd6,0x79,0xd6,0x79,0xd6,0x79,0xd6,0x79,0xd6,0x79,0xd6,0x79,0xd6,0x79,0xd6,
    0x79,0xd6,0x79,0xd6,0x38,0xce,0x00,0x00,0x7f,0x00,0x00,0x7f,0x00,0x00,0x7f,0x00,
    0x00,0x7f,0x00,0x00,0x1f,0x00,0x00,0x82,0xf6,0xbd,0x79,0xd6,0x1a,0x79,0xd6,0x82,
    0xaa,0x5a,0x00,0x00,0x5f,0x00,0x00,0x82,0x20,0x00,0x00,0x00,0x58,0x00,0x00,0x82,
    0x10,0x84,0x79,0xd6,0x7f,0x79,0xd6,0x7f,0x79,0xd6,0x8f,0x79,0xd6,0x79,0xd6,0x79,
    0xd6,0x79,0xd6,0x79,0xd6,0x79,0xd6,0x79,0xd6,0x79,0xd6,0x79,0xd6,0x79,0xd6,0x79,
    0xd6,0x79,0xd6,0x79,0xd6,0xcf,0x7b,0x00,0x00,0x7f,0x00,0x00,0x7f,0x00,0x00,0x7f,
    0x00,0x00,0x7f,0x00,0x00,0x1d,0x00,0x00,0x82,0x30,0x84,0x79,0xd6,0x19,0x79,0xd6,
    0x83,0x58,0xce,0xc6,0x39,0x00,0x00,0x7f,0x00,0x00,0x3c,0x00,0x00,0x83,0x41,0x08,
    0xf7,0xc5,0x79,0xd6,0x7f,0x79,0xd6,0x7f,0x79,0xd6,0x8e,0x79,0xd6,0x79,0xd6,0x79,
    0xd6,0x79,0xd6,0x79,0xd6,0x79,0xd6,0x79,0xd6,0x79,0xd6,0x79,0xd6,0x79,0xd6,0x79,
    0xd6,0x79,0xd6,0x04,0x21,0x00,0x00,0x7f,0x00,0x00,0x7f,0x00,0x00,0x7f,0x00,0x00,
    0x7f,0x00,0x00,0x1b,0x00,0x00,0x82,0x28,0x42,0x79,0xd6,0x19,0x79,0xd6,0x83,0x38,
    0xce,0xc3,0x18,0x00,0x00,0x3d,0x00,0x00,0xa9,0x20,0x00,0x82,0x10,0xc3,0x18,0x04,
    0x21,0x04,0x21,0x04,0x21,0x04,0x21,0x65,0x29,0x65,0x29,0x65,0x29,0x65,0x29,0x85,
    0x31,0x65,0x29,0x65,0x29,0x65,0x29,0x65,0x29,0x65,0x29,0x65,0x29,0x86,0x31,0x86,
    0x31,0x86,0x31,0xa6,0x31,0xa6,0x31,0xa6,0x31,0x04,0x21,0xc7,0x39,0x07,0x42,0xe3,
    0x18,0xe3,0x18,0xc3,0x18,0xc3,0x18,0xc3,0x18,0xc3,0x18,0xa2,0x10,0xa2,0x10,0x82,
    0x10,0x61,0x08,0x20,0x00,0x41,0x08,0x20,0x00,0x00,0x00,0x58,0x00,0x00,0x82,0x0b,
    0x63,0x79,0xd6,0x7f,0x79,0xd6,0x7f,0x79,0xd6,0x8d,0x79,0xd6,0x79,0xd6,0x79,0xd6,
    0x79,0xd6,0x79,0xd6,0x79,0xd6,0x79,0xd6,0x79,0xd6,0x79,0xd6,0x79,0xd6,0x79,0xd6,
    0xb6,0xbd,0x00,0x00,0x7f,0x00,0x00,0x7f,0x00,0x00,0x7f,0x00,0x00,0x7f,0x00,0x00,
    0x1b,0x00,0x00,0x1a,0x79,0xd6,0x83,0x17,0xc6,0x20,0x00,0x00,0x00,0x29,0x00,0x00,
    0x97,0x20,0x00,0x20,0x00,0x20,0x00,0x20,0x00,0x04,0x21,0xe3,0x18,0x28,0x42,0x07,
    0x42,0xaa,0x5a,0xef,0x83,0x50,0x8c,0xef,0x7b,0xb2,0x9c,0x13,0xa5,0x54,0xad,0x75,
    0xad,0xf7,0xc5,0x58,0xce,0x58,0xce,0x58,0xce,0x58,0xce,0x58,0xce,0x79,0xd6,0x16,
    0x79,0xd6,0x9e,0x58,0xce,0x79,0xd6,0x79,0xd6,0x79,0xd6,0x79,0xd6,0x79,0xd6,0x79,
    0xd6,0x79,0xd6,0x79,0xd6,0x79,0xd6,0x79,0xd6,0x58,0xce,0x58,0xce,0x79,0xd6,0xf7,
    0xc5,0x58,0xce,0xb6,0xbd,0x54,0xad,0x91,0x94,0x34,0xad,0x0f,0x84,0x30,0x84,0x8a,
    0x52,0x0b,0x63,0x28,0x42,0x04,0x21,0xe3,0x18,0x61,0x08,0x20,0x00,0x00,0x00,0x4c,
    0x00,0x00,0x83,0x61,0x08,0xf7,0xc5,0x79,0xd6,0x7f,0x79,0xd6,0x7f,0x79,0xd6,0x8c,
    0x79,0xd6,0x79,0xd6,0x79,0xd6,0x79,0xd6,0x79,0xd6,0x79,0xd6,0x79,0xd6,0x79,0xd6,
    0x79,0xd6,0x79,0xd6,0xae,0x73,0x00,0x00,0x7f,0x00,0x00,0x7f,0x00,0x00,0x7f,0x00,
    0x00,0x7f,0x00,0x00,0x19,0x00,0x00,0x82,0x34,0xad,0x79,0xd6,0x18,0x79,0xd6,0x82,
    0x75,0xad,0x00,0x00,0x19,0x00,0x00,0x97,0x20,0x00,0x00,0x00,0x00,0x00,0x00,0x00,
    0x00,0x00,0x00,0x00,0x00,0x00,0x00,0x00,0x00,0x00,0x00,0x00,0x00,0x00,0x20,0x00,
    0xe3,0x18,0xc6,0x39,0x8d,0x73,0xce,0x7b,0x30,0x84,0x91,0x94,0xb6,0xb5,0xf7,0xc5,
    0x38,0xce,0x58,0xce,0x79,0xd6,0x44,0x79,0xd6,0x8c,0x58,0xce,0x58,0xce,0x58,0xce,
    0xf7,0xc5,0x54,0xad,0xd2,0x9c,0x13,0xa5,0x4c,0x6b,0x24,0x21,0xc7,0x39,0xa2,0x10,
    0x00,0x00,0x44,0x00,0x00,0x82,0x0f,0x84,0x79,0xd6,0x7f,0x79,0xd6,0x7f,0x79,0xd6,
    0x8c,0x79,0xd6,0x79,0xd6,0x79,0xd6,0x79,0xd6,0x79,0xd6,0x79,0xd6,0x79,0xd6,0x79,
    0xd6,0x79,0xd6,0x79,0xd6,0xa2,0x10,0x00,0x00,0x7f,0x00,0x00,0x7f,0x00,0x00,0x7f,
    0x00,0x00,0x7f,0x00,0x00,0x17,0x00,0x00,0x82,0x71,0x94,0x79,0xd6,0x18,0x79,0xd6,
    0x82,0xd2,0x9c,0x00,0x00,0x1f,0x00,0x00,0x88,0xa2,0x10,0xaa,0x5a,0xce,0x7b,0x13,
    0xa5,0xb6,0xb5,0x38,0xce,0x58,0xce,0x79,0xd6,0x5a,0x79,0xd6,0x89,0x38,0xce,0x17,
    0xc6,0x34,0xad,0x30,0x8c,0xaa,0x5a,0x45,0x29,0xe3,0x20,0x20,0x00,0x00,0x00,0x3c,
    0x00,0x00,0x83,0x65,0x29,0x58,0xce,0x79,0xd6,0x7f,0x79,0xd6,0x7f,0x79,0xd6,0x8a,
    0x79,0xd6,0x79,0xd6,0x79,0xd6,0x79,0xd6,0x79,0xd6,0x79,0xd6,0x79,0xd6,0x79,0xd6,
    0x17,0xc6,0x00,0x00,0x7f,0x00,0x00,0x7f,0x00,0x00,0x7f,0x00,0x00,0x7f,0x00,0x00,
    0x16,0x00,0x00,0x82,0xe3,0x20,0x79,0xd6,0x18,0x79,0xd6,0x82,0x13,0xa5,0x00,0x00,
    0x19,0x00,0x00,0x87,0x41,0x08,0x45,0x29,0x6d,0x6b,0xd2,0x9c,0xd6,0xbd,0x58,0xce,
    0x79,0xd6,0x6b,0x79,0xd6,0x88,0x38,0xce,0xf7,0xc5,0x54,0xad,0x50,0x8c,0x48,0x4a,
    0xa2,0x10,0x41,0x08,0x00,0x00,0x35,0x00,0x00,0x83,0x61,0x08,0xf6,0xbd,0x79,0xd6,
    0x7f,0x79,0xd6,0x7f,0x79,0xd6,0x8a,0x79,0xd6,0x79,0xd6,0x79,0xd6,0x79,0xd6,0x79,
    0xd6,0x79,0xd6,0x79,0xd6,0x79,0xd6,0x28,0x42,0x00,0x00,0x7f,0x00,0x00,0x7f,0x00,
    0x00,0x7f,0x00,0x00,0x7f,0x00,0x00,0x15,0x00,0x00,0x82,0x58,0xce,0x79,0xd6,0x17,
    0x79,0xd6,0x82,0xf6,0xbd,0x00,0x00,0x14,0x00,0x00,0x87,0x20,0x00,0xa6,0x31,0xef,
    0x83,0x34,0xa5,0x17,0xc6,0x58,0xce,0x79,0xd6,0x78,0x79,0xd6,0x88,0x58,0xce,0x38,
    0xce,0xd6,0xbd,0x91,0x94,0x8e,0x73,0xa6,0x31,0x81,0x10,0x00,0x00,0x2f,0x00,0x00,
    0x83,0x20,0x00,0x71,0x8c,0x79,0xd6,0x7f,0x79,0xd6,0x7f,0x79,0xd6,0x89,0x79,0xd6,
    0x79,0xd6,0x79,0xd6,0x79,0xd6,0x79,0xd6,0x79,0xd6,0x79,0xd6,0x38,0xce,0x00,0x00,
    0x7f,0x00,0x00,0x7f,0x00,0x00,0x7f,0x00,0x00,0x7f,0x00,0x00,0x14,0x00,0x00,0x82,
    0x17,0xc6,0x79,0xd6,0x17,0x79,0xd6,0x98,0x58,0xce,0x00,0x00,0x00,0x00,0x00,0x00,
    0x00,0x00,0x00,0x00,0x00,0x00,0x20,0x00,0x00,0x00,0x00,0x00,0x00,0x00,0x00,0x00,
    0x00,0x00,0x00,0x00,0x00,0x00,0x00,0x00,0x00,0x00,0x00,0x00,0x82,0x10,0xeb,0x5a,
    0xb2,0x9c,0xd6,0xbd,0x58,0xce,0x79,0xd6,0x7f,0x79,0xd6,0x8f,0x79,0xd6,0x79,0xd6,
    0x79,0xd6,0x79,0xd6,0x79,0xd6,0x79,0xd6,0x58,0xce,0x58,0xce,0xf7,0xc5,0x13,0xa5,
    0x2c,0x63,0x08,0x42,0xe3,0x20,0xc3,0x18,0x00,0x00,0x29,0x00,0x00,0x82,0x49,0x4a,
    0x79,0xd6,0x7f,0x79,0xd6,0x7f,0x79,0xd6,0x89,0x79,0xd6,0x79,0xd6,0x79,0xd6,0x79,
    0xd6,0x79,0xd6,0x79,0xd6,0x79,0xd6,0xef,0x7b,0x00,0x00,0x7f,0x00,0x00,0x7f,0x00,
    0x00,0x7f,0x00,0x00,0x7f,0x00,0x00,0x12,0x00,0x00,0x82,0x0b,0x63,0x79,0xd6,0x18,
    0x79,0xd6,0x92,0x61,0x08,0x00,0x00,0x00,0x00,0x00,0x00,0x00,0x00,0x00,0x00,0x00,
    0x00,0x00,0x00,0x00,0x00,0x00,0x00,0x00,0x00,0x00,0x00,0x00,0x00,0xe3,0x20,0xeb,
    0x62,0x13,0xa5,0x17,0xc6,0x79,0xd6,0x7f,0x79,0xd6,0x14,0x79,0xd6,0x87,0x17,0xc6,
    0x95,0xb5,0x30,0x8c,0xcb,0x5a,0x82,0x10,0x41,0x08,0x00,0x00,0x24,0x00,0x00,0x83,
    0xe3,0x18,0x58,0xce,0x79,0xd6,0x7f,0x79,0xd6,0x7f,0x79,0xd6,0x88,0x79,0xd6,0x79,
    0xd6,0x79,0xd6,0x79,0xd6,0x79,0xd6,0x79,0xd6,0xa2,0x10,0x00,0x00,0x7f,0x00,0x00,
    0x7f,0x00,0x00,0x7f,0x00,0x00,0x7f,0x00,0x00,0x10,0x00,0x00,0x82,0xa2,0x10,0x79,
    0xd6,0x18,0x79,0xd6,0x8e,0xc6,0x39,0x00,0x00,0x00,0x00,0x00,0x00,0x00,0x00,0x00,
    0x00,0x00,0x00,0x00,0x00,0x00,0x00,0x20,0x00,0xa6,0x31,0x71,0x8c,0xf7,0xc5,0x79,
    0xd6,0x7f,0x79,0xd6,0x1e,0x79,0xd6,0x87,0x58,0xce,0xf7,0xc5,0xf3,0x9c,0xaa,0x5a,
    0x45,0x29,0x41,0x08,0x00,0x00,0x20,0x00,0x00,0x83,0x20,0x00,0x17,0xc6,0x79,0xd6,
    0x7f,0x79,0xd6,0x7f,0x79,0xd6,0x87,0x79,0xd6,0x79,0xd6,0x79,0xd6,0x79,0xd6,0x79,
    0xd6,0xb6,0xbd,0x00,0x00,0x7f,0x00,0x00,0x7f,0x00,0x00,0x7f,0x00,0x00,0x7f,0x00,
    0x00,0x10,0x00,0x00,0x82,0xf7,0xc5,0x79,0xd6,0x17,0x79,0xd6,0x8b,0xe7,0x39,0x00,
    0x00,0x00,0x00,0x00,0x00,0x00,0x00,0x00,0x00,0x20,0x00,0x49,0x4a,0xb2,0x9c,0x17,
    0xc6,0x79,0xd6,0x7f,0x79,0xd6,0x27,0x79,0xd6,0x87,0x58,0xce,0x17,0xc6,0x54,0xad,
    0x6d,0x6b,0x82,0x10,0x41,0x08,0x00,0x00,0x1d,0x00,0x00,0x82,0xb6,0xbd,0x79,0xd6,
    0x7f,0x79,0xd6,0x7f,0x79,0xd6,0x87,0x79,0xd6,0x79,0xd6,0x79,0xd6,0x79,0xd6,0x79,
    0xd6,0xaa,0x5a,0x00,0x00,0x7f,0x00,0x00,0x7f,0x00,0x00,0x7f,0x00,0x00,0x7f,0x00,
    0x00,0x90,0x00,0x00,0x00,0x00,0x00,0x00,0x00,0x00,0x00,0x00,0x00,0x00,0x00,0x00,
    0x00,0x00,0x00,0x00,0x00,0x00,0x00,0x00,0x00,0x00,0x00,0x00,0x00,0x00,0x8e,0x73,
    0x79,0xd6,0x17,0x79,0xd6,0x88,0x8d,0x73,0x41,0x08,0x00,0x00,0x00,0x00,0x07,0x42,
    0x50,0x8c,0x17,0xc6,0x79,0xd6,0x7f,0x79,0xd6,0x30,0x79,0xd6,0x86,0x58,0xce,0xf6,
    0xbd,0xb2,0x94,0xe7,0x39,0x41,0x08,0x00,0x00,0x1a,0x00,0x00,0x82,0xf3,0xa4,0x79,
    0xd6,0x7f,0x79,0xd6,0x7f,0x79,0xd6,0x86,0x79,0xd6,0x79,0xd6,0x79,0xd6,0x79,0xd6,
    0x58,0xce,0x00,0x00,0x7f,0x00,0x00,0x7f,0x00,0x00,0x7f,0x00,0x00,0x7f,0x00,0x00,
    0x8f,0x00,0x00,0x00,0x00,0x00,0x00,0x00,0x00,0x00,0x00,0x00,0x00,0x00,0x00,0x00,
    0x00,0x00,0x00,0x00,0x00,0x00,0x00,0x00,0x00,0x00,0x00,0xc3,0x18,0x79,0xd6,0x17,
    0x79,0xd6,0x86,0xaa,0x5a,0x00,0x00,0xcb,0x5a,0xd6,0xbd,0x58,0xce,0x79,0xd6,0x7f,
    0x79,0xd6,0x38,0x79,0xd6,0x85,0x58,0xce,0xd6,0xbd,0xae,0x7b,0x24,0x21,0x00,0x00,
    0x17,0x00,0x00,0x82,0xb2,0x9c,0x79,0xd6,0x7f,0x79,0xd6,0x7f,0x79,0xd6,0x86,0x79,
    0xd6,0x79,0xd6,0x79,0xd6,0x79,0xd6,0x91,0x94,0x00,0x00,0x7f,0x00,0x00,0x7f,0x00,
    0x00,0x7f,0x00,0x00,0x7f,0x00,0x00,0x8e,0x00,0x00,0x00,0x00,0x00,0x00,0x00,0x00,
    0x00,0x00,0x00,0x00,0x00,0x00,0x00,0x00,0x00,0x00,0x00,0x00,0x00,0x00,0x00,0x00,
    0x17,0xc6,0x79,0xd6,0x16,0x79,0xd6,0x83,0x30,0x84,0x34,0xad,0x79,0xd6,0x7f,0x79,
    0xd6,0x41,0x79,0xd6,0x85,0xf7,0xc5,0x34,0xa5,0x69,0x4a,0xe3,0x20,0x00,0x00,0x13,
    0x00,0x00,0x82,0x13,0xa5,0x79,0xd6,0x7f,0x79,0xd6,0x7f,0x79,0xd6,0x86,0x79,0xd6,
    0x79,0xd6,0x79,0xd6,0x79,0xd6,0xa2,0x10,0x00,0x00,0x7f,0x00,0x00,0x7f,0x00,0x00,
    0x7f,0x00,0x00,0x7f,0x00,0x00,0x8c,0x00,0x00,0x00,0x00,0x00,0x00,0x00,0x00,0x00,
    0x00,0x00,0x00,0x00,0x00,0x00,0x00,0x00,0x00,0x00,0x00,0x0f,0x84,0x79,0xd6,0x16,
    0x79,0xd6,0x82,0x58,0xce,0x79,0xd6,0x7f,0x79,0xd6,0x47,0x79,0xd6,0x97,0x38,0xce,
    0x75,0xb5,0x8d,0x73,0x24,0x21,0x41,0x08,0x00,0x00,0x00,0x00,0x00,0x00,0x00,0x00,
    0x00,0x00,0x00,0x00,0x00,0x00,0x00,0x00,0x00,0x00,0x00,0x00,0x00,0x00,0x00,0x00,
    0x00,0x00,0x00,0x00,0x00,0x00,0x00,0x00,0xf3,0x9c,0x79,0xd6,0x7f,0x79,0xd6,0x7f,
    0x79,0xd6,0x85,0x79,0xd6,0x79,0xd6,0x79,0xd6,0xb6,0xbd,0x00,0x00,0x7f,0x00,0x00,
    0x7f,0x00,0x00,0x7f,0x00,0x00,0x7f,0x00,0x00,0x8b,0x00,0x00,0x00,0x00,0x00,0x00,
    0x00,0x00,0x00,0x00,0x00,0x00,0x00,0x00,0x00,0x00,0x00,0x00,0x61,0x08,0x79,0xd6,
    0x7f,0x79,0xd6,0x64,0x79,0xd6,0x94,0x58,0xce,0xd6,0xbd,0x71,0x8c,0xc6,0x39,0x00,
    0x00,0x00,0x00,0x00,0x00,0x00,0x00,0x00,0x00,0x00,0x00,0x00,0x00,0x00,0x00,0x00,
    0x00,0x00,0x00,0x00,0x00,0x00,0x00,0x00,0x00,0x00,0x00,0x54,0xad,0x79,0xd6,0x7f,
    0x79,0xd6,0x7f,0x79,0xd6,0x85,0x79,0xd6,0x79,0xd6,0x79,0xd6,0xa6,0x31,0x00,0x00,
    0x7f,0x00,0x00,0x7f,0x00,0x00,0x7f,0x00,0x00,0x7f,0x00,0x00,0x8a,0x00,0x00,0x00,
    0x00,0x00,0x00,0x00,0x00,0x00,0x00,0x00,0x00,0x00,0x00,0x00,0x00,0x17,0xc6,0x79,
    0xd6,0x7f,0x79,0xd6,0x68,0x79,0xd6,0x91,0x58,0xce,0xf7,0xc5,0x91,0x94,0x45,0x29,
    0x20,0x00,0x00,0x00,0x00,0x00,0x00,0x00,0x00,0x00,0x00,0x00,0x00,0x00,0x00,0x00,
    0x00,0x00,0x00,0x00,0x00,0x00,0xb6,0xb5,0x79,0xd6,0x7f,0x79,0xd6,0x7f,0x79,0xd6,
    0x84,0x79,0xd6,0x79,0xd6,0x17,0xc6,0x00,0x00,0x7f,0x00,0x00,0x7f,0x00,0x00,0x7f,
    0x00,0x00,0x7f,0x00,0x00,0x89,0x00,0x00,0x00,0x00,0x00,0x00,0x00,0x00,0x00,0x00,
    0x00,0x00,0x00,0x00,0x04,0x21,0x79,0xd6,0x7f,0x79,0xd6,0x6d,0x79,0xd6,0x8e,0x58,
    0xce,0x95,0xb5,0xeb,0x62,0x00,0x00,0x00,0x00,0x00,0x00,0x00,0x00,0x00,0x00,0x00,
    0x00,0x00,0x00,0x00,0x00,0x00,0x00,0xf7,0xc5,0x79,0xd6,0x7f,0x79,0xd6,0x7f,0x79,
    0xd6,0x84,0x79,0xd6,0x79,0xd6,0xeb,0x5a,0x00,0x00,0x7f,0x00,0x00,0x7f,0x00,0x00,
    0x7f,0x00,0x00,0x7f,0x00,0x00,0x88,0x00,0x00,0x00,0x00,0x00,0x00,0x00,0x00,0x00,
    0x00,0x00,0x00,0x17,0xc6,0x79,0xd6,0x7f,0x79,0xd6,0x71,0x79,0xd6,0x8b,0xf7,0xc5,
    0x28,0x42,0x00,0x00,0x00,0x00,0x00,0x00,0x00,0x00,0x00,0x00,0x00,0x00,0x20,0x00,
    0x38,0xce,0x79,0xd6,0x7f,0x79,0xd6,0x7f,0x79,0xd6,0x83,0x79,0xd6,0x38,0xce,0x00,
    0x00,0x7f,0x00,0x00,0x7f,0x00,0x00,0x7f,0x00,0x00,0x7f,0x00,0x00,0x87,0x00,0x00,
    0x00,0x00,0x00,0x00,0x00,0x00,0x00,0x00,0xcb,0x5a,0x79,0xd6,0x7f,0x79,0xd6,0x75,
    0x79,0xd6,0x89,0x75,0xb5,0xa2,0x10,0x00,0x00,0x00,0x00,0x00,0x00,0x00,0x00,0x82,
    0x10,0x58,0xce,0x79,0xd6,0x7f,0x79,0xd6,0x64,0x79,0xd6,0x82,0x58,0xce,0x79,0xd6,
    0x1a,0x79,0xd6,0x82,0x4c,0x6b,0x00,0x00,0x7f,0x00,0x00,0x7f,0x00,0x00,0x7f,0x00,
    0x00,0x7f,0x00,0x00,0x86,0x00,0x00,0x00,0x00,0x00,0x00,0x00,0x00,0x38,0xce,0x79,
    0xd6,0x7f,0x79,0xd6,0x77,0x79,0xd6,0x87,0x58,0xce,0x10,0x84,0x61,0x08,0x00,0x00,
    0x00,0x00,0x45,0x29,0x79,0xd6,0x7f,0x79,0xd6,0x64,0x79,0xd6,0x85,0xf7,0xc5,0x89,
    0x52,0x13,0xa5,0x58,0xce,0x79,0xd6,0x17,0x79,0xd6,0x82,0x58,0xce,0x00,0x00,0x7f,
    0x00,0x00,0x7f,0x00,0x00,0x7f,0x00,0x00,0x7f,0x00,0x00,0x85,0x00,0x00,0x00,0x00,
    0x00,0x00,0x69,0x4a,0x79,0xd6,0x7f,0x79,0xd6,0x7b,0x79,0xd6,0x85,0xb6,0xbd,0x65,
    0x29,0x00,0x00,0x28,0x42,0x79,0xd6,0x7f,0x79,0xd6,0x64,0x79,0xd6,0x88,0x95,0xb5,
    0x00,0x00,0x00,0x00,0x81,0x10,0x4c,0x6b,0x54,0xad,0x58,0xce,0x79,0xd6,0x14,0x79,
    0xd6,0x82,0x0b,0x63,0x00,0x00,0x7f,0x00,0x00,0x7f,0x00,0x00,0x7f,0x00,0x00,0x7f,
    0x00,0x00,0x84,0x00,0x00,0x00,0x00,0x38,0xce,0x79,0xd6,0x7f,0x79,0xd6,0x7d,0x79,
    0xd6,0x84,0x38,0xce,0xeb,0x5a,0x50,0x8c,0x79,0xd6,0x7f,0x79,0xd6,0x64,0x79,0xd6,
    0x8a,0x17,0xc6,0x00,0x00,0x00,0x00,0x00,0x00,0x00,0x00,0x00,0x00,0x65,0x29,0x30,
    0x8c,0x38,0xce,0x79,0xd6,0x11,0x79,0xd6,0x82,0x58,0xce,0x00,0x00,0x7f,0x00,0x00,
    0x7f,0x00,0x00,0x7f,0x00,0x00,0x7f,0x00,0x00,0x83,0x00,0x00,0x69,0x4a,0x79,0xd6,
    0x7f,0x79,0xd6,0x7f,0x79,0xd6,0x84,0x79,0xd6,0x58,0xce,0x58,0xce,0x79,0xd6,0x7f,
    0x79,0xd6,0x64,0x79,0xd6,0x9d,0x38,0xce,0x00,0x00,0x00,0x00,0x00,0x00,0x00,0x00,
    0x00,0x00,0x00,0x00,0x00,0x00,0x00,0x00,0xae,0x73,0x17,0xc6,0x79,0xd6,0x79,0xd6,
    0x79,0xd6,0x79,0xd6,0x79,0xd6,0x79,0xd6,0x79,0xd6,0x79,0xd6,0x79,0xd6,0x79,0xd6,
    0x79,0xd6,0x79,0xd6,0x79,0xd6,0x79,0xd6,0x79,0xd6,0x79,0xd6,0xcb,0x5a,0x00,0x00,
    0x7f,0x00,0x00,0x7f,0x00,0x00,0x7f,0x00,0x00,0x7e,0x00,0x00,0x83,0x20,0x00,0x38,
    0xce,0x79,0xd6,0x7f,0x79,0xd6,0x7f,0x79,0xd6,0x7f,0x79,0xd6,0x69,0x79,0xd6,0x9c,
    0xf7,0xc5,0x00,0x00,0x00,0x00,0x00,0x00,0x00,0x00,0x00,0x00,0x00,0x00,0x00,0x00,
    0x00,0x00,0x00,0x00,0x81,0x10,0x2c,0x63,0xf6,0xbd,0x79,0xd6,0x79,0xd6,0x79,0xd6,
    0x79,0xd6,0x79,0xd6,0x79,0xd6,0x79,0xd6,0x79,0xd6,0x79,0xd6,0x79,0xd6,0x79,0xd6,
    0x79,0xd6,0x79,0xd6,0x17,0xc6,0x00,0x00,0x7f,0x00,0x00,0x7f,0x00,0x00,0x7f,0x00,
    0x00,0x7e,0x00,0x00,0x82,0x28,0x42,0x79,0xd6,0x7f,0x79,0xd6,0x7f,0x79,0xd6,0x7f,
    0x79,0xd6,0x6b,0x79,0xd6,0x9c,0xf7,0xc5,0x00,0x00,0x00,0x00,0x00,0x00,0x00,0x00,
    0x00,0x00,0x00,0x00,0x00,0x00,0x00,0x00,0x00,0x00,0x00,0x00,0x00,0x00,0xa2,0x10,
    0x50,0x8c,0x38,0xce,0x79,0xd6,0x79,0xd6,0x79,0xd6,0x79,0xd6,0x79,0xd6,0x79,0xd6,
    0x79,0xd6,0x79,0xd6,0x79,0xd6,0x79,0xd6,0x79,0xd6,0xe7,0x39,0x00,0x00,0x7f,0x00,
    0x00,0x7f,0x00,0x00,0x7f,0x00,0x00,0x7d,0x00,0x00,0x82,0xf6,0xbd,0x79,0xd6,0x7f,
    0x79,0xd6,0x7f,0x79,0xd6,0x7f,0x79,0xd6,0x6c,0x79,0xd6,0x9b,0x17,0xc6,0x00,0x00,
    0x00,0x00,0x00,0x00,0x00,0x00,0x00,0x00,0x00,0x00,0x00,0x00,0x00,0x00,0x00,0x00,
    0x00,0x00,0x00,0x00,0x00,0x00,0x00,0x00,0x07,0x42,0x75,0xad,0x79,0xd6,0x79,0xd6,
    0x79,0xd6,0x79,0xd6,0x79,0xd6,0x79,0xd6,0x79,0xd6,0x79,0xd6,0x79,0xd6,0xd6,0xbd,
    0x00,0x00,0x7f,0x00,0x00,0x7f,0x00,0x00,0x7f,0x00,0x00,0x7c,0x00,0x00,0x82,0x65,
    0x29,0x79,0xd6,0x7f,0x79,0xd6,0x7f,0x79,0xd6,0x7f,0x79,0xd6,0x6e,0x79,0xd6,0x9b,
    0xf6,0xbd,0x00,0x00,0x00,0x00,0x00,0x00,0x00,0x00,0x00,0x00,0x00,0x00,0x00,0x00,
    0x00,0x00,0x00,0x00,0x00,0x00,0x00,0x00,0x00,0x00,0x00,0x00,0x00,0x00,0x20,0x00,
    0xef,0x83,0x38,0xce,0x79,0xd6,0x79,0xd6,0x79,0xd6,0x79,0xd6,0x79,0xd6,0x79,0xd6,
    0x79,0xd6,0x41,0x08,0x00,0x00,0x7f,0x00,0x00,0x7f,0x00,0x00,0x7f,0x00,0x00,0x7b,
    0x00,0x00,0x82,0xb6,0xb5,0x79,0xd6,0x7f,0x79,0xd6,0x7f,0x79,0xd6,0x7f,0x79,0xd6,
    0x6f,0x79,0xd6,0x9a,0xf6,0xbd,0x00,0x00,0x00,0x00,0x00,0x00,0x00,0x00,0x00,0x00,
    0x00,0x00,0x00,0x00,0x00,0x00,0x00,0x00,0x00,0x00,0x00,0x00,0x00,0x00,0x00,0x00,
    0x00,0x00,0x00,0x00,0x00,0x00,0x48,0x4a,0xf6,0xbd,0x79,0xd6,0x79,0xd6,0x79,0xd6,
    0x79,0xd6,0x79,0xd6,0x71,0x94,0x00,0x00,0x7f,0x00,0x00,0x7f,0x00,0x00,0x7f,0x00,
    0x00,0x7a,0x00,0x00,0x83,0x61,0x08,0x58,0xce,0x79,0xd6,0x7f,0x79,0xd6,0x7f,0x79,
    0xd6,0x7f,0x79,0xd6,0x70,0x79,0xd6,0x99,0xf6,0xbd,0x00,0x00,0x00,0x00,0x00,0x00,
    0x00,0x00,0x00,0x00,0x00,0x00,0x00,0x00,0x00,0x00,0x00,0x00,0x00,0x00,0x00,0x00,
    0x00,0x00,0x00,0x00,0x00,0x00,0x00,0x00,0x00,0x00,0x00,0x00,0xc3,0x18,0x54,0xad,
    0x79,0xd6,0x79,0xd6,0x79,0xd6,0x58,0xce,0x00,0x00,0x7f,0x00,0x00,0x7f,0x00,0x00,
    0x7f,0x00,0x00,0x7a,0x00,0x00,0x82,0xb2,0x94,0x79,0xd6,0x7f,0x79,0xd6,0x7f,0x79,
    0xd6,0x7f,0x79,0xd6,0x72,0x79,0xd6,0x82,0xb6,0xbd,0x00,0x00,0x11,0x00,0x00,0x86,
    0x41,0x08,0xb2,0x94,0x58,0xce,0x79,0xd6,0xcb,0x5a,0x00,0x00,0x7f,0x00,0x00,0x7f,
    0x00,0x00,0x7f,0x00,0x00,0x79,0x00,0x00,0x82,0x58,0xce,0x79,0xd6,0x7f,0x79,0xd6,
    0x7f,0x79,0xd6,0x7f,0x79,0xd6,0x73,0x79,0xd6,0x82,0xb6,0xbd,0x00,0x00,0x13,0x00,
    0x00,0x83,0x75,0xad,0xb6,0xbd,0x00,0x00,0x7f,0x00,0x00,0x7f,0x00,0x00,0x7f,0x00,
    0x00,0x78,0x00,0x00,0x82,0x8a,0x52,0x79,0xd6,0x1a,0x79,0xd6,0xb3,0x58,0xce,0x58,
    0xce,0x38,0xce,0x17,0xc6,0xd6,0xbd,0x95,0xb5,0x34,0xad,0xf3,0x9c,0xf3,0xa4,0xb2,
    0x9c,0x50,0x8c,0x0f,0x84,0xef,0x83,0x30,0x8c,0xce,0x7b,0xcb,0x5a,0xeb,0x5a,0xeb,
    0x5a,0xeb,0x5a,0xeb,0x5a,0x2c,0x6b,0x2c,0x6b,0x2c,0x6b,0x2c,0x6b,0xaa,0x5a,0xeb,
    0x5a,0x0b,0x63,0x2c,0x6b,0xeb,0x5a,0xeb,0x5a,0xeb,0x5a,0xeb,0x5a,0x0b,0x63,0x4c,
    0x6b,0xae,0x73,0xcf,0x7b,0x0f,0x84,0x50,0x8c,0x91,0x94,0xb2,0x9c,0x75,0xb5,0x75,
    0xb5,0x75,0xb5,0x75,0xb5,0x95,0xb5,0xd6,0xbd,0x17,0xc6,0x58,0xce,0x58,0xce,0x58,
    0xce,0x79,0xd6,0x7f,0x79,0xd6,0x7f,0x79,0xd6,0x7f,0x79,0xd6,0x28,0x79,0xd6,0x82,
    0x95,0xb5,0x00,0x00,0x13,0x00,0x00,0x83,0x86,0x31,0xe3,0x20,0x00,0x00,0x7f,0x00,
    0x00,0x7f,0x00,0x00,0x7f,0x00,0x00,0x77,0x00,0x00,0x9b,0x38,0xce,0x79,0xd6,0x79,
    0xd6,0x79,0xd6,0x79,0xd6,0x79,0xd6,0x79,0xd6,0x79,0xd6,0x79,0xd6,0x79,0xd6,0x79,
    0xd6,0x79,0xd6,0x79,0xd6,0x79,0xd6,0x58,0xce,0x58,0xce,0x17,0xc6,0xb6,0xbd,0x54,
    0xad,0x91,0x94,0xce,0x7b,0x0b,0x63,0xe7,0x39,0x24,0x21,0x82,0x10,0x41,0x08,0x00,
    0x00,0x34,0x00,0x00,0x91,0x20,0x00,0xe3,0x18,0xa6,0x31,0x08,0x42,0x07,0x42,0x8d,
    0x73,0xce,0x7b,0x30,0x8c,0x71,0x94,0x13,0xa5,0x54,0xad,0xf6,0xbd,0x38,0xce,0x58,
    0xce,0x58,0xce,0x58,0xce,0x79,0xd6,0x7f,0x79,0xd6,0x7f,0x79,0xd6,0x7f,0x79,0xd6,
    0x18,0x79,0xd6,0x82,0x13,0xa5,0x00,0x00,0x7f,0x00,0x00,0x7f,0x00,0x00,0x7f,0x00,
    0x00,0x7f,0x00,0x00,0x9a,0x00,0x00,0x00,0x00,0x00,0x00,0x00,0x00,0x00,0x00,0x00,
    0x00,0x00,0x00,0x00,0x00,0x00,0x00,0x00,0x00,0x00,0x00,0x00,0x00,0x28,0x42,0x79,
    0xd6,0x79,0xd6,0x79,0xd6,0x79,0xd6,0x58,0xce,0x58,0xce,0xf7,0xc5,0xf3,0xa4,0x30,
    0x8c,0x6d,0x73,0x28,0x42,0x45,0x29,0x00,0x00,0x51,0x00,0x00,0x90,0x20,0x00,0x20,
    0x00,0x24,0x21,0xa6,0x31,0x07,0x42,0x08,0x42,0x8a,0x52,0x4c,0x6b,0x0f,0x84,0x91,
    0x94,0x75,0xad,0xb6,0xbd,0x17,0xc6,0x38,0xce,0x58,0xce,0x79,0xd6,0x7f,0x79,0xd6,
    0x7f,0x79,0xd6,0x7f,0x79,0xd6,0x8d,0x79,0xd6,0x79,0xd6,0x79,0xd6,0x79,0xd6,0x79,
    0xd6,0x79,0xd6,0x79,0xd6,0x79,0xd6,0x79,0xd6,0x79,0xd6,0x79,0xd6,0x91,0x94,0x00,
    0x00,0x7f,0x00,0x00,0x7f,0x00,0x00,0x7f,0x00,0x00,0x7f,0x00,0x00,0x90,0x00,0x00,
    0x00,0x00,0x00,0x00,0x00,0x00,0x00,0x00,0x00,0x00,0x00,0x00,0x00,0x00,0x00,0x00,
    0x00,0x00,0x00,0x00,0x45,0x29,0x49,0x4a,0x45,0x29,0x20,0x00,0x00,0x00,0x69,0x00,
    0x00,0x8a,0xa2,0x10,0x81,0x10,0xcb,0x5a,0xcb,0x5a,0x4c,0x6b,0xd2,0x9c,0xd6,0xbd,
    0x17,0xc6,0x58,0xce,0x79,0xd6,0x7f,0x79,0xd6,0x7f,0x79,0xd6,0x7f,0x79,0xd6,0x85,
    0x79,0xd6,0x79,0xd6,0x79,0xd6,0x2c,0x6b,0x00,0x00,0x7f,0x00,0x00,0x7f,0x00,0x00,
    0x7f,0x00,0x00,0x7f,0x00,0x00,0x73,0x00,0x00,0x97,0x20,0x00,0x20,0x00,0x00,0x00,
    0x00,0x00,0x41,0x08,0x00,0x00,0x00,0x00,0x20,0x00,0x00,0x00,0x00,0x00,0x00,0x00,
    0x00,0x00,0x00,0x00,0x20,0x00,0x81,0x10,0x82,0x10,0x28,0x42,0x6d,0x6b,0xb2,0x9c,
    0x75,0xb5,0xf7,0xc5,0x58,0xce,0x79,0xd6,0x7f,0x79,0xd6,0x7f,0x79,0xd6,0x7b,0x79,
    0xd6,0x82,0x8a,0x52,0x00,0x00,0x7f,0x00,0x00,0x7f,0x00,0x00,0x7f,0x00,0x00,0x7f,
    0x00,0x00,0x7f,0x00,0x00,0x92,0x00,0x00,0x00,0x00,0x00,0x00,0x00,0x00,0x00,0x00,
    0x00,0x00,0x00,0x00,0x00,0x00,0x00,0x00,0x61,0x08,0x20,0x00,0x45,0x29,0x89,0x52,
    0x50,0x8c,0x95,0xb5,0x38,0xce,0x58,0xce,0x79,0xd6,0x7f,0x79,0xd6,0x7f,0x79,0xd6,
    0x74,0x79,0xd6,0x82,0xc3,0x18,0x00,0x00,0x7f,0x00,0x00,0x7f,0x00,0x00,0x7f,0x00,
    0x00,0x7f,0x00,0x00,0x7f,0x00,0x00,0x97,0x00,0x00,0x00,0x00,0x00,0x00,0x00,0x00,
    0x00,0x00,0x00,0x00,0x00,0x00,0x20,0x00,0x00,0x00,0x00,0x00,0x00,0x00,0x00,0x00,
    0x00,0x00,0x00,0x00,0x00,0x00,0x20,0x00,0x82,0x10,0x24,0x21,0x4c,0x6b,0xb2,0x9c,
    0xf6,0xbd,0x58,0xce,0x79,0xd6,0x7f,0x79,0xd6,0x7f,0x79,0xd6,0x6e,0x79,0xd6,0x82,
    0x58,0xce,0x00,0x00,0x7f,0x00,0x00,0x7f,0x00,0x00,0x7f,0x00,0x00,0x7f,0x00,0x00,
    0x7f,0x00,0x00,0x16,0x00,0x00,0x87,0x41,0x08,0xc3,0x18,0x8a,0x52,0x50,0x8c,0xb6,
    0xb5,0x58,0xce,0x79,0xd6,0x7f,0x79,0xd6,0x7f,0x79,0xd6,0x69,0x79,0xd6,0x82,0xd6,
    0xbd,0x00,0x00,0x7f,0x00,0x00,0x7f,0x00,0x00,0x7f,0x00,0x00,0x7f,0x00,0x00,0x7f,
    0x00,0x00,0x18,0x00,0x00,0x89,0x20,0x00,0x00,0x00,0x00,0x00,0xc3,0x18,0x07,0x42,
    0xcf,0x7b,0x95,0xb5,0x58,0xce,0x79,0xd6,0x7f,0x79,0xd6,0x7f,0x79,0xd6,0x65,0x79,
    0xd6,0x82,0x13,0xa5,0x00,0x00,0x7f,0x00,0x00,0x7f,0x00,0x00,0x7f,0x00,0x00,0x7f,
    0x00,0x00,0x7f,0x00,0x00,0x1f,0x00,0x00,0x85,0x41,0x08,0x49,0x4a,0x13,0xa5,0x38,
    0xce,0x79,0xd6,0x7f,0x79,0xd6,0x7f,0x79,0xd6,0x62,0x79,0xd6,0x82,0x6d,0x73,0x00,
    0x00,0x7f,0x00,0x00,0x7f,0x00,0x00,0x7f,0x00,0x00,0x7f,0x00,0x00,0x7f,0x00,0x00,
    0x22,0x00,0x00,0x85,0xa2,0x10,0x89,0x52,0x13,0xa5,0x38,0xce,0x79,0xd6,0x7f,0x79,
    0xd6,0x7f,0x79,0xd6,0x5f,0x79,0xd6,0x82,0x08,0x42,0x00,0x00,0x7f,0x00,0x00,0x7f,
    0x00,0x00,0x7f,0x00,0x00,0x7f,0x00,0x00,0x7f,0x00,0x00,0x25,0x00,0x00,0x84,0xa2,
    0x10,0x8d,0x73,0xf7,0xc5,0x79,0xd6,0x7f,0x79,0xd6,0x7f,0x79,0xd6,0x5d,0x79,0xd6,
    0x82,0x82,0x10,0x00,0x00,0x7f,0x00,0x00,0x7f,0x00,0x00,0x7f,0x00,0x00,0x7f,0x00,
    0x00,0x7f,0x00,0x00,0x22,0x00,0x00,0x8a,0x20,0x00,0x00,0x00,0x00,0x00,0x00,0x00,
    0x00,0x00,0x61,0x08,0x0b,0x63,0x75,0xad,0x58,0xce,0x79,0xd6,0x7f,0x79,0xd6,0x7f,
    0x79,0xd6,0x59,0x79,0xd6,0x83,0x38,0xce,0x20,0x00,0x00,0x00,0x7f,0x00,0x00,0x7f,
    0x00,0x00,0x7f,0x00,0x00,0x7f,0x00,0x00,0x7f,0x00,0x00,0x24,0x00,0x00,0x8a,0x20,
    0x00,0x20,0x00,0x00,0x00,0x00,0x00,0x00,0x00,0x00,0x00,0xc6,0x39,0x71,0x94,0x58,
    0xce,0x79,0xd6,0x7f,0x79,0xd6,0x7f,0x79,0xd6,0x57,0x79,0xd6,0x82,0x75,0xad,0x00,
    0x00,0x7f,0x00,0x00,0x7f,0x00,0x00,0x7f,0x00,0x00,0x7f,0x00,0x00,0x7f,0x00,0x00,
    0x28,0x00,0x00,0x89,0x20,0x00,0x00,0x00,0x00,0x00,0x00,0x00,0x20,0x00,0x65,0x29,
    0x91,0x94,0x58,0xce,0x79,0xd6,0x7f,0x79,0xd6,0x7f,0x79,0xd6,0x55,0x79,0xd6,0x82,
    0x4c,0x6b,0x00,0x00,0x7f,0x00,0x00,0x7f,0x00,0x00,0x7f,0x00,0x00,0x7f,0x00,0x00,
    0x7f,0x00,0x00,0x2f,0x00,0x00,0x83,0x69,0x4a,0x75,0xad,0x79,0xd6,0x7f,0x79,0xd6,
    0x55,0x79,0xd6,0x83,0x58,0xce,0x58,0xce,0x79,0xd6,0x7b,0x79,0xd6,0x82,0xa2,0x10,
    0x00,0x00,0x7f,0x00,0x00,0x7f,0x00,0x00,0x7f,0x00,0x00,0x7f,0x00,0x00,0x7f,0x00,
    0x00,0x30,0x00,0x00,0x84,0x20,0x00,0x30,0x8c,0x38,0xce,0x79,0xd6,0x7f,0x79,0xd6,
    0x53,0x79,0xd6,0x84,0x13,0xa5,0x69,0x4a,0x95,0xb5,0x79,0xd6,0x79,0x79,0xd6,0x82,
    0x58,0xce,0x00,0x00,0x7f,0x00,0x00,0x7f,0x00,0x00,0x7f,0x00,0x00,0x7f,0x00,0x00,
    0x7f,0x00,0x00,0x31,0x00,0x00,0x85,0x20,0x00,0x00,0x00,0xcb,0x5a,0xf7,0xc5,0x79,
    0xd6,0x7f,0x79,0xd6,0x52,0x79,0xd6,0x87,0x58,0xce,0x00,0x00,0x00,0x00,0xeb,0x62,
    0xb6,0xbd,0x58,0xce,0x79,0xd6,0x76,0x79,0xd6,0x82,0x34,0xad,0x00,0x00,0x7f,0x00,
    0x00,0x7f,0x00,0x00,0x7f,0x00,0x00,0x7f,0x00,0x00,0x7f,0x00,0x00,0x33,0x00,0x00,
    0x84,0x20,0x00,0x28,0x42,0xf6,0xbd,0x79,0xd6,0x7f,0x79,0xd6,0x52,0x79,0xd6,0x88,
    0x2c,0x6b,0x00,0x00,0x00,0x00,0x00,0x00,0x28,0x42,0xb6,0xb5,0x58,0xce,0x79,0xd6,
    0x74,0x79,0xd6,0x82,0x8a,0x52,0x00,0x00,0x7f,0x00,0x00,0x7f,0x00,0x00,0x7f,0x00,
    0x00,0x7f,0x00,0x00,0x7f,0x00,0x00,0x35,0x00,0x00,0x83,0xc6,0x39,0xf7,0xc5,0x79,
    0xd6,0x7f,0x79,0xd6,0x51,0x79,0xd6,0x89,0xb6,0xb5,0x00,0x00,0x00,0x00,0x00,0x00,
    0x00,0x00,0x41,0x08,0xcb,0x5a,0x95,0xb5,0x79,0xd6,0x72,0x79,0xd6,0x83,0x58,0xce,
    0x41,0x08,0x00,0x00,0x7f,0x00,0x00,0x7f,0x00,0x00,0x7f,0x00,0x00,0x7f,0x00,0x00,
    0x7f,0x00,0x00,0x33,0x00,0x00,0x86,0x20,0x00,0x00,0x00,0x00,0x00,0xcb,0x5a,0x58,
    0xce,0x79,0xd6,0x7f,0x79,0xd6,0x50,0x79,0xd6,0x8b,0x58,0xce,0x61,0x08,0x00,0x00,
    0x00,0x00,0x00,0x00,0x00,0x00,0x00,0x00,0x04,0x21,0xb2,0x94,0x58,0xce,0x79,0xd6,
    0x70,0x79,0xd6,0x82,0xd6,0xbd,0x00,0x00,0x7f,0x00,0x00,0x7f,0x00,0x00,0x7f,0x00,
    0x00,0x7f,0x00,0x00,0x7f,0x00,0x00,0x37,0x00,0x00,0x83,0x61,0x08,0x54,0xad,0x79,
    0xd6,0x7f,0x79,0xd6,0x51,0x79,0xd6,0x8b,0x45,0x29,0x00,0x00,0x00,0x00,0x00,0x00,
    0x00,0x00,0x00,0x00,0x00,0x00,0x00,0x00,0xa6,0x31,0xf7,0xc5,0x79,0xd6,0x6f,0x79,
    0xd6,0x82,0x6d,0x73,0x00,0x00,0x7f,0x00,0x00,0x7f,0x00,0x00,0x7f,0x00,0x00,0x7f,
    0x00,0x00,0x7f,0x00,0x00,0x38,0x00,0x00,0x83,0x48,0x4a,0x58,0xce,0x79,0xd6,0x7f,
    0x79,0xd6,0x50,0x79,0xd6,0x8c,0x0b,0x63,0x00,0x00,0x00,0x00,0x00,0x00,0x00,0x00,
    0x00,0x00,0x00,0x00,0x00,0x00,0x00,0x00,0x41,0x08,0x13,0xa5,0x79,0xd6,0x6e,0x79,
    0xd6,0x82,0xe3,0x18,0x00,0x00,0x7f,0x00,0x00,0x7f,0x00,0x00,0x7f,0x00,0x00,0x7f,
    0x00,0x00,0x7f,0x00,0x00,0x38,0x00,0x00,0x83,0x41,0x08,0x95,0xb5,0x79,0xd6,0x7f,
    0x79,0xd6,0x50,0x79,0xd6,0x8d,0x0f,0x84,0x00,0x00,0x00,0x00,0x00,0x00,0x00,0x00,
    0x00,0x00,0x00,0x00,0x00,0x00,0x00,0x00,0x00,0x00,0x00,0x00,0x71,0x94,0x79,0xd6,
    0x6c,0x79,0xd6,0x82,0x17,0xc6,0x00,0x00,0x7f,0x00,0x00,0x7f,0x00,0x00,0x7f,0x00,
    0x00,0x7f,0x00,0x00,0x7f,0x00,0x00,0x3a,0x00,0x00,0x82,0xce,0x7b,0x79,0xd6,0x7f,
    0x79,0xd6,0x50,0x79,0xd6,0x8e,0x34,0xa5,0x00,0x00,0x00,0x00,0x00,0x00,0x00,0x00,
    0x00,0x00,0x00,0x00,0x00,0x00,0x00,0x00,0x00,0x00,0x00,0x00,0x00,0x00,0x71,0x94,
    0x79,0xd6,0x6b,0x79,0xd6,0x82,0x0f,0x84,0x00,0x00,0x7f,0x00,0x00,0x7f,0x00,0x00,
    0x7f,0x00,0x00,0x7f,0x00,0x00,0x7f,0x00,0x00,0x3a,0x00,0x00,0x83,0x48,0x4a,0x58,
    0xce,0x79,0xd6,0x7f,0x79,0xd6,0x4f,0x79,0xd6,0x8f,0xb6,0xb5,0x00,0x00,0x00,0x00,
    0x00,0x00,0x00,0x00,0x00,0x00,0x00,0x00,0x00,0x00,0x00,0x00,0x00,0x00,0x00,0x00,
    0x00,0x00,0x20,0x00,0xb2,0x9c,0x79,0xd6,0x6a,0x79,0xd6,0x82,0x61,0x08,0x00,0x00,
    0x7f,0x00,0x00,0x7f,0x00,0x00,0x7f,0x00,0x00,0x7f,0x00,0x00,0x7f,0x00,0x00,0x3a,
    0x00,0x00,0x83,0xa2,0x10,0xf7,0xc5,0x79,0xd6,0x7f,0x79,0xd6,0x4f,0x79,0xd6,0x90,
    0xf6,0xbd,0x20,0x00,0x00,0x00,0x00,0x00,0x00,0x00,0x00,0x00,0x00,0x00,0x00,0x00,
    0x00,0x00,0x00,0x00,0x00,0x00,0x00,0x00,0x00,0x00,0x82,0x10,0x95,0xb5,0x79,0xd6,
    0x68,0x79,0xd6,0x82,0xf6,0xbd,0x00,0x00,0x7f,0x00,0x00,0x7f,0x00,0x00,0x7f,0x00,
    0x00,0x7f,0x00,0x00,0x7f,0x00,0x00,0x3b,0x00,0x00,0x83,0x20,0x00,0x75,0xb5,0x79,
    0xd6,0x7f,0x79,0xd6,0x4f,0x79,0xd6,0x91,0x17,0xc6,0x20,0x00,0x00,0x00,0x00,0x00,
    0x00,0x00,0x00,0x00,0x00,0x00,0x00,0x00,0x00,0x00,0x00,0x00,0x00,0x00,0x00,0x00,
    0x00,0x00,0x00,0x00,0x65,0x29,0x17,0xc6,0x79,0xd6,0x67,0x79,0xd6,0x82,0x8d,0x73,
    0x00,0x00,0x7f,0x00,0x00,0x7f,0x00,0x00,0x7f,0x00,0x00,0x7f,0x00,0x00,0x7f,0x00,
    0x00,0x3c,0x00,0x00,0x82,0x13,0xa5,0x79,0xd6,0x7f,0x79,0xd6,0x4f,0x79,0xd6,0x92,
    0x38,0xce,0x20,0x00,0x00,0x00,0x00,0x00,0x00,0x00,0x00,0x00,0x00,0x00,0x00,0x00,
    0x00,0x00,0x00,0x00,0x00,0x00,0x00,0x00,0x00,0x00,0x00,0x00,0x00,0x00,0xcf,0x7b,
    0x58,0xce,0x79,0xd6,0x66,0x79,0xd6,0x82,0x41,0x08,0x00,0x00,0x7f,0x00,0x00,0x7f,
    0x00,0x00,0x7f,0x00,0x00,0x7f,0x00,0x00,0x7f,0x00,0x00,0x3c,0x00,0x00,0x82,0x13,
    0xa5,0x79,0xd6,0x7f,0x79,0xd6,0x4f,0x79,0xd6,0x92,0x58,0xce,0xc3,0x18,0x00,0x00,
    0x00,0x00,0x00,0x00,0x00,0x00,0x00,0x00,0x00,0x00,0x00,0x00,0x00,0x00,0x00,0x00,
    0x00,0x00,0x00,0x00,0x00,0x00,0x00,0x00,0x20,0x00,0x95,0xb5,0x79,0xd6,0x65,0x79,
    0xd6,0x82,0x95,0xb5,0x00,0x00,0x7f,0x00,0x00,0x7f,0x00,0x00,0x7f,0x00,0x00,0x7f,
    0x00,0x00,0x7f,0x00,0x00,0x3d,0x00,0x00,0x82,0x91,0x94,0x79,0xd6,0x7f,0x79,0xd6,
    0x4f,0x79,0xd6,0x93,0x58,0xce,0xe3,0x18,0x00,0x00,0x00,0x00,0x00,0x00,0x00,0x00,
    0x00,0x00,0x00,0x00,0x00,0x00,0x00,0x00,0x00,0x00,0x00,0x00,0x00,0x00,0x00,0x00,
    0x00,0x00,0x00,0x00,0x08,0x42,0x58,0xce,0x79,0xd6,0x64,0x79,0xd6,0x82,0xe7,0x39,
    0x00,0x00,0x7f,0x00,0x00,0x7f,0x00,0x00,0x7f,0x00,0x00,0x7f,0x00,0x00,0x7f,0x00,
    0x00,0x3d,0x00,0x00,0x82,0xb2,0x9c,0x79,0xd6,0x7f,0x79,0xd6,0x4f,0x79,0xd6,0x93,
    0x58,0xce,0xa2,0x10,0x00,0x00,0x00,0x00,0x00,0x00,0x00,0x00,0x00,0x00,0x00,0x00,
    0x00,0x00,0x00,0x00,0x00,0x00,0x00,0x00,0x00,0x00,0x00,0x00,0x00,0x00,0x00,0x00,
    0x20,0x00,0x54,0xad,0x79,0xd6,0x63,0x79,0xd6,0x82,0x58,0xce,0x00,0x00,0x7f,0x00,
    0x00,0x7f,0x00,0x00,0x7f,0x00,0x00,0x7f,0x00,0x00,0x7f,0x00,0x00,0x3e,0x00,0x00,
    0x82,0xb2,0x9c,0x79,0xd6,0x7f,0x79,0xd6,0x4f,0x79,0xd6,0x93,0x38,0xce,0xc3,0x18,
    0x00,0x00,0x00,0x00,0x00,0x00,0x00,0x00,0x00,0x00,0x00,0x00,0x00,0x00,0x00,0x00,
    0x00,0x00,0x00,0x00,0x00,0x00,0x00,0x00,0x00,0x00,0x00,0x00,0x00,0x00,0x89,0x52,
    0x79,0xd6,0x63,0x79,0xd6,0x82,0x10,0x84,0x00,0x00,0x7f,0x00,0x00,0x7f,0x00,0x00,
    0x7f,0x00,0x00,0x7f,0x00,0x00,0x7f,0x00,0x00,0x3e,0x00,0x00,0x82,0x54,0xad,0x79,
    0xd6,0x7f,0x79,0xd6,0x4f,0x79,0xd6,0x94,0x38,0xce,0x82,0x10,0x00,0x00,0x00,0x00,
    0x00,0x00,0x00,0x00,0x00,0x00,0x00,0x00,0x00,0x00,0x00,0x00,0x00,0x00,0x00,0x00,
    0x00,0x00,0x00,0x00,0x00,0x00,0x00,0x00,0x00,0x00,0x00,0x00,0x17,0xc6,0x79,0xd6,
    0x62,0x79,0xd6,0x82,0x41,0x08,0x00,0x00,0x7f,0x00,0x00,0x7f,0x00,0x00,0x7f,0x00,
    0x00,0x7f,0x00,0x00,0x7f,0x00,0x00,0x3e,0x00,0x00,0x82,0xf7,0xc5,0x79,0xd6,0x7f,
    0x79,0xd6,0x4f,0x79,0xd6,0x94,0x17,0xc6,0x00,0x00,0x00,0x00,0x00,0x00,0x00,0x00,
    0x00,0x00,0x00,0x00,0x00,0x00,0x00,0x00,0x00,0x00,0x00,0x00,0x00,0x00,0x00,0x00,
    0x00,0x00,0x00,0x00,0x00,0x00,0x00,0x00,0x00,0x00,0x71,0x8c,0x79,0xd6,0x61,0x79,
    0xd6,0x82,0x75,0xad,0x00,0x00,0x7f,0x00,0x00,0x7f,0x00,0x00,0x7f,0x00,0x00,0x7f,
    0x00,0x00,0x7f,0x00,0x00,0x3e,0x00,0x00,0x83,0x61,0x08,0x58,0xce,0x79,0xd6,0x7f,
    0x79,0xd6,0x4f,0x79,0xd6,0x94,0xd6,0xbd,0x00,0x00,0x00,0x00,0x00,0x00,0x00,0x00,
    0x00,0x00,0x20,0x00,0x00,0x00,0x00,0x00,0x00,0x00,0x00,0x00,0x00,0x00,0x00,0x00,
    0x00,0x00,0x00,0x00,0x00,0x00,0x00,0x00,0x00,0x00,0xc6,0x39,0x79,0xd6,0x61,0x79,
    0xd6,0x82,0x45,0x29,0x00,0x00,0x7f,0x00,0x00,0x7f,0x00,0x00,0x7f,0x00,0x00,0x7f,
    0x00,0x00,0x7f,0x00,0x00,0x3e,0x00,0x00,0x82,0x45,0x29,0x79,0xd6,0x7f,0x79,0xd6,
    0x50,0x79,0xd6,0x95,0x54,0xad,0x00,0x00,0x00,0x00,0x00,0x00,0x00,0x00,0x00,0x00,
    0x00,0x00,0x00,0x00,0x00,0x00,0x00,0x00,0x00,0x00,0x00,0x00,0x00,0x00,0x00,0x00,
    0x00,0x00,0x00,0x00,0x00,0x00,0x00,0x00,0x24,0x21,0x38,0xce,0x79,0xd6,0x5f,0x79,
    0xd6,0x82,0x17,0xc6,0x00,0x00,0x7f,0x00,0x00,0x7f,0x00,0x00,0x7f,0x00,0x00,0x7f,
    0x00,0x00,0x7f,0x00,0x00,0x3f,0x00,0x00,0x82,0xaa,0x5a,0x79,0xd6,0x7f,0x79,0xd6,
    0x50,0x79,0xd6,0x82,0x91,0x94,0x00,0x00,0x11,0x00,0x00,0x82,0x54,0xad,0x79,0xd6,
    0x5f,0x79,0xd6,0x82,0xeb,0x5a,0x00,0x00,0x7f,0x00,0x00,0x7f,0x00,0x00,0x7f,0x00,
    0x00,0x7f,0x00,0x00,0x7f,0x00,0x00,0x3f,0x00,0x00,0x82,0x54,0xad,0x79,0xd6,0x7f,
    0x79,0xd6,0x50,0x79,0xd6,0x82,0x8a,0x52,0x00,0x00,0x11,0x00,0x00,0x82,0x91,0x94,
    0x79,0xd6,0x5e,0x79,0xd6,0x82,0x58,0xce,0x00,0x00,0x7f,0x00,0x00,0x7f,0x00,0x00,
    0x7f,0x00,0x00,0x7f,0x00,0x00,0x7f,0x00,0x00,0x40,0x00,0x00,0x82,0x58,0xce,0x79,
    0xd6,0x7f,0x79,0xd6,0x50,0x79,0xd6,0x82,0xe7,0x39,0x00,0x00,0x11,0x00,0x00,0x82,
    0x04,0x21,0x79,0xd6,0x5e,0x79,0xd6,0x82,0xce,0x7b,0x00,0x00,0x7f,0x00,0x00,0x7f,
    0x00,0x00,0x7f,0x00,0x00,0x7f,0x00,0x00,0x7f,0x00,0x00,0x3f,0x00,0x00,0x82,0x45,
    0x29,0x79,0xd6,0x7f,0x79,0xd6,0x50,0x79,0xd6,0x83,0x58,0xce,0x41,0x08,0x00,0x00,
    0x11,0x00,0x00,0x83,0x41,0x08,0x38,0xce,0x79,0xd6,0x5c,0x79,0xd6,0x83,0x58,0xce,
    0x20,0x00,0x00,0x00,0x7f,0x00,0x00,0x7f,0x00,0x00,0x7f,0x00,0x00,0x7f,0x00,0x00,
    0x7f,0x00,0x00,0x3f,0x00,0x00,0x82,0x34,0xad,0x79,0xd6,0x7f,0x79,0xd6,0x50,0x79,
    0xd6,0x82,0xf7,0xc5,0x00,0x00,0x13,0x00,0x00,0x82,0x17,0xc6,0x79,0xd6,0x5c,0x79,
    0xd6,0x82,0x13,0xa5,0x00,0x00,0x7f,0x00,0x00,0x7f,0x00,0x00,0x7f,0x00,0x00,0x7f,
    0x00,0x00,0x7f,0x00,0x00,0x3f,0x00,0x00,0x83,0x20,0x00,0x58,0xce,0x79,0xd6,0x7f,
    0x79,0xd6,0x50,0x79,0xd6,0x82,0xd2,0x9c,0x00,0x00,0x13,0x00,0x00,0x82,0x95,0xb5,
    0x79,0xd6,0x5c,0x79,0xd6,0x82,0xa2,0x10,0x00,0x00,0x7f,0x00,0x00,0x7f,0x00,0x00,
    0x7f,0x00,0x00,0x7f,0x00,0x00,0x7f,0x00,0x00,0x3f,0x00,0x00,0x82,0x69,0x4a,0x79,
    0xd6,0x7f,0x79,0xd6,0x51,0x79,0xd6,0x82,0x07,0x42,0x00,0x00,0x13,0x00,0x00,0x82,
    0x91,0x94,0x79,0xd6,0x5b,0x79,0xd6,0x82,0x75,0xad,0x00,0x00,0x7f,0x00,0x00,0x7f,
    0x00,0x00,0x7f,0x00,0x00,0x7f,0x00,0x00,0x7f,0x00,0x00,0x40,0x00,0x00,0x82,0xf7,
    0xc5,0x79,0xd6,0x7f,0x79,0xd6,0x51,0x79,0xd6,0x82,0x41,0x08,0x00,0x00,0x13,0x00,
    0x00,0x82,0xd2,0x9c,0x79,0xd6,0x5b,0x79,0xd6,0x82,0xc3,0x18,0x00,0x00,0x7f,0x00,
    0x00,0x7f,0x00,0x00,0x7f,0x00,0x00,0x7f,0x00,0x00,0x7f,0x00,0x00,0x3f,0x00,0x00,
    0x82,0xe3,0x18,0x79,0xd6,0x7f,0x79,0xd6,0x51,0x79,0xd6,0x82,0xf7,0xc5,0x00,0x00,
    0x11,0x00,0x00,0x85,0x20,0x00,0x00,0x00,0x00,0x00,0x91,0x94,0x79,0xd6,0x5a,0x79,
    0xd6,0x82,0xf6,0xbd,0x00,0x00,0x7f,0x00,0x00,0x7f,0x00,0x00,0x7f,0x00,0x00,0x7f,
    0x00,0x00,0x7f,0x00,0x00,0x3e,0x00,0x00,0x84,0x20,0x00,0x00,0x00,0xb6,0xb5,0x79,
    0xd6,0x7f,0x79,0xd6,0x51,0x79,0xd6,0x82,0x50,0x8c,0x00,0x00,0x14,0x00,0x00,0x82,
    0x50,0x8c,0x79,0xd6,0x5a,0x79,0xd6,0x82,0xe7,0x39,0x00,0x00,0x7f,0x00,0x00,0x7f,
    0x00,0x00,0x7f,0x00,0x00,0x7f,0x00,0x00,0x7f,0x00,0x00,0x3f,0x00,0x00,0x82,0x61,
    0x08,0x79,0xd6,0x7f,0x79,0xd6,0x52,0x79,0xd6,0x82,0x24,0x21,0x00,0x00,0x14,0x00,
    0x00,0x82,0x91,0x94,0x79,0xd6,0x59,0x79,0xd6,0x82,0x95,0xb5,0x00,0x00,0x7f,0x00,
    0x00,0x7f,0x00,0x00,0x7f,0x00,0x00,0x7f,0x00,0x00,0x7f,0x00,0x00,0x40,0x00,0x00,
    0x82,0x54,0xad,0x79,0xd6,0x7f,0x79,0xd6,0x51,0x79,0xd6,0x82,0x58,0xce,0x00,0x00,
    0x15,0x00,0x00,0x82,0x91,0x94,0x79,0xd6,0x59,0x79,0xd6,0x82,0xc3,0x18,0x00,0x00,
    0x7f,0x00,0x00,0x7f,0x00,0x00,0x7f,0x00,0x00,0x7f,0x00,0x00,0x7f,0x00,0x00,0x3f,
    0x00,0x00,0x82,0xa2,0x10,0x79,0xd6,0x7f,0x79,0xd6,0x52,0x79,0xd6,0x82,0x13,0xa5,
    0x00,0x00,0x15,0x00,0x00,0x82,0x54,0xad,0x79,0xd6,0x58,0x79,0xd6,0x82,0x54,0xad,
    0x00,0x00,0x7f,0x00,0x00,0x7f,0x00,0x00,0x7f,0x00,0x00,0x7f,0x00,0x00,0x7f,0x00,
    0x00,0x40,0x00,0x00,0x82,0xb6,0xbd,0x79,0xd6,0x7f,0x79,0xd6,0x52,0x79,0xd6,0x82,
    0xa6,0x31,0x00,0x00,0x15,0x00,0x00,0x82,0xb6,0xbd,0x79,0xd6,0x58,0x79,0xd6,0x82,
    0x81,0x10,0x00,0x00,0x7f,0x00,0x00,0x7f,0x00,0x00,0x7f,0x00,0x00,0x7f,0x00,0x00,
    0x7f,0x00,0x00,0x3f,0x00,0x00,0x82,0xe3,0x20,0x79,0xd6,0x7f,0x79,0xd6,0x52,0x79,
    0xd6,0x82,0x38,0xce,0x00,0x00,0x16,0x00,0x00,0x82,0x58,0xce,0x79,0xd6,0x57,0x79,
    0xd6,0x82,0x30,0x84,0x00,0x00,0x7f,0x00,0x00,0x7f,0x00,0x00,0x7f,0x00,0x00,0x7f,
    0x00,0x00,0x7f,0x00,0x00,0x40,0x00,0x00,0x82,0x17,0xc6,0x79,0xd6,0x7f,0x79,0xd6,
    0x52,0x79,0xd6,0x82,0x30,0x84,0x00,0x00,0x15,0x00,0x00,0x83,0x20,0x00,0x58,0xce,
    0x79,0xd6,0x56,0x79,0xd6,0x82,0x58,0xce,0x00,0x00,0x7f,0x00,0x00,0x7f,0x00,0x00,
    0x7f,0x00,0x00,0x7f,0x00,0x00,0x7f,0x00,0x00,0x40,0x00,0x00,0x82,0xcb,0x5a,0x79,
    0xd6,0x7f,0x79,0xd6,0x53,0x79,0xd6,0x82,0xa2,0x10,0x00,0x00,0x15,0x00,0x00,0x82,
    0x82,0x10,0x79,0xd6,0x57,0x79,0xd6,0x82,0x48,0x4a,0x00,0x00,0x7f,0x00,0x00,0x7f,
    0x00,0x00,0x7f,0x00,0x00,0x7f,0x00,0x00,0x7f,0x00,0x00,0x40,0x00,0x00,0x7f,0x79,
    0xd6,0x54,0x79,0xd6,0x82,0x95,0xb5,0x00,0x00,0x16,0x00,0x00,0x82,0x28,0x42,0x79,
    0xd6,0x56,0x79,0xd6,0x82,0xf6,0xbd,0x00,0x00,0x7f,0x00,0x00,0x7f,0x00,0x00,0x7f,
    0x00,0x00,0x7f,0x00,0x00,0x7f,0x00,0x00,0x40,0x00,0x00,0x82,0x75,0xb5,0x79,0xd6,
    0x7f,0x79,0xd6,0x53,0x79,0xd6,0x84,0xe7,0x39,0x00,0x00,0x20,0x00,0x00,0x00,0x14,
    0x00,0x00,0x82,0xef,0x83,0x79,0xd6,0x56,0x79,0xd6,0x82,0x20,0x00,0x00,0x00,0x7f,
    0x00,0x00,0x7f,0x00,0x00,0x7f,0x00,0x00,0x7f,0x00,0x00,0x7f,0x00,0x00,0x3f,0x00,
    0x00,0x82,0xa6,0x31,0x79,0xd6,0x7f,0x79,0xd6,0x53,0x79,0xd6,0x82,0x17,0xc6,0x00,
    0x00,0x17,0x00,0x00,0x82,0xb6,0xbd,0x79,0xd6,0x55,0x79,0xd6,0x82,0xae,0x7b,0x00,
    0x00,0x7f,0x00,0x00,0x7f,0x00,0x00,0x7f,0x00,0x00,0x7f,0x00,0x00,0x7f,0x00,0x00,
    0x40,0x00,0x00,0x82,0x58,0xce,0x79,0xd6,0x7f,0x79,0xd6,0x53,0x79,0xd6,0x82,0xeb,
    0x62,0x00,0x00,0x16,0x00,0x00,0x83,0x20,0x00,0x58,0xce,0x79,0xd6,0x35,0x79,0xd6,
    0x82,0xf7,0xc5,0x79,0xd6,0x1d,0x79,0xd6,0x82,0x17,0xc6,0x00,0x00,0x7f,0x00,0x00,
    0x7f,0x00,0x00,0x7f,0x00,0x00,0x7f,0x00,0x00,0x7f,0x00,0x00,0x40,0x00,0x00,0x82,
    0x54,0xad,0x79,0xd6,0x7f,0x79,0xd6,0x53,0x79,0xd6,0x83,0x58,0xce,0x20,0x00,0x00,
    0x00,0x16,0x00,0x00,0x82,0xa6,0x31,0x79,0xd6,0x35,0x79,0xd6,0x83,0x34,0xad,0x4c,
    0x6b,0x79,0xd6,0x1d,0x79,0xd6,0x82,0xa2,0x10,0x00,0x00,0x7f,0x00,0x00,0x7f,0x00,
    0x00,0x7f,0x00,0x00,0x7f,0x00,0x00,0x7f,0x00,0x00,0x3f,0x00,0x00,0x82,0xc6,0x39,
    0x79,0xd6,0x7f,0x79,0xd6,0x54,0x79,0xd6,0x82,0x50,0x8c,0x00,0x00,0x17,0x00,0x00,
    0x82,0xb2,0x9c,0x79,0xd6,0x35,0x79,0xd6,0x84,0x41,0x08,0x65,0x29,0x58,0xce,0x79,
    0xd6,0x1b,0x79,0xd6,0x82,0xb2,0x9c,0x00,0x00,0x7f,0x00,0x00,0x7f,0x00,0x00,0x7f,
    0x00,0x00,0x7f,0x00,0x00,0x7f,0x00,0x00,0x3f,0x00,0x00,0x83,0x20,0x00,0x58,0xce,
    0x79,0xd6,0x7f,0x79,0xd6,0x53,0x79,0xd6,0x83,0x58,0xce,0x41,0x08,0x00,0x00,0x17,
    0x00,0x00,0x82,0x58,0xce,0x79,0xd6,0x34,0x79,0xd6,0x85,0xb6,0xb5,0x00,0x00,0x41,
    0x08,0x17,0xc6,0x79,0xd6,0x1a,0x79,0xd6,0x82,0x58,0xce,0x00,0x00,0x7f,0x00,0x00,
    0x7f,0x00,0x00,0x7f,0x00,0x00,0x7f,0x00,0x00,0x7f,0x00,0x00,0x40,0x00,0x00,0x82,
    0xd6,0xbd,0x79,0xd6,0x7f,0x79,0xd6,0x54,0x79,0xd6,0x82,0x50,0x8c,0x00,0x00,0x17,
    0x00,0x00,0x82,0xe7,0x39,0x79,0xd6,0x35,0x79,0xd6,0x85,0x04,0x21,0x00,0x00,0x00,
    0x00,0x13,0xa5,0x79,0xd6,0x1a,0x79,0xd6,0x82,0x65,0x29,0x00,0x00,0x7f,0x00,0x00,
    0x7f,0x00,0x00,0x7f,0x00,0x00,0x7f,0x00,0x00,0x7f,0x00,0x00,0x3f,0x00,0x00,0x82,
    0x10,0x84,0x79,0xd6,0x7f,0x79,0xd6,0x55,0x79,0xd6,0x82,0xa2,0x10,0x00,0x00,0x17,
    0x00,0x00,0x82,0x95,0xb5,0x79,0xd6,0x34,0x79,0xd6,0x86,0x38,0xce,0x00,0x00,0x00,
    0x00,0x00,0x00,0x0b,0x63,0x79,0xd6,0x19,0x79,0xd6,0x82,0x13,0xa5,0x00,0x00,0x7f,
    0x00,0x00,0x7f,0x00,0x00,0x7f,0x00,0x00,0x7f,0x00,0x00,0x7f,0x00,0x00,0x3f,0x00,
    0x00,0x82,0xe3,0x18,0x79,0xd6,0x7f,0x79,0xd6,0x55,0x79,0xd6,0x82,0x50,0x8c,0x00,
    0x00,0x17,0x00,0x00,0x82,0x41,0x08,0x79,0xd6,0x35,0x79,0xd6,0x87,0xeb,0x5a,0x00,
    0x00,0x00,0x00,0x00,0x00,0xe3,0x20,0x58,0xce,0x79,0xd6,0x17,0x79,0xd6,0x82,0x58,
    0xce,0x00,0x00,0x7f,0x00,0x00,0x7f,0x00,0x00,0x7f,0x00,0x00,0x7f,0x00,0x00,0x7f,
    0x00,0x00,0x40,0x00,0x00,0x7f,0x79,0xd6,0x56,0x79,0xd6,0x82,0x58,0xce,0x00,0x00,
    0x18,0x00,0x00,0x82,0xce,0x7b,0x79,0xd6,0x34,0x79,0xd6,0x88,0x58,0xce,0x00,0x00,
    0x00,0x00,0x00,0x00,0x00,0x00,0x20,0x00,0x38,0xce,0x79,0xd6,0x17,0x79,0xd6,0x82,
    0xa6,0x31,0x00,0x00,0x7f,0x00,0x00,0x7f,0x00,0x00,0x7f,0x00,0x00,0x7f,0x00,0x00,
    0x7f,0x00,0x00,0x3f,0x00,0x00,0x82,0x58,0xce,0x79,0xd6,0x7f,0x79,0xd6,0x55,0x79,
    0xd6,0x82,0x4c,0x6b,0x00,0x00,0x18,0x00,0x00,0x82,0x58,0xce,0x79,0xd6,0x34,0x79,
    0xd6,0x88,0xf3,0x9c,0x00,0x00,0x00,0x00,0x00,0x00,0x00,0x00,0x00,0x00,0xf7,0xc5,
    0x79,0xd6,0x16,0x79,0xd6,0x82,0x95,0xb5,0x00,0x00,0x7f,0x00,0x00,0x7f,0x00,0x00,
    0x7f,0x00,0x00,0x7f,0x00,0x00,0x7f,0x00,0x00,0x3f,0x00,0x00,0x82,0x75,0xb5,0x79,
    0xd6,0x7f,0x79,0xd6,0x55,0x79,0xd6,0x84,0x38,0xce,0x00,0x00,0x20,0x00,0x00,0x00,
    0x16,0x00,0x00,0x82,0xe7,0x39,0x79,0xd6,0x35,0x79,0xd6,0x88,0xc3,0x18,0x00,0x00,
    0x00,0x00,0x00,0x00,0x00,0x00,0x00,0x00,0xb6,0xbd,0x79,0xd6,0x16,0x79,0xd6,0x7f,
    0x00,0x00,0x7f,0x00,0x00,0x7f,0x00,0x00,0x7f,0x00,0x00,0x7f,0x00,0x00,0x40,0x00,
    0x00,0x82,0x71,0x8c,0x79,0xd6,0x7f,0x79,0xd6,0x56,0x79,0xd6,0x82,0x49,0x4a,0x00,
    0x00,0x18,0x00,0x00,0x82,0x95,0xb5,0x79,0xd6,0x34,0x79,0xd6,0x89,0xb6,0xbd,0x00,
    0x00,0x00,0x00,0x00,0x00,0x00,0x00,0x00,0x00,0x00,0x00,0x75,0xad,0x79,0xd6,0x15,
    0x79,0xd6,0x82,0xeb,0x62,0x00,0x00,0x7f,0x00,0x00,0x7f,0x00,0x00,0x7f,0x00,0x00,
    0x7f,0x00,0x00,0x7f,0x00,0x00,0x3e,0x00,0x00,0x82,0x4c,0x6b,0x79,0xd6,0x7f,0x79,
    0xd6,0x56,0x79,0xd6,0x82,0xf6,0xbd,0x00,0x00,0x18,0x00,0x00,0x82,0xa2,0x10,0x79,
    0xd6,0x35,0x79,0xd6,0x89,0xe7,0x39,0x00,0x00,0x00,0x00,0x00,0x00,0x00,0x00,0x00,
    0x00,0x00,0x00,0xd2,0x9c,0x79,0xd6,0x14,0x79,0xd6,0x82,0xd6,0xbd,0x00,0x00,0x7f,
    0x00,0x00,0x7f,0x00,0x00,0x7f,0x00,0x00,0x7f,0x00,0x00,0x7f,0x00,0x00,0x3e,0x00,
    0x00,0x82,0x65,0x29,0x79,0xd6,0x7f,0x79,0xd6,0x57,0x79,0xd6,0x82,0xc3,0x18,0x00,
    0x00,0x18,0x00,0x00,0x82,0xb6,0xb5,0x79,0xd6,0x34,0x79,0xd6,0x8a,0x38,0xce,0x00,
    0x00,0x00,0x00,0x00,0x00,0x00,0x00,0x00,0x00,0x00,0x00,0x00,0x00,0x91,0x94,0x79,
    0xd6,0x13,0x79,0xd6,0x82,0x58,0xce,0x00,0x00,0x7f,0x00,0x00,0x7f,0x00,0x00,0x7f,
    0x00,0x00,0x7f,0x00,0x00,0x7f,0x00,0x00,0x3e,0x00,0x00,0x82,0x61,0x08,0x79,0xd6,
    0x7f,0x79,0xd6,0x57,0x79,0xd6,0x82,0x10,0x84,0x00,0x00,0x18,0x00,0x00,0x82,0xe3,
    0x18,0x79,0xd6,0x35,0x79,0xd6,0x8a,0x48,0x4a,0x00,0x00,0x00,0x00,0x00,0x00,0x00,
    0x00,0x00,0x00,0x00,0x00,0x00,0x00,0xb2,0x9c,0x79,0xd6,0x13,0x79,0xd6,0x82,0x08,
    0x42,0x00,0x00,0x7f,0x00,0x00,0x7f,0x00,0x00,0x7f,0x00,0x00,0x7f,0x00,0x00,0x7f,
    0x00,0x00,0x3e,0x00,0x00,0x82,0x58,0xce,0x79,0xd6,0x7f,0x79,0xd6,0x56,0x79,0xd6,
    0x83,0x58,0xce,0x41,0x08,0x00,0x00,0x18,0x00,0x00,0x82,0xf7,0xc5,0x79,0xd6,0x34,
    0x79,0xd6,0x8b,0x38,0xce,0x00,0x00,0x00,0x00,0x00,0x00,0x00,0x00,0x00,0x00,0x00,
    0x00,0x00,0x00,0x00,0x00,0xf3,0x9c,0x79,0xd6,0x12,0x79,0xd6,0x82,0x54,0xad,0x00,
    0x00,0x7f,0x00,0x00,0x7f,0x00,0x00,0x7f,0x00,0x00,0x7f,0x00,0x00,0x7f,0x00,0x00,
    0x3e,0x00,0x00,0x82,0x38,0xce,0x79,0xd6,0x7f,0x79,0xd6,0x57,0x79,0xd6,0x82,0x49,
    0x4a,0x00,0x00,0x18,0x00,0x00,0x82,0xe7,0x39,0x79,0xd6,0x35,0x79,0xd6,0x8b,0x4c,
    0x6b,0x00,0x00,0x00,0x00,0x00,0x00,0x00,0x00,0x00,0x00,0x00,0x00,0x00,0x00,0x00,
    0x00,0x13,0xa5,0x79,0xd6,0x11,0x79,0xd6,0x82,0x58,0xce,0x00,0x00,0x7f,0x00,0x00,
    0x7f,0x00,0x00,0x7f,0x00,0x00,0x7f,0x00,0x00,0x7f,0x00,0x00,0x3e,0x00,0x00,0x82,
    0x17,0xc6,0x79,0xd6,0x7f,0x79,0xd6,0x57,0x79,0xd6,0x82,0x34,0xa5,0x00,0x00,0x19,
    0x00,0x00,0x36,0x79,0xd6,0x8c,0x58,0xce,0x00,0x00,0x00,0x00,0x00,0x00,0x00,0x00,
    0x00,0x00,0x00,0x00,0x00,0x00,0x00,0x00,0x00,0x00,0x34,0xad,0x79,0xd6,0x11,0x79,
    0xd6,0x82,0x65,0x29,0x00,0x00,0x7f,0x00,0x00,0x7f,0x00,0x00,0x7f,0x00,0x00,0x7f,
    0x00,0x00,0x7f,0x00,0x00,0x3d,0x00,0x00,0x82,0xf6,0xbd,0x79,0xd6,0x7f,0x79,0xd6,
    0x57,0x79,0xd6,0x83,0x58,0xce,0x41,0x08,0x00,0x00,0x18,0x00,0x00,0x82,0x13,0xa5,
    0x79,0xd6,0x35,0x79,0xd6,0x9e,0x8d,0x73,0x00,0x00,0x00,0x00,0x00,0x00,0x00,0x00,
    0x00,0x00,0x00,0x00,0x00,0x00,0x00,0x00,0x00,0x00,0xb6,0xbd,0x79,0xd6,0x79,0xd6,
    0x79,0xd6,0x79,0xd6,0x79,0xd6,0x79,0xd6,0x79,0xd6,0x79,0xd6,0x79,0xd6,0x79,0xd6,
    0x79,0xd6,0x79,0xd6,0x79,0xd6,0x79,0xd6,0x79,0xd6,0x79,0xd6,0x79,0xd6,0xef,0x7b,
    0x00,0x00,0x7f,0x00,0x00,0x7f,0x00,0x00,0x7f,0x00,0x00,0x7f,0x00,0x00,0x7f,0x00,
    0x00,0x3d,0x00,0x00,0x82,0x54,0xad,0x79,0xd6,0x7f,0x79,0xd6,0x58,0x79,0xd6,0x82,
    0x49,0x4a,0x00,0x00,0x18,0x00,0x00,0x82,0x65,0x29,0x79,0xd6,0x35,0x79,0xd6,0x9e,
    0x58,0xce,0x00,0x00,0x00,0x00,0x00,0x00,0x00,0x00,0x00,0x00,0x00,0x00,0x00,0x00,
    0x00,0x00,0x00,0x00,0x00,0x00,0xf7,0xc5,0x79,0xd6,0x79,0xd6,0x79,0xd6,0x79,0xd6,
    0x79,0xd6,0x79,0xd6,0x79,0xd6,0x79,0xd6,0x79,0xd6,0x79,0xd6,0x79,0xd6,0x79,0xd6,
    0x79,0xd6,0x79,0xd6,0x79,0xd6,0x79,0xd6,0xd6,0xbd,0x00,0x00,0x7f,0x00,0x00,0x7f,
    0x00,0x00,0x7f,0x00,0x00,0x7f,0x00,0x00,0x7f,0x00,0x00,0x3d,0x00,0x00,0x82,0x91,
    0x94,0x79,0xd6,0x7f,0x79,0xd6,0x58,0x79,0xd6,0x82,0x54,0xad,0x00,0x00,0x18,0x00,
    0x00,0x82,0x61,0x08,0x79,0xd6,0x36,0x79,0xd6,0x9d,0x8d,0x73,0x00,0x00,0x00,0x00,
    0x00,0x00,0x00,0x00,0x00,0x00,0x00,0x00,0x00,0x00,0x00,0x00,0x00,0x00,0x00,0x00,
    0x38,0xce,0x79,0xd6,0x79,0xd6,0x79,0xd6,0x79,0xd6,0x79,0xd6,0x79,0xd6,0x79,0xd6,
    0x79,0xd6,0x79,0xd6,0x79,0xd6,0x79,0xd6,0x79,0xd6,0x79,0xd6,0x79,0xd6,0x79,0xd6,
    0x58,0xce,0x00,0x00,0x7f,0x00,0x00,0x7f,0x00,0x00,0x7f,0x00,0x00,0x7f,0x00,0x00,
    0x7f,0x00,0x00,0x3d,0x00,0x00,0x82,0x71,0x94,0x79,0xd6,0x7f,0x79,0xd6,0x58,0x79,
    0xd6,0x83,0x58,0xce,0x20,0x00,0x00,0x00,0x18,0x00,0x00,0x82,0x38,0xce,0x79,0xd6,
    0x35,0x79,0xd6,0x9e,0x58,0xce,0x00,0x00,0x00,0x00,0x00,0x00,0x00,0x00,0x00,0x00,
    0x00,0x00,0x00,0x00,0x00,0x00,0x00,0x00,0x00,0x00,0x20,0x00,0x58,0xce,0x79,0xd6,
    0x79,0xd6,0x79,0xd6,0x79,0xd6,0x79,0xd6,0x79,0xd6,0x79,0xd6,0x79,0xd6,0x79,0xd6,
    0x79,0xd6,0x79,0xd6,0x79,0xd6,0x79,0xd6,0x79,0xd6,0x79,0xd6,0xa6,0x31,0x00,0x00,
    0x7f,0x00,0x00,0x7f,0x00,0x00,0x7f,0x00,0x00,0x7f,0x00,0x00,0x7f,0x00,0x00,0x3c,
    0x00,0x00,0x82,0x13,0xa5,0x79,0xd6,0x7f,0x79,0xd6,0x59,0x79,0xd6,0x82,0x28,0x42,
    0x00,0x00,0x18,0x00,0x00,0x82,0x95,0xb5,0x79,0xd6,0x36,0x79,0xd6,0x9d,0x8a,0x52,
    0x00,0x00,0x00,0x00,0x00,0x00,0x00,0x00,0x00,0x00,0x00,0x00,0x00,0x00,0x00,0x00,
    0x00,0x00,0x00,0x00,0xa2,0x10,0x58,0xce,0x79,0xd6,0x79,0xd6,0x79,0xd6,0x79,0xd6,
    0x79,0xd6,0x79,0xd6,0x79,0xd6,0x79,0xd6,0x79,0xd6,0x79,0xd6,0x79,0xd6,0x79,0xd6,
    0x79,0xd6,0x79,0xd6,0x30,0x8c,0x00,0x00,0x7f,0x00,0x00,0x7f,0x00,0x00,0x7f,0x00,
    0x00,0x7f,0x00,0x00,0x7f,0x00,0x00,0x3c,0x00,0x00,0x82,0xb2,0x9c,0x79,0xd6,0x7f,
    0x79,0xd6,0x59,0x79,0xd6,0x82,0x54,0xad,0x00,0x00,0x18,0x00,0x00,0x82,0x13,0xa5,
    0x79,0xd6,0x36,0x79,0xd6,0x9d,0x17,0xc6,0x00,0x00,0x00,0x00,0x00,0x00,0x00,0x00,
    0x00,0x00,0x00,0x00,0x00,0x00,0x00,0x00,0x00,0x00,0x00,0x00,0x00,0x00,0xa6,0x31,
    0x79,0xd6,0x79,0xd6,0x79,0xd6,0x79,0xd6,0x79,0xd6,0x79,0xd6,0x79,0xd6,0x79,0xd6,
    0x79,0xd6,0x79,0xd6,0x79,0xd6,0x79,0xd6,0x79,0xd6,0x79,0xd6,0xd6,0xbd,0x00,0x00,
    0x7f,0x00,0x00,0x7f,0x00,0x00,0x7f,0x00,0x00,0x7f,0x00,0x00,0x7f,0x00,0x00,0x3c,
    0x00,0x00,0x82,0xb2,0x9c,0x79,0xd6,0x7f,0x79,0xd6,0x5a,0x79,0xd6,0x19,0x00,0x00,
    0x82,0x4c,0x6b,0x79,0xd6,0x37,0x79,0xd6,0x9c,0x85,0x31,0x00,0x00,0x00,0x00,0x00,
    0x00,0x00,0x00,0x00,0x00,0x00,0x00,0x00,0x00,0x00,0x00,0x00,0x00,0x00,0x00,0x00,
    0x00,0x69,0x4a,0x79,0xd6,0x79,0xd6,0x79,0xd6,0x79,0xd6,0x79,0xd6,0x79,0xd6,0x79,
    0xd6,0x79,0xd6,0x79,0xd6,0x79,0xd6,0x79,0xd6,0x79,0xd6,0x79,0xd6,0x58,0xce,0x00,
    0x00,0x7f,0x00,0x00,0x7f,0x00,0x00,0x7f,0x00,0x00,0x7f,0x00,0x00,0x7f,0x00,0x00,
    0x3c,0x00,0x00,0x82,0xb2,0x9c,0x79,0xd6,0x7f,0x79,0xd6,0x5a,0x79,0xd6,0x82,0x28,
    0x42,0x00,0x00,0x17,0x00,0x00,0x82,0x89,0x52,0x79,0xd6,0x37,0x79,0xd6,0x9d,0xd6,
    0xbd,0x00,0x00,0x00,0x00,0x00,0x00,0x00,0x00,0x00,0x00,0x00,0x00,0x00,0x00,0x00,
    0x00,0x00,0x00,0x00,0x00,0x00,0x00,0x00,0x00,0x8e,0x73,0x79,0xd6,0x79,0xd6,0x79,
    0xd6,0x79,0xd6,0x79,0xd6,0x79,0xd6,0x79,0xd6,0x79,0xd6,0x79,0xd6,0x79,0xd6,0x79,
    0xd6,0x79,0xd6,0x79,0xd6,0x61,0x08,0x00,0x00,0x7f,0x00,0x00,0x7f,0x00,0x00,0x7f,
    0x00,0x00,0x7f,0x00,0x00,0x7f,0x00,0x00,0x3b,0x00,0x00,0x82,0xb2,0x9c,0x79,0xd6,
    0x7f,0x79,0xd6,0x5a,0x79,0xd6,0x82,0xb6,0xb5,0x00,0x00,0x17,0x00,0x00,0x82,0xae,
    0x73,0x79,0xd6,0x38,0x79,0xd6,0x9c,0xa2,0x10,0x00,0x00,0x00,0x00,0x00,0x00,0x00,
    0x00,0x00,0x00,0x00,0x00,0x00,0x00,0x00,0x00,0x00,0x00,0x00,0x00,0x00,0x00,0x00,
    0x00,0x50,0x8c,0x79,0xd6,0x79,0xd6,0x79,0xd6,0x79,0xd6,0x79,0xd6,0x79,0xd6,0x79,
    0xd6,0x79,0xd6,0x79,0xd6,0x79,0xd6,0x79,0xd6,0x79,0xd6,0x07,0x42,0x00,0x00,0x7f,
    0x00,0x00,0x7f,0x00,0x00,0x7f,0x00,0x00,0x7f,0x00,0x00,0x7f,0x00,0x00,0x3b,0x00,
    0x00,0x82,0xf3,0x9c,0x79,0xd6,0x7f,0x79,0xd6,0x5b,0x79,0xd6,0x82,0x41,0x08,0x00,
    0x00,0x16,0x00,0x00,0x82,0xf3,0x9c,0x79,0xd6,0x38,0x79,0xd6,0x9c,0x13,0xa5,0x00,
    0x00,0x00,0x00,0x00,0x00,0x00,0x00,0x00,0x00,0x00,0x00,0x00,0x00,0x00,0x00,0x00,
    0x00,0x00,0x00,0x00,0x00,0x00,0x00,0x00,0x00,0x75,0xad,0x79,0xd6,0x79,0xd6,0x79,
    0xd6,0x79,0xd6,0x79,0xd6,0x79,0xd6,0x79,0xd6,0x79,0xd6,0x79,0xd6,0x79,0xd6,0x79,
    0xd6,0xf3,0x9c,0x00,0x00,0x7f,0x00,0x00,0x7f,0x00,0x00,0x7f,0x00,0x00,0x7f,0x00,
    0x00,0x7f,0x00,0x00,0x3b,0x00,0x00,0x82,0x34,0xad,0x79,0xd6,0x7f,0x79,0xd6,0x5b,
    0x79,0xd6,0x82,0x30,0x8c,0x00,0x00,0x16,0x00,0x00,0x82,0x38,0xce,0x79,0xd6,0x38,
    0x79,0xd6,0x9c,0x58,0xce,0x20,0x00,0x00,0x00,0x00,0x00,0x00,0x00,0x00,0x00,0x00,
    0x00,0x00,0x00,0x00,0x00,0x00,0x00,0x00,0x00,0x00,0x00,0x00,0x00,0x00,0x00,0x00,
    0x00,0xd6,0xbd,0x79,0xd6,0x79,0xd6,0x79,0xd6,0x79,0xd6,0x79,0xd6,0x79,0xd6,0x79,
    0xd6,0x79,0xd6,0x79,0xd6,0x79,0xd6,0xf7,0xc5,0x00,0x00,0x7f,0x00,0x00,0x7f,0x00,
    0x00,0x7f,0x00,0x00,0x7f,0x00,0x00,0x7f,0x00,0x00,0x3b,0x00,0x00,0x82,0x54,0xad,
    0x79,0xd6,0x7f,0x79,0xd6,0x5b,0x79,0xd6,0x83,0x38,0xce,0x20,0x00,0x00,0x00,0x15,
    0x00,0x00,0x3b,0x79,0xd6,0x9b,0x6d,0x73,0x00,0x00,0x00,0x00,0x00,0x00,0x00,0x00,
    0x00,0x00,0x00,0x00,0x00,0x00,0x00,0x00,0x00,0x00,0x00,0x00,0x00,0x00,0x00,0x00,
    0x00,0x00,0x00,0x00,0x58,0xce,0x79,0xd6,0x79,0xd6,0x79,0xd6,0x79,0xd6,0x79,0xd6,
    0x79,0xd6,0x79,0xd6,0x79,0xd6,0x79,0xd6,0x58,0xce,0x00,0x00,0x7f,0x00,0x00,0x7f,
    0x00,0x00,0x7f,0x00,0x00,0x7f,0x00,0x00,0x7f,0x00,0x00,0x3b,0x00,0x00,0x82,0x95,
    0xb5,0x79,0xd6,0x7f,0x79,0xd6,0x5c,0x79,0xd6,0x82,0xcb,0x5a,0x00,0x00,0x14,0x00,
    0x00,0x82,0x6d,0x73,0x79,0xd6,0x3a,0x79,0xd6,0x9b,0x17,0xc6,0x00,0x00,0x00,0x00,
    0x00,0x00,0x00,0x00,0x00,0x00,0x00,0x00,0x00,0x00,0x00,0x00,0x00,0x00,0x00,0x00,
    0x00,0x00,0x00,0x00,0x00,0x00,0x00,0x00,0x04,0x21,0x79,0xd6,0x79,0xd6,0x79,0xd6,
    0x79,0xd6,0x79,0xd6,0x79,0xd6,0x79,0xd6,0x79,0xd6,0x79,0xd6,0x79,0xd6,0x00,0x00,
    0x7f,0x00,0x00,0x7f,0x00,0x00,0x7f,0x00,0x00,0x7f,0x00,0x00,0x7f,0x00,0x00,0x3b,
    0x00,0x00,0x82,0xd6,0xbd,0x79,0xd6,0x7f,0x79,0xd6,0x5c,0x79,0xd6,0x83,0x58,0xce,
    0x41,0x08,0x00,0x00,0x13,0x00,0x00,0x3d,0x79,0xd6,0x9b,0xe7,0x39,0x00,0x00,0x00,
    0x00,0x00,0x00,0x00,0x00,0x00,0x00,0x00,0x00,0x00,0x00,0x00,0x00,0x00,0x00,0x00,
    0x00,0x00,0x00,0x00,0x00,0x00,0x00,0x00,0x00,0x49,0x4a,0x79,0xd6,0x79,0xd6,0x79,
    0xd6,0x79,0xd6,0x79,0xd6,0x79,0xd6,0x79,0xd6,0x79,0xd6,0x79,0xd6,0x82,0x10,0x00,
    0x00,0x7f,0x00,0x00,0x7f,0x00,0x00,0x7f,0x00,0x00,0x7f,0x00,0x00,0x7f,0x00,0x00,
    0x3a,0x00,0x00,0x82,0x17,0xc6,0x79,0xd6,0x7f,0x79,0xd6,0x28,0x79,0xd6,0x82,0x58,
    0xce,0x79,0xd6,0x33,0x79,0xd6,0x82,0xd2,0x9c,0x00,0x00,0x12,0x00,0x00,0x82,0x13,
    0xa5,0x79,0xd6,0x3c,0x79,0xd6,0x9b,0x34,0xad,0x00,0x00,0x00,0x00,0x00,0x00,0x00,
    0x00,0x00,0x00,0x00,0x00,0x00,0x00,0x00,0x00,0x00,0x00,0x00,0x00,0x00,0x00,0x00,
    0x00,0x00,0x00,0x00,0x00,0x00,0x00,0x8d,0x73,0x79,0xd6,0x79,0xd6,0x79,0xd6,0x79,
    0xd6,0x79,0xd6,0x79,0xd6,0x79,0xd6,0x79,0xd6,0x69,0x4a,0x00,0x00,0x7f,0x00,0x00,
    0x7f,0x00,0x00,0x7f,0x00,0x00,0x7f,0x00,0x00,0x7f,0x00,0x00,0x3a,0x00,0x00,0x82,
    0x58,0xce,0x79,0xd6,0x7f,0x79,0xd6,0x28,0x79,0xd6,0x83,0x0b,0x63,0xf7,0xc5,0x79,
    0xd6,0x33,0x79,0xd6,0x94,0xa6,0x31,0x00,0x00,0x00,0x00,0x00,0x00,0x00,0x00,0x00,
    0x00,0x00,0x00,0x00,0x00,0x00,0x00,0x00,0x00,0x00,0x00,0x00,0x00,0x00,0x00,0x00,
    0x00,0x00,0x00,0x00,0x00,0x00,0x00,0x00,0x00,0x89,0x52,0x79,0xd6,0x3d,0x79,0xd6,
    0x9b,0x58,0xce,0x00,0x00,0x00,0x00,0x00,0x00,0x00,0x00,0x00,0x00,0x00,0x00,0x00,
    0x00,0x00,0x00,0x00,0x00,0x00,0x00,0x00,0x00,0x00,0x00,0x00,0x00,0x00,0x00,0x00,
    0x00,0x00,0x00,0x13,0xa5,0x79,0xd6,0x79,0xd6,0x79,0xd6,0x79,0xd6,0x79,0xd6,0x79,
    0xd6,0x79,0xd6,0xd2,0x9c,0x00,0x00,0x7f,0x00,0x00,0x7f,0x00,0x00,0x7f,0x00,0x00,
    0x7f,0x00,0x00,0x7f,0x00,0x00,0x3a,0x00,0x00,0x82,0x58,0xce,0x79,0xd6,0x7f,0x79,
    0xd6,0x28,0x79,0xd6,0x84,0x58,0xce,0x00,0x00,0x95,0xb5,0x79,0xd6,0x32,0x79,0xd6,
    0x94,0x58,0xce,0x20,0x00,0x00,0x00,0x00,0x00,0x00,0x00,0x00,0x00,0x00,0x00,0x00,
    0x00,0x00,0x00,0x00,0x00,0x00,0x00,0x00,0x00,0x00,0x00,0x00,0x00,0x00,0x00,0x00,
    0x00,0x00,0x00,0xa6,0x31,0x58,0xce,0x79,0xd6,0x3e,0x79,0xd6,0x9a,0x49,0x4a,0x00,
    0x00,0x00,0x00,0x00,0x00,0x00,0x00,0x00,0x00,0x00,0x00,0x00,0x00,0x00,0x00,0x00,
    0x00,0x00,0x00,0x00,0x00,0x00,0x00,0x00,0x00,0x00,0x00,0x00,0x00,0x00,0x00,0x17,
    0xc6,0x79,0xd6,0x79,0xd6,0x79,0xd6,0x79,0xd6,0x79,0xd6,0x79,0xd6,0xb6,0xbd,0x00,
    0x00,0x7f,0x00,0x00,0x7f,0x00,0x00,0x7f,0x00,0x00,0x7f,0x00,0x00,0x7f,0x00,0x00,
    0x39,0x00,0x00,0x82,0x20,0x00,0x79,0xd6,0x7f,0x79,0xd6,0x2a,0x79,0xd6,0x84,0x8d,
    0x73,0x00,0x00,0xcf,0x7b,0x79,0xd6,0x32,0x79,0xd6,0x92,0x58,0xce,0xe3,0x20,0x00,
    0x00,0x00,0x00,0x00,0x00,0x00,0x00,0x00,0x00,0x00,0x00,0x00,0x00,0x00,0x00,0x00,
    0x00,0x00,0x00,0x00,0x00,0x00,0x00,0x00,0x00,0xc6,0x39,0x58,0xce,0x79,0xd6,0x3f,
    0x79,0xd6,0x9a,0x75,0xad,0x00,0x00,0x00,0x00,0x00,0x00,0x00,0x00,0x00,0x00,0x00,
    0x00,0x00,0x00,0x00,0x00,0x00,0x00,0x00,0x00,0x00,0x00,0x00,0x00,0x00,0x00,0x00,
    0x00,0x00,0x00,0x00,0x00,0xc3,0x18,0x79,0xd6,0x79,0xd6,0x79,0xd6,0x79,0xd6,0x79,
    0xd6,0x79,0xd6,0x58,0xce,0x00,0x00,0x7f,0x00,0x00,0x7f,0x00,0x00,0x7f,0x00,0x00,
    0x7f,0x00,0x00,0x7f,0x00,0x00,0x39,0x00,0x00,0x82,0x24,0x21,0x79,0xd6,0x7f,0x79,
    0xd6,0x2a,0x79,0xd6,0x86,0x58,0xce,0x00,0x00,0x00,0x00,0x86,0x31,0x58,0xce,0x79,
    0xd6,0x31,0x79,0xd6,0x8f,0x58,0xce,0x6d,0x73,0x00,0x00,0x00,0x00,0x00,0x00,0x00,
    0x00,0x00,0x00,0x00,0x00,0x00,0x00,0x00,0x00,0x00,0x00,0x00,0x00,0x20,0x00,0x13,
    0xa5,0x79,0xd6,0x41,0x79,0xd6,0x9a,0x58,0xce,0xa2,0x10,0x00,0x00,0x00,0x00,0x00,
    0x00,0x00,0x00,0x00,0x00,0x00,0x00,0x00,0x00,0x00,0x00,0x00,0x00,0x00,0x00,0x00,
    0x00,0x00,0x00,0x00,0x00,0x00,0x00,0x00,0x00,0x00,0x00,0x2c,0x6b,0x79,0xd6,0x79,
    0xd6,0x79,0xd6,0x79,0xd6,0x79,0xd6,0x58,0xce,0x00,0x00,0x7f,0x00,0x00,0x7f,0x00,
    0x00,0x7f,0x00,0x00,0x7f,0x00,0x00,0x7f,0x00,0x00,0x39,0x00,0x00,0x82,0x0b,0x63,
    0x79,0xd6,0x7f,0x79,0xd6,0x2b,0x79,0xd6,0x86,0x0f,0x84,0x00,0x00,0x00,0x00,0x61,
    0x08,0x17,0xc6,0x79,0xd6,0x32,0x79,0xd6,0x8c,0x38,0xce,0x8d,0x73,0x20,0x00,0x00,
    0x00,0x00,0x00,0x00,0x00,0x00,0x00,0x00,0x00,0x24,0x21,0x91,0x94,0x38,0xce,0x79,
    0xd6,0x43,0x79,0xd6,0x9a,0x2c,0x6b,0x00,0x00,0x00,0x00,0x00,0x00,0x00,0x00,0x00,
    0x00,0x00,0x00,0x00,0x00,0x00,0x00,0x00,0x00,0x00,0x00,0x00,0x00,0x00,0x00,0x00,
    0x00,0x00,0x00,0x00,0x00,0x00,0x00,0x00,0x00,0xf7,0xc5,0x79,0xd6,0x79,0xd6,0x79,
    0xd6,0x79,0xd6,0x79,0xd6,0x82,0x10,0x00,0x00,0x7f,0x00,0x00,0x7f,0x00,0x00,0x7f,
    0x00,0x00,0x7f,0x00,0x00,0x7f,0x00,0x00,0x38,0x00,0x00,0x82,0x50,0x8c,0x79,0xd6,
    0x7f,0x79,0xd6,0x2b,0x79,0xd6,0x87,0x58,0xce,0x00,0x00,0x00,0x00,0x00,0x00,0x00,
    0x00,0x54,0xad,0x79,0xd6,0x34,0x79,0xd6,0x86,0x58,0xce,0xb6,0xbd,0x75,0xb5,0xf7,
    0xc5,0x58,0xce,0x79,0xd6,0x46,0x79,0xd6,0x9a,0xd6,0xbd,0x00,0x00,0x00,0x00,0x00,
    0x00,0x00,0x00,0x00,0x00,0x00,0x00,0x00,0x00,0x00,0x00,0x00,0x00,0x00,0x00,0x00,
    0x00,0x00,0x00,0x00,0x00,0x00,0x00,0x00,0x00,0x00,0x00,0x00,0x00,0x81,0x10,0x58,
    0xce,0x79,0xd6,0x79,0xd6,0x79,0xd6,0x79,0xd6,0x65,0x29,0x00,0x00,0x7f,0x00,0x00,
    0x7f,0x00,0x00,0x7f,0x00,0x00,0x7f,0x00,0x00,0x7f,0x00,0x00,0x38,0x00,0x00,0x82,
    0x95,0xb5,0x79,0xd6,0x7f,0x79,0xd6,0x2c,0x79,0xd6,0x87,0x0b,0x63,0x00,0x00,0x00,
    0x00,0x00,0x00,0x00,0x00,0xce,0x7b,0x79,0xd6,0x7f,0x79,0xd6,0x9a,0x79,0xd6,0xa2,
    0x10,0x00,0x00,0x00,0x00,0x00,0x00,0x00,0x00,0x00,0x00,0x00,0x00,0x00,0x00,0x00,
    0x00,0x00,0x00,0x00,0x00,0x00,0x00,0x00,0x00,0x00,0x00,0x00,0x00,0x00,0x00,0x00,
    0x00,0x00,0x00,0x8d,0x73,0x79,0xd6,0x79,0xd6,0x79,0xd6,0x79,0xd6,0xcb,0x5a,0x00,
    0x00,0x7f,0x00,0x00,0x7f,0x00,0x00,0x7f,0x00,0x00,0x7f,0x00,0x00,0x7f,0x00,0x00,
    0x38,0x00,0x00,0x82,0x38,0xce,0x79,0xd6,0x7f,0x79,0xd6,0x2c,0x79,0xd6,0x89,0x58,
    0xce,0x00,0x00,0x00,0x00,0x00,0x00,0x00,0x00,0x00,0x00,0x24,0x21,0x58,0xce,0x79,
    0xd6,0x7e,0x79,0xd6,0x82,0x8d,0x73,0x00,0x00,0x11,0x00,0x00,0x86,0x17,0xc6,0x79,
    0xd6,0x79,0xd6,0x79,0xd6,0xae,0x73,0x00,0x00,0x7f,0x00,0x00,0x7f,0x00,0x00,0x7f,
    0x00,0x00,0x7f,0x00,0x00,0x7f,0x00,0x00,0x37,0x00,0x00,0x82,0x61,0x08,0x79,0xd6,
    0x7f,0x79,0xd6,0x2e,0x79,0xd6,0x89,0x8a,0x52,0x00,0x00,0x00,0x00,0x00,0x00,0x00,
    0x00,0x00,0x00,0x61,0x08,0xf7,0xc5,0x79,0xd6,0x7d,0x79,0xd6,0x82,0xb6,0xbd,0x00,
    0x00,0x11,0x00,0x00,0x86,0x24,0x21,0x79,0xd6,0x79,0xd6,0x79,0xd6,0xd2,0x9c,0x00,
    0x00,0x7f,0x00,0x00,0x7f,0x00,0x00,0x7f,0x00,0x00,0x7f,0x00,0x00,0x7f,0x00,0x00,
    0x37,0x00,0x00,0x82,0xc6,0x39,0x79,0xd6,0x7f,0x79,0xd6,0x2e,0x79,0xd6,0x8a,0x38,
    0xce,0x00,0x00,0x00,0x00,0x00,0x00,0x00,0x00,0x00,0x00,0x00,0x00,0x20,0x00,0xd6,
    0xbd,0x79,0xd6,0x7c,0x79,0xd6,0x83,0x58,0xce,0x20,0x00,0x00,0x00,0x11,0x00,0x00,
    0x85,0xf3,0x9c,0x79,0xd6,0x79,0xd6,0xb6,0xb5,0x00,0x00,0x7f,0x00,0x00,0x7f,0x00,
    0x00,0x7f,0x00,0x00,0x7f,0x00,0x00,0x7f,0x00,0x00,0x37,0x00,0x00,0x82,0xef,0x7b,
    0x79,0xd6,0x7f,0x79,0xd6,0x2f,0x79,0xd6,0x8a,0x28,0x42,0x00,0x00,0x00,0x00,0x00,
    0x00,0x00,0x00,0x00,0x00,0x00,0x00,0x20,0x00,0xb6,0xbd,0x79,0xd6,0x7c,0x79,0xd6,
    0x82,0xaa,0x5a,0x00,0x00,0x12,0x00,0x00,0x84,0x79,0xd6,0x79,0xd6,0x38,0xce,0x00,
    0x00,0x7f,0x00,0x00,0x7f,0x00,0x00,0x7f,0x00,0x00,0x7f,0x00,0x00,0x7f,0x00,0x00,
    0x37,0x00,0x00,0x82,0x95,0xb5,0x79,0xd6,0x7f,0x79,0xd6,0x2f,0x79,0xd6,0x8b,0xf7,
    0xc5,0x00,0x00,0x00,0x00,0x00,0x00,0x00,0x00,0x00,0x00,0x00,0x00,0x00,0x00,0x00,
    0x00,0x95,0xb5,0x79,0xd6,0x7b,0x79,0xd6,0x82,0xf3,0x9c,0x00,0x00,0x12,0x00,0x00,
    0x84,0x0f,0x84,0x79,0xd6,0x58,0xce,0x00,0x00,0x7f,0x00,0x00,0x7f,0x00,0x00,0x7f,
    0x00,0x00,0x7f,0x00,0x00,0x7f,0x00,0x00,0x36,0x00,0x00,0x83,0x20,0x00,0x58,0xce,
    0x79,0xd6,0x7f,0x79,0xd6,0x30,0x79,0xd6,0x8b,0xc3,0x18,0x00,0x00,0x00,0x00,0x00,
    0x00,0x00,0x00,0x00,0x00,0x00,0x00,0x00,0x00,0x00,0x00,0x75,0xb5,0x79,0xd6,0x7a,
    0x79,0xd6,0x82,0x38,0xce,0x00,0x00,0x13,0x00,0x00,0x83,0x79,0xd6,0x79,0xd6,0x00,
    0x00,0x7f,0x00,0x00,0x7f,0x00,0x00,0x7f,0x00,0x00,0x7f,0x00,0x00,0x7f,0x00,0x00,
    0x36,0x00,0x00,0x82,0x65,0x29,0x79,0xd6,0x7f,0x79,0xd6,0x31,0x79,0xd6,0x8c,0x54,
    0xad,0x00,0x00,0x00,0x00,0x00,0x00,0x00,0x00,0x00,0x00,0x00,0x00,0x00,0x00,0x00,
    0x00,0x00,0x00,0x95,0xb5,0x79,0xd6,0x7a,0x79,0xd6,0x82,0xc3,0x18,0x00,0x00,0x12,
    0x00,0x00,0x84,0x8d,0x73,0x79,0xd6,0x20,0x00,0x00,0x00,0x7f,0x00,0x00,0x7f,0x00,
    0x00,0x7f,0x00,0x00,0x7f,0x00,0x00,0x7f,0x00,0x00,0x35,0x00,0x00,0x82,0x10,0x84,
    0x79,0xd6,0x7f,0x79,0xd6,0x32,0x79,0xd6,0x8c,0x00,0x00,0x00,0x00,0x00,0x00,0x00,
    0x00,0x00,0x00,0x00,0x00,0x00,0x00,0x00,0x00,0x00,0x00,0x00,0x00,0x95,0xb5,0x79,
    0xd6,0x79,0x79,0xd6,0x82,0x10,0x84,0x00,0x00,0x12,0x00,0x00,0x84,0x20,0x00,0x95,
    0xb5,0x82,0x10,0x00,0x00,0x7f,0x00,0x00,0x7f,0x00,0x00,0x7f,0x00,0x00,0x7f,0x00,
    0x00,0x7f,0x00,0x00,0x34,0x00,0x00,0x83,0x20,0x00,0x17,0xc6,0x79,0xd6,0x7f,0x79,
    0xd6,0x32,0x79,0xd6,0x8d,0x89,0x52,0x00,0x00,0x00,0x00,0x00,0x00,0x00,0x00,0x00,
    0x00,0x00,0x00,0x00,0x00,0x00,0x00,0x00,0x00,0x00,0x00,0xb6,0xb5,0x79,0xd6,0x78,
    0x79,0xd6,0x82,0xf7,0xc5,0x00,0x00,0x13,0x00,0x00,0x82,0x20,0x00,0x00,0x00,0x7f,
    0x00,0x00,0x7f,0x00,0x00,0x7f,0x00,0x00,0x7f,0x00,0x00,0x7f,0x00,0x00,0x35,0x00,
    0x00,0x82,0x82,0x10,0x79,0xd6,0x7f,0x79,0xd6,0x33,0x79,0xd6,0x8e,0x17,0xc6,0x00,
    0x00,0x00,0x00,0x00,0x00,0x00,0x00,0x00,0x00,0x00,0x00,0x00,0x00,0x00,0x00,0x00,
    0x00,0x00,0x00,0x00,0x00,0xd6,0xbd,0x79,0xd6,0x77,0x79,0xd6,0x83,0x58,0xce,0x20,
    0x00,0x00,0x00,0x7f,0x00,0x00,0x7f,0x00,0x00,0x7f,0x00,0x00,0x7f,0x00,0x00,0x7f,
    0x00,0x00,0x49,0x00,0x00,0x82,0xef,0x7b,0x79,0xd6,0x7f,0x79,0xd6,0x34,0x79,0xd6,
    0x8e,0xe3,0x18,0x00,0x00,0x00,0x00,0x00,0x00,0x00,0x00,0x00,0x00,0x00,0x00,0x00,
    0x00,0x00,0x00,0x00,0x00,0x00,0x00,0x00,0x00,0x17,0xc6,0x79,0xd6,0x77,0x79,0xd6,
    0x82,0x4c,0x6b,0x00,0x00,0x7f,0x00,0x00,0x7f,0x00,0x00,0x7f,0x00,0x00,0x7f,0x00,
    0x00,0x7f,0x00,0x00,0x49,0x00,0x00,0x82,0xf7,0xc5,0x79,0xd6,0x7f,0x79,0xd6,0x34,
    0x79,0xd6,0x8f,0x91,0x94,0x00,0x00,0x00,0x00,0x00,0x00,0x00,0x00,0x00,0x00,0x00,
    0x00,0x00,0x00,0x00,0x00,0x00,0x00,0x00,0x00,0x00,0x00,0x20,0x00,0x38,0xce,0x79,
    0xd6,0x76,0x79,0xd6,0x82,0x54,0xad,0x00,0x00,0x7f,0x00,0x00,0x7f,0x00,0x00,0x7f,
    0x00,0x00,0x7f,0x00,0x00,0x7f,0x00,0x00,0x49,0x00,0x00,0x7f,0x79,0xd6,0x36,0x79,
    0xd6,0x90,0x58,0xce,0x00,0x00,0x00,0x00,0x00,0x00,0x00,0x00,0x00,0x00,0x00,0x00,
    0x00,0x00,0x00,0x00,0x00,0x00,0x00,0x00,0x00,0x00,0x00,0x00,0x20,0x00,0x58,0xce,
    0x79,0xd6,0x75,0x79,0xd6,0x82,0x58,0xce,0x00,0x00,0x7f,0x00,0x00,0x7f,0x00,0x00,
    0x7f,0x00,0x00,0x7f,0x00,0x00,0x7f,0x00,0x00,0x48,0x00,0x00,0x82,0x4c,0x6b,0x79,
    0xd6,0x7f,0x79,0xd6,0x36,0x79,0xd6,0x8f,0x65,0x29,0x00,0x00,0x00,0x00,0x00,0x00,
    0x00,0x00,0x00,0x00,0x00,0x00,0x00,0x00,0x00,0x00,0x00,0x00,0x00,0x00,0x00,0x00,
    0x00,0x00,0xc3,0x18,0x79,0xd6,0x76,0x79,0xd6,0x82,0x07,0x42,0x00,0x00,0x7f,0x00,
    0x00,0x7f,0x00,0x00,0x7f,0x00,0x00,0x7f,0x00,0x00,0x7f,0x00,0x00,0x47,0x00,0x00,
    0x82,0x17,0xc6,0x79,0xd6,0x7f,0x79,0xd6,0x36,0x79,0xd6,0x90,0x91,0x94,0x00,0x00,
    0x00,0x00,0x00,0x00,0x00,0x00,0x00,0x00,0x00,0x00,0x00,0x00,0x00,0x00,0x00,0x00,
    0x00,0x00,0x00,0x00,0x00,0x00,0x00,0x00,0xa6,0x31,0x79,0xd6,0x75,0x79,0xd6,0x82,
    0x30,0x8c,0x00,0x00,0x7f,0x00,0x00,0x7f,0x00,0x00,0x7f,0x00,0x00,0x7f,0x00,0x00,
    0x7f,0x00,0x00,0x46,0x00,0x00,0x82,0x82,0x10,0x79,0xd6,0x7f,0x79,0xd6,0x37,0x79,
    0xd6,0x91,0x38,0xce,0x00,0x00,0x00,0x00,0x00,0x00,0x00,0x00,0x00,0x00,0x00,0x00,
    0x00,0x00,0x00,0x00,0x00,0x00,0x00,0x00,0x00,0x00,0x00,0x00,0x00,0x00,0x00,0x00,
    0x30,0x8c,0x79,0xd6,0x74,0x79,0xd6,0x82,0x17,0xc6,0x00,0x00,0x7f,0x00,0x00,0x7f,
    0x00,0x00,0x7f,0x00,0x00,0x7f,0x00,0x00,0x7f,0x00,0x00,0x46,0x00,0x00,0x82,0x13,
    0xa5,0x79,0xd6,0x7f,0x79,0xd6,0x38,0x79,0xd6,0x91,0x61,0x08,0x00,0x00,0x00,0x00,
    0x00,0x00,0x00,0x00,0x00,0x00,0x00,0x00,0x00,0x00,0x00,0x00,0x00,0x00,0x00,0x00,
    0x00,0x00,0x00,0x00,0x00,0x00,0x00,0x00,0x75,0xb5,0x79,0xd6,0x73,0x79,0xd6,0x83,
    0x58,0xce,0xc3,0x18,0x00,0x00,0x7f,0x00,0x00,0x7f,0x00,0x00,0x7f,0x00,0x00,0x7f,
    0x00,0x00,0x7f,0x00,0x00,0x45,0x00,0x00,0x82,0x58,0xce,0x79,0xd6,0x7f,0x79,0xd6,
    0x38,0x79,0xd6,0x92,0xeb,0x5a,0x00,0x00,0x00,0x00,0x00,0x00,0x00,0x00,0x00,0x00,
    0x00,0x00,0x00,0x00,0x00,0x00,0x00,0x00,0x00,0x00,0x00,0x00,0x00,0x00,0x00,0x00,
    0x00,0x00,0x00,0x00,0x38,0xce,0x79,0xd6,0x73,0x79,0xd6,0x82,0x4c,0x6b,0x00,0x00,
    0x7f,0x00,0x00,0x7f,0x00,0x00,0x7f,0x00,0x00,0x7f,0x00,0x00,0x7f,0x00,0x00,0x44,
    0x00,0x00,0x82,0x6d,0x73,0x79,0xd6,0x7f,0x79,0xd6,0x39,0x79,0xd6,0x92,0x34,0xa5,
    0x00,0x00,0x00,0x00,0x00,0x00,0x00,0x00,0x00,0x00,0x00,0x00,0x00,0x00,0x00,0x00,
    0x00,0x00,0x00,0x00,0x00,0x00,0x00,0x00,0x00,0x00,0x00,0x00,0x00,0x00,0xe3,0x18,
    0x79,0xd6,0x73,0x79,0xd6,0x82,0x34,0xad,0x00,0x00,0x7f,0x00,0x00,0x7f,0x00,0x00,
    0x7f,0x00,0x00,0x7f,0x00,0x00,0x7f,0x00,0x00,0x44,0x00,0x00,0x82,0xf7,0xc5,0x79,
    0xd6,0x7f,0x79,0xd6,0x39,0x79,0xd6,0x93,0x38,0xce,0x00,0x00,0x00,0x00,0x00,0x00,
    0x00,0x00,0x00,0x00,0x00,0x00,0x00,0x00,0x00,0x00,0x00,0x00,0x00,0x00,0x00,0x00,
    0x00,0x00,0x00,0x00,0x00,0x00,0x00,0x00,0x00,0x00,0xef,0x7b,0x79,0xd6,0x72,0x79,
    0xd6,0x83,0x17,0xc6,0x20,0x00,0x00,0x00,0x7f,0x00,0x00,0x7f,0x00,0x00,0x7f,0x00,
    0x00,0x7f,0x00,0x00,0x7f,0x00,0x00,0x42,0x00,0x00,0x82,0x65,0x29,0x79,0xd6,0x7f,
    0x79,0xd6,0x14,0x79,0xd6,0x82,0x58,0xce,0x79,0xd6,0x25,0x79,0xd6,0x11,0x00,0x00,
    0x82,0xb6,0xbd,0x79,0xd6,0x72,0x79,0xd6,0x82,0x41,0x08,0x00,0x00,0x7f,0x00,0x00,
    0x7f,0x00,0x00,0x7f,0x00,0x00,0x7f,0x00,0x00,0x7f,0x00,0x00,0x42,0x00,0x00,0x82,
    0x95,0xb5,0x79,0xd6,0x7f,0x79,0xd6,0x14,0x79,0xd6,0x83,0x34,0xa5,0x38,0xce,0x79,
    0xd6,0x24,0x79,0xd6,0x94,0xe3,0x18,0x00,0x00,0x00,0x00,0x00,0x00,0x00,0x00,0x00,
    0x00,0x00,0x00,0x00,0x00,0x00,0x00,0x00,0x00,0x00,0x00,0x00,0x00,0x00,0x00,0x00,
    0x00,0x00,0x00,0x00,0x00,0x00,0x00,0x00,0x00,0x58,0xce,0x79,0xd6,0x71,0x79,0xd6,
    0x82,0x49,0x4a,0x00,0x00,0x7f,0x00,0x00,0x7f,0x00,0x00,0x7f,0x00,0x00,0x7f,0x00,
    0x00,0x7f,0x00,0x00,0x41,0x00,0x00,0x82,0xa2,0x10,0x79,0xd6,0x7f,0x79,0xd6,0x15,
    0x79,0xd6,0x83,0x28,0x42,0xd2,0x9c,0x79,0xd6,0x24,0x79,0xd6,0x94,0xeb,0x5a,0x00,
    0x00,0x00,0x00,0x00,0x00,0x00,0x00,0x00,0x00,0x00,0x00,0x00,0x00,0x00,0x00,0x00,
    0x00,0x00,0x00,0x00,0x00,0x00,0x00,0x00,0x00,0x00,0x00,0x00,0x00,0x00,0x00,0x00,
    0x00,0xaa,0x5a,0x79,0xd6,0x71,0x79,0xd6,0x82,0xb2,0x9c,0x00,0x00,0x7f,0x00,0x00,
    0x7f,0x00,0x00,0x7f,0x00,0x00,0x7f,0x00,0x00,0x7f,0x00,0x00,0x41,0x00,0x00,0x82,
    0xf3,0x9c,0x79,0xd6,0x7f,0x79,0xd6,0x15,0x79,0xd6,0x83,0x00,0x00,0x08,0x42,0x79,
    0xd6,0x24,0x79,0xd6,0x82,0x13,0xa5,0x00,0x00,0x11,0x00,0x00,0x82,0x54,0xad,0x79,
    0xd6,0x70,0x79,0xd6,0x82,0xf7,0xc5,0x00,0x00,0x7f,0x00,0x00,0x7f,0x00,0x00,0x7f,
    0x00,0x00,0x7f,0x00,0x00,0x7f,0x00,0x00,0x40,0x00,0x00,0x82,0xc6,0x39,0x79,0xd6,
    0x7f,0x79,0xd6,0x15,0x79,0xd6,0x84,0x17,0xc6,0x00,0x00,0x20,0x00,0x79,0xd6,0x24,
    0x79,0xd6,0x82,0xb6,0xb5,0x00,0x00,0x11,0x00,0x00,0x82,0x82,0x10,0x79,0xd6,0x70,
    0x79,0xd6,0x83,0x58,0xce,0x20,0x00,0x00,0x00,0x7f,0x00,0x00,0x7f,0x00,0x00,0x7f,
    0x00,0x00,0x7f,0x00,0x00,0x7f,0x00,0x00,0x3f,0x00,0x00,0x82,0x95,0xb5,0x79,0xd6,
    0x7f,0x79,0xd6,0x15,0x79,0xd6,0x85,0xcf,0x7b,0x00,0x00,0x00,0x00,0x58,0xce,0x79,
    0xd6,0x23,0x79,0xd6,0x82,0x38,0xce,0x00,0x00,0x12,0x00,0x00,0x82,0xf3,0x9c,0x79,
    0xd6,0x70,0x79,0xd6,0x82,0x24,0x21,0x00,0x00,0x7f,0x00,0x00,0x7f,0x00,0x00,0x7f,
    0x00,0x00,0x7f,0x00,0x00,0x7f,0x00,0x00,0x3e,0x00,0x00,0x82,0x49,0x4a,0x79,0xd6,
    0x7f,0x79,0xd6,0x16,0x79,0xd6,0x85,0xc3,0x18,0x00,0x00,0x00,0x00,0x75,0xad,0x79,
    0xd6,0x23,0x79,0xd6,0x82,0x58,0xce,0x00,0x00,0x13,0x00,0x00,0x82,0x58,0xce,0x79,
    0xd6,0x6f,0x79,0xd6,0x82,0xaa,0x5a,0x00,0x00,0x7f,0x00,0x00,0x7f,0x00,0x00,0x7f,
    0x00,0x00,0x7f,0x00,0x00,0x7f,0x00,0x00,0x3e,0x00,0x00,0x82,0xf7,0xc5,0x79,0xd6,
    0x7f,0x79,0xd6,0x15,0x79,0xd6,0x86,0x58,0xce,0x00,0x00,0x00,0x00,0x00,0x00,0xef,
    0x7b,0x79,0xd6,0x24,0x79,0xd6,0x82,0x20,0x00,0x00,0x00,0x12,0x00,0x00,0x82,0x71,
    0x8c,0x79,0xd6,0x6f,0x79,0xd6,0x82,0xd2,0x9c,0x00,0x00,0x7f,0x00,0x00,0x7f,0x00,
    0x00,0x7f,0x00,0x00,0x7f,0x00,0x00,0x7f,0x00,0x00,0x3d,0x00,0x00,0x82,0x2c,0x6b,
    0x79,0xd6,0x7f,0x79,0xd6,0x16,0x79,0xd6,0x86,0xd2,0x9c,0x00,0x00,0x00,0x00,0x00,
    0x00,0xe3,0x20,0x79,0xd6,0x24,0x79,0xd6,0x82,0x41,0x08,0x00,0x00,0x12,0x00,0x00,
    0x82,0x20,0x00,0x79,0xd6,0x6f,0x79,0xd6,0x82,0xd6,0xbd,0x00,0x00,0x7f,0x00,0x00,
    0x7f,0x00,0x00,0x7f,0x00,0x00,0x7f,0x00,0x00,0x7f,0x00,0x00,0x3c,0x00,0x00,0x83,
    0x41,0x08,0x58,0xce,0x79,0xd6,0x7f,0x79,0xd6,0x16,0x79,0xd6,0x86,0x04,0x21,0x00,
    0x00,0x00,0x00,0x00,0x00,0x20,0x00,0x79,0xd6,0x24,0x79,0xd6,0x82,0x45,0x29,0x00,
    0x00,0x13,0x00,0x00,0x82,0xd2,0x9c,0x79,0xd6,0x6e,0x79,0xd6,0x82,0x58,0xce,0x00,
    0x00,0x7f,0x00,0x00,0x7f,0x00,0x00,0x7f,0x00,0x00,0x7f,0x00,0x00,0x7f,0x00,0x00,
    0x3c,0x00,0x00,0x82,0xd2,0x9c,0x79,0xd6,0x7f,0x79,0xd6,0x16,0x79,0xd6,0x88,0x38,
    0xce,0x00,0x00,0x00,0x00,0x00,0x00,0x00,0x00,0x00,0x00,0x58,0xce,0x79,0xd6,0x23,
    0x79,0xd6,0x82,0xcb,0x5a,0x00,0x00,0x13,0x00,0x00,0x82,0x20,0x00,0x79,0xd6,0x6f,
    0x79,0xd6,0x82,0xa2,0x10,0x00,0x00,0x7f,0x00,0x00,0x7f,0x00,0x00,0x7f,0x00,0x00,
    0x7f,0x00,0x00,0x7f,0x00,0x00,0x3a,0x00,0x00,0x82,0x85,0x31,0x79,0xd6,0x7f,0x79,
    0xd6,0x17,0x79,0xd6,0x88,0x50,0x8c,0x00,0x00,0x00,0x00,0x00,0x00,0x00,0x00,0x00,
    0x00,0xf6,0xbd,0x79,0xd6,0x23,0x79,0xd6,0x82,0xcf,0x7b,0x00,0x00,0x14,0x00,0x00,
    0x82,0x38,0xce,0x79,0xd6,0x6e,0x79,0xd6,0x82,0x89,0x52,0x00,0x00,0x7f,0x00,0x00,
    0x7f,0x00,0x00,0x7f,0x00,0x00,0x7f,0x00,0x00,0x7f,0x00,0x00,0x39,0x00,0x00,0x83,
    0x20,0x00,0x38,0xce,0x79,0xd6,0x7f,0x79,0xd6,0x17,0x79,0xd6,0x88,0x41,0x08,0x00,
    0x00,0x00,0x00,0x00,0x00,0x00,0x00,0x00,0x00,0x34,0xad,0x79,0xd6,0x23,0x79,0xd6,
    0x82,0xf3,0x9c,0x00,0x00,0x14,0x00,0x00,0x82,0xce,0x7b,0x79,0xd6,0x6e,0x79,0xd6,
    0x82,0x50,0x8c,0x00,0x00,0x7f,0x00,0x00,0x7f,0x00,0x00,0x7f,0x00,0x00,0x7f,0x00,
    0x00,0x7f,0x00,0x00,0x39,0x00,0x00,0x82,0x10,0x84,0x79,0xd6,0x7f,0x79,0xd6,0x17,
    0x79,0xd6,0x89,0x75,0xb5,0x00,0x00,0x00,0x00,0x00,0x00,0x00,0x00,0x00,0x00,0x00,
    0x00,0xae,0x73,0x79,0xd6,0x23,0x79,0xd6,0x82,0xd6,0xbd,0x00,0x00,0x14,0x00,0x00,
    0x82,0x20,0x00,0x79,0xd6,0x6e,0x79,0xd6,0x82,0xb6,0xbd,0x00,0x00,0x7f,0x00,0x00,
    0x7f,0x00,0x00,0x7f,0x00,0x00,0x7f,0x00,0x00,0x7f,0x00,0x00,0x38,0x00,0x00,0x82,
    0xe3,0x18,0x79,0xd6,0x7f,0x79,0xd6,0x18,0x79,0xd6,0x89,0x07,0x42,0x00,0x00,0x00,
    0x00,0x00,0x00,0x00,0x00,0x00,0x00,0x00,0x00,0x28,0x42,0x79,0xd6,0x23,0x79,0xd6,
    0x82,0x38,0xce,0x00,0x00,0x15,0x00,0x00,0x82,0x58,0xce,0x79,0xd6,0x6d,0x79,0xd6,
    0x82,0x38,0xce,0x00,0x00,0x7f,0x00,0x00,0x7f,0x00,0x00,0x7f,0x00,0x00,0x7f,0x00,
    0x00,0x7f,0x00,0x00,0x38,0x00,0x00,0x82,0x58,0xce,0x79,0xd6,0x7f,0x79,0xd6,0x17,
    0x79,0xd6,0x8a,0x17,0xc6,0x00,0x00,0x00,0x00,0x00,0x00,0x00,0x00,0x00,0x00,0x00,
    0x00,0x00,0x00,0xc3,0x18,0x79,0xd6,0x23,0x79,0xd6,0x83,0x58,0xce,0x20,0x00,0x00,
    0x00,0x14,0x00,0x00,0x82,0x95,0xb5,0x79,0xd6,0x6e,0x79,0xd6,0x7f,0x00,0x00,0x7f,
    0x00,0x00,0x7f,0x00,0x00,0x7f,0x00,0x00,0x7f,0x00,0x00,0x38,0x00,0x00,0x82,0xd2,
    0x9c,0x79,0xd6,0x7f,0x79,0xd6,0x18,0x79,0xd6,0x8b,0x89,0x52,0x00,0x00,0x00,0x00,
    0x00,0x00,0x00,0x00,0x00,0x00,0x00,0x00,0x00,0x00,0x61,0x08,0x58,0xce,0x79,0xd6,
    0x23,0x79,0xd6,0x82,0x82,0x10,0x00,0x00,0x14,0x00,0x00,0x82,0x10,0x84,0x79,0xd6,
    0x6e,0x79,0xd6,0x82,0xc3,0x18,0x00,0x00,0x7f,0x00,0x00,0x7f,0x00,0x00,0x7f,0x00,
    0x00,0x7f,0x00,0x00,0x7f,0x00,0x00,0x35,0x00,0x00,0x82,0xeb,0x5a,0x79,0xd6,0x7f,
    0x79,0xd6,0x18,0x79,0xd6,0x8c,0x38,0xce,0x00,0x00,0x00,0x00,0x00,0x00,0x00,0x00,
    0x00,0x00,0x00,0x00,0x00,0x00,0x00,0x00,0x00,0x00,0x58,0xce,0x79,0xd6,0x23,0x79,
    0xd6,0x82,0x2c,0x6b,0x00,0x00,0x14,0x00,0x00,0x82,0x49,0x4a,0x79,0xd6,0x6e,0x79,
    0xd6,0x82,0x8a,0x52,0x00,0x00,0x7f,0x00,0x00,0x7f,0x00,0x00,0x7f,0x00,0x00,0x7f,
    0x00,0x00,0x7f,0x00,0x00,0x34,0x00,0x00,0x82,0x61,0x08,0x79,0xd6,0x7f,0x79,0xd6,
    0x19,0x79,0xd6,0x8c,0xae,0x7b,0x00,0x00,0x00,0x00,0x00,0x00,0x00,0x00,0x00,0x00,
    0x00,0x00,0x00,0x00,0x00,0x00,0x00,0x00,0x17,0xc6,0x79,0xd6,0x23,0x79,0xd6,0x82,
    0x95,0xb5,0x00,0x00,0x14,0x00,0x00,0x82,0xe7,0x39,0x79,0xd6,0x6e,0x79,0xd6,0x82,
    0xae,0x7b,0x00,0x00,0x7f,0x00,0x00,0x7f,0x00,0x00,0x7f,0x00,0x00,0x7f,0x00,0x00,
    0x7f,0x00,0x00,0x34,0x00,0x00,0x82,0x38,0xce,0x79,0xd6,0x7f,0x79,0xd6,0x18,0x79,
    0xd6,0x8d,0x58,0xce,0x00,0x00,0x00,0x00,0x00,0x00,0x00,0x00,0x00,0x00,0x00,0x00,
    0x00,0x00,0x00,0x00,0x00,0x00,0x00,0x00,0x95,0xb5,0x79,0xd6,0x23,0x79,0xd6,0x83,
    0x58,0xce,0x41,0x08,0x00,0x00,0x13,0x00,0x00,0x82,0x28,0x42,0x79,0xd6,0x6e,0x79,
    0xd6,0x82,0xb6,0xbd,0x00,0x00,0x7f,0x00,0x00,0x7f,0x00,0x00,0x7f,0x00,0x00,0x7f,
    0x00,0x00,0x7f,0x00,0x00,0x33,0x00,0x00,0x82,0x34,0xa5,0x79,0xd6,0x7f,0x79,0xd6,
    0x19,0x79,0xd6,0x8d,0x8d,0x73,0x00,0x00,0x00,0x00,0x00,0x00,0x00,0x00,0x00,0x00,
    0x00,0x00,0x00,0x00,0x00,0x00,0x00,0x00,0x00,0x00,0x13,0xa5,0x79,0xd6,0x24,0x79,
    0xd6,0x84,0x8d,0x73,0x00,0x00,0x20,0x00,0x00,0x00,0x11,0x00,0x00,0x82,0x13,0xa5,
    0x79,0xd6,0x6e,0x79,0xd6,0x82,0xf7,0xc5,0x00,0x00,0x7f,0x00,0x00,0x7f,0x00,0x00,
    0x7f,0x00,0x00,0x7f,0x00,0x00,0x7f,0x00,0x00,0x32,0x00,0x00,0x82,0x49,0x4a,0x79,
    0xd6,0x7f,0x79,0xd6,0x19,0x79,0xd6,0x8e,0x58,0xce,0x00,0x00,0x00,0x00,0x00,0x00,
    0x00,0x00,0x00,0x00,0x00,0x00,0x00,0x00,0x00,0x00,0x00,0x00,0x00,0x00,0x00,0x00,
    0x71,0x8c,0x79,0xd6,0x24,0x79,0xd6,0x83,0x58,0xce,0x20,0x00,0x00,0x00,0x12,0x00,
    0x00,0x82,0xf7,0xc5,0x79,0xd6,0x6e,0x79,0xd6,0x82,0x58,0xce,0x00,0x00,0x7f,0x00,
    0x00,0x7f,0x00,0x00,0x7f,0x00,0x00,0x7f,0x00,0x00,0x7f,0x00,0x00,0x31,0x00,0x00,
    0x83,0x61,0x08,0x38,0xce,0x79,0xd6,0x7f,0x79,0xd6,0x19,0x79,0xd6,0x8e,0x6d,0x73,
    0x00,0x00,0x00,0x00,0x00,0x00,0x00,0x00,0x00,0x00,0x00,0x00,0x00,0x00,0x00,0x00,
    0x00,0x00,0x00,0x00,0x00,0x00,0xce,0x7b,0x79,0xd6,0x25,0x79,0xd6,0x82,0xce,0x7b,
    0x00,0x00,0x11,0x00,0x00,0x82,0x82,0x10,0x79,0xd6,0x6f,0x79,0xd6,0x82,0x58,0xce,
    0x00,0x00,0x7f,0x00,0x00,0x7f,0x00,0x00,0x7f,0x00,0x00,0x7f,0x00,0x00,0x7f,0x00,
    0x00,0x31,0x00,0x00,0x82,0xb6,0xbd,0x79,0xd6,0x7f,0x79,0xd6,0x19,0x79,0xd6,0x8f,
    0x58,0xce,0x00,0x00,0x00,0x00,0x00,0x00,0x00,0x00,0x00,0x00,0x00,0x00,0x00,0x00,
    0x00,0x00,0x00,0x00,0x00,0x00,0x00,0x00,0x00,0x00,0x0b,0x63,0x79,0xd6,0x25,0x79,
    0xd6,0x95,0x58,0xce,0x41,0x08,0x00,0x00,0x00,0x00,0x00,0x00,0x00,0x00,0x00,0x00,
    0x00,0x00,0x00,0x00,0x00,0x00,0x00,0x00,0x00,0x00,0x00,0x00,0x00,0x00,0x00,0x00,
    0x00,0x00,0x00,0x00,0x00,0x00,0x00,0x00,0xf3,0x9c,0x79,0xd6,0x70,0x79,0xd6,0x82,
    0xc3,0x18,0x00,0x00,0x7f,0x00,0x00,0x7f,0x00,0x00,0x7f,0x00,0x00,0x7f,0x00,0x00,
    0x7f,0x00,0x00,0x2f,0x00,0x00,0x82,0x34,0xad,0x79,0xd6,0x7f,0x79,0xd6,0x1a,0x79,
    0xd6,0x8f,0xae,0x7b,0x00,0x00,0x00,0x00,0x00,0x00,0x00,0x00,0x00,0x00,0x00,0x00,
    0x00,0x00,0x00,0x00,0x00,0x00,0x00,0x00,0x00,0x00,0x00,0x00,0xaa,0x5a,0x79,0xd6,
    0x26,0x79,0xd6,0x93,0xb6,0xbd,0x00,0x00,0x00,0x00,0x00,0x00,0x00,0x00,0x00,0x00,
    0x00,0x00,0x00,0x00,0x00,0x00,0x00,0x00,0x00,0x00,0x00,0x00,0x00,0x00,0x00,0x00,
    0x00,0x00,0x00,0x00,0x00,0x00,0x00,0x00,0x79,0xd6,0x71,0x79,0xd6,0x82,0x85,0x31,
    0x00,0x00,0x7f,0x00,0x00,0x7f,0x00,0x00,0x7f,0x00,0x00,0x7f,0x00,0x00,0x7f,0x00,
    0x00,0x2e,0x00,0x00,0x82,0x49,0x4a,0x79,0xd6,0x7f,0x79,0xd6,0x1a,0x79,0xd6,0x90,
    0x38,0xce,0x00,0x00,0x00,0x00,0x00,0x00,0x00,0x00,0x00,0x00,0x00,0x00,0x00,0x00,
    0x00,0x00,0x00,0x00,0x00,0x00,0x00,0x00,0x00,0x00,0x00,0x00,0x49,0x4a,0x79,0xd6,
    0x27,0x79,0xd6,0x92,0x13,0xa5,0x00,0x00,0x00,0x00,0x00,0x00,0x00,0x00,0x00,0x00,
    0x00,0x00,0x00,0x00,0x00,0x00,0x00,0x00,0x00,0x00,0x00,0x00,0x00,0x00,0x00,0x00,
    0x00,0x00,0x00,0x00,0x58,0xce,0x79,0xd6,0x71,0x79,0xd6,0x82,0x8a,0x52,0x00,0x00,
    0x7f,0x00,0x00,0x7f,0x00,0x00,0x7f,0x00,0x00,0x7f,0x00,0x00,0x7f,0x00,0x00,0x2e,
    0x00,0x00,0x82,0x58,0xce,0x79,0xd6,0x7f,0x79,0xd6,0x1a,0x79,0xd6,0x90,0x6d,0x73,
    0x00,0x00,0x00,0x00,0x00,0x00,0x00,0x00,0x00,0x00,0x00,0x00,0x00,0x00,0x00,0x00,
    0x00,0x00,0x00,0x00,0x00,0x00,0x00,0x00,0x00,0x00,0x07,0x42,0x79,0xd6,0x28,0x79,
    0xd6,0x90,0x13,0xa5,0x00,0x00,0x00,0x00,0x00,0x00,0x00,0x00,0x00,0x00,0x00,0x00,
    0x00,0x00,0x00,0x00,0x00,0x00,0x00,0x00,0x00,0x00,0x00,0x00,0x00,0x00,0x17,0xc6,
    0x79,0xd6,0x72,0x79,0xd6,0x82,0x4c,0x6b,0x00,0x00,0x7f,0x00,0x00,0x7f,0x00,0x00,
    0x7f,0x00,0x00,0x7f,0x00,0x00,0x7f,0x00,0x00,0x2d,0x00,0x00,0x82,0x38,0xce,0x79,
    0xd6,0x7f,0x79,0xd6,0x1a,0x79,0xd6,0x91,0x38,0xce,0x00,0x00,0x00,0x00,0x00,0x00,
    0x00,0x00,0x00,0x00,0x00,0x00,0x00,0x00,0x00,0x00,0x00,0x00,0x00,0x00,0x00,0x00,
    0x00,0x00,0x00,0x00,0x00,0x00,0x86,0x31,0x79,0xd6,0x29,0x79,0xd6,0x8e,0xf7,0xc5,
    0xa2,0x10,0x00,0x00,0x00,0x00,0x00,0x00,0x00,0x00,0x00,0x00,0x00,0x00,0x00,0x00,
    0x00,0x00,0x00,0x00,0xc3,0x18,0x58,0xce,0x79,0xd6,0x73,0x79,0xd6,0x82,0x75,0xad,
    0x00,0x00,0x7f,0x00,0x00,0x7f,0x00,0x00,0x7f,0x00,0x00,0x7f,0x00,0x00,0x7f,0x00,
    0x00,0x2c,0x00,0x00,0x82,0xd6,0xbd,0x79,0xd6,0x7f,0x79,0xd6,0x1b,0x79,0xd6,0x91,
    0x28,0x42,0x00,0x00,0x00,0x00,0x00,0x00,0x00,0x00,0x00,0x00,0x00,0x00,0x00,0x00,
    0x00,0x00,0x00,0x00,0x00,0x00,0x00,0x00,0x00,0x00,0x00,0x00,0x00,0x00,0xc7,0x39,
    0x79,0xd6,0x2a,0x79,0xd6,0x8b,0x58,0xce,0xae,0x73,0x41,0x08,0x00,0x00,0x00,0x00,
    0x00,0x00,0x00,0x00,0x00,0x00,0x04,0x21,0x54,0xad,0x79,0xd6,0x75,0x79,0xd6,0x82,
    0xd6,0xbd,0x00,0x00,0x7f,0x00,0x00,0x7f,0x00,0x00,0x7f,0x00,0x00,0x7f,0x00,0x00,
    0x7f,0x00,0x00,0x2b,0x00,0x00,0x82,0xef,0x83,0x79,0xd6,0x7f,0x79,0xd6,0x1b,0x79,
    0xd6,0x92,0xf7,0xc5,0x00,0x00,0x00,0x00,0x00,0x00,0x00,0x00,0x00,0x00,0x00,0x00,
    0x00,0x00,0x00,0x00,0x00,0x00,0x00,0x00,0x00,0x00,0x00,0x00,0x00,0x00,0x00,0x00,
    0x00,0x00,0x69,0x4a,0x79,0xd6,0x2d,0x79,0xd6,0x86,0x38,0xce,0xb6,0xbd,0xd6,0xbd,
    0xd6,0xbd,0x58,0xce,0x79,0xd6,0x77,0x79,0xd6,0x82,0xd6,0xbd,0x00,0x00,0x7f,0x00,
    0x00,0x7f,0x00,0x00,0x7f,0x00,0x00,0x7f,0x00,0x00,0x7f,0x00,0x00,0x2a,0x00,0x00,
    0x82,0x8a,0x52,0x79,0xd6,0x7f,0x79,0xd6,0x1c,0x79,0xd6,0x92,0x45,0x29,0x00,0x00,
    0x00,0x00,0x00,0x00,0x00,0x00,0x00,0x00,0x00,0x00,0x00,0x00,0x00,0x00,0x00,0x00,
    0x00,0x00,0x00,0x00,0x00,0x00,0x00,0x00,0x00,0x00,0x00,0x00,0xaa,0x5a,0x79,0xd6,
    0x7f,0x79,0xd6,0x2b,0x79,0xd6,0x82,0x95,0xb5,0x00,0x00,0x7f,0x00,0x00,0x7f,0x00,
    0x00,0x7f,0x00,0x00,0x7f,0x00,0x00,0x7f,0x00,0x00,0x29,0x00,0x00,0x83,0x41,0x08,
    0x58,0xce,0x79,0xd6,0x7f,0x79,0xd6,0x1b,0x79,0xd6,0x93,0xd2,0x9c,0x00,0x00,0x00,
    0x00,0x00,0x00,0x00,0x00,0x00,0x00,0x00,0x00,0x00,0x00,0x00,0x00,0x00,0x00,0x00,
    0x00,0x00,0x00,0x00,0x00,0x00,0x00,0x00,0x00,0x00,0x00,0x00,0x00,0x8d,0x73,0x79,
    0xd6,0x7f,0x79,0xd6,0x2b,0x79,0xd6,0x82,0x38,0xce,0x00,0x00,0x7f,0x00,0x00,0x7f,
    0x00,0x00,0x7f,0x00,0x00,0x7f,0x00,0x00,0x7f,0x00,0x00,0x29,0x00,0x00,0x7f,0x79,
    0xd6,0x1d,0x79,0xd6,0x94,0x58,0xce,0x41,0x08,0x00,0x00,0x00,0x00,0x00,0x00,0x00,
    0x00,0x00,0x00,0x00,0x00,0x00,0x00,0x00,0x00,0x00,0x00,0x00,0x00,0x00,0x00,0x00,
    0x00,0x00,0x00,0x00,0x00,0x00,0x00,0x00,0x00,0x10,0x84,0x79,0xd6,0x7f,0x79,0xd6,
    0x2b,0x79,0xd6,0x83,0x58,0xce,0x41,0x08,0x00,0x00,0x7f,0x00,0x00,0x7f,0x00,0x00,
    0x7f,0x00,0x00,0x7f,0x00,0x00,0x7f,0x00,0x00,0x27,0x00,0x00,0x82,0x95,0xb5,0x79,
    0xd6,0x7f,0x79,0xd6,0x1c,0x79,0xd6,0x94,0x4c,0x6b,0x00,0x00,0x00,0x00,0x00,0x00,
    0x00,0x00,0x00,0x00,0x00,0x00,0x00,0x00,0x00,0x00,0x00,0x00,0x00,0x00,0x00,0x00,
    0x00,0x00,0x00,0x00,0x00,0x00,0x00,0x00,0x00,0x00,0x00,0x00,0xf3,0xa4,0x79,0xd6,
    0x7f,0x79,0xd6,0x2b,0x79,0xd6,0x83,0x58,0xce,0xa2,0x10,0x00,0x00,0x7f,0x00,0x00,
    0x7f,0x00,0x00,0x7f,0x00,0x00,0x7f,0x00,0x00,0x7f,0x00,0x00,0x26,0x00,0x00,0x82,
    0x71,0x8c,0x79,0xd6,0x53,0x79,0xd6,0x83,0x58,0xce,0x58,0xce,0x79,0xd6,0x45,0x79,
    0xd6,0x82,0x17,0xc6,0x00,0x00,0x11,0x00,0x00,0x82,0x75,0xad,0x79,0xd6,0x7f,0x79,
    0xd6,0x2b,0x79,0xd6,0x83,0x58,0xce,0x61,0x08,0x00,0x00,0x7f,0x00,0x00,0x7f,0x00,
    0x00,0x7f,0x00,0x00,0x7f,0x00,0x00,0x7f,0x00,0x00,0x25,0x00,0x00,0x82,0xc3,0x18,
    0x79,0xd6,0x53,0x79,0xd6,0x83,0x38,0xce,0x75,0xad,0x79,0xd6,0x46,0x79,0xd6,0x82,
    0xe3,0x20,0x00,0x00,0x11,0x00,0x00,0x82,0x17,0xc6,0x79,0xd6,0x7f,0x79,0xd6,0x2c,
    0x79,0xd6,0x82,0xc3,0x18,0x00,0x00,0x7f,0x00,0x00,0x7f,0x00,0x00,0x7f,0x00,0x00,
    0x7f,0x00,0x00,0x7f,0x00,0x00,0x25,0x00,0x00,0x54,0x79,0xd6,0x84,0x95,0xb5,0x20,
    0x00,0x38,0xce,0x79,0xd6,0x45,0x79,0xd6,0x82,0x30,0x8c,0x00,0x00,0x12,0x00,0x00,
    0x82,0x58,0xce,0x79,0xd6,0x7f,0x79,0xd6,0x2c,0x79,0xd6,0x82,0xe3,0x18,0x00,0x00,
    0x7f,0x00,0x00,0x7f,0x00,0x00,0x7f,0x00,0x00,0x7f,0x00,0x00,0x7f,0x00,0x00,0x24,
    0x00,0x00,0x82,0x38,0xce,0x79,0xd6,0x52,0x79,0xd6,0x84,0xd2,0x9c,0x00,0x00,0x6d,
    0x73,0x79,0xd6,0x45,0x79,0xd6,0x82,0x58,0xce,0x00,0x00,0x12,0x00,0x00,0x82,0x41,
    0x08,0x79,0xd6,0x7f,0x79,0xd6,0x2d,0x79,0xd6,0x82,0xe3,0x20,0x00,0x00,0x7f,0x00,
    0x00,0x7f,0x00,0x00,0x7f,0x00,0x00,0x7f,0x00,0x00,0x7f,0x00,0x00,0x23,0x00,0x00,
    0x82,0x34,0xad,0x79,0xd6,0x51,0x79,0xd6,0x85,0x17,0xc6,0xa6,0x31,0x00,0x00,0x85,
    0x31,0x79,0xd6,0x46,0x79,0xd6,0x82,0x85,0x31,0x00,0x00,0x12,0x00,0x00,0x82,0xa2,
    0x10,0x79,0xd6,0x7f,0x79,0xd6,0x2d,0x79,0xd6,0x82,0x04,0x21,0x00,0x00,0x7f,0x00,
    0x00,0x7f,0x00,0x00,0x7f,0x00,0x00,0x7f,0x00,0x00,0x7f,0x00,0x00,0x22,0x00,0x00,
    0x82,0x86,0x31,0x79,0xd6,0x51,0x79,0xd6,0x86,0xb2,0x94,0x00,0x00,0x00,0x00,0x00,
    0x00,0x95,0xb5,0x79,0xd6,0x45,0x79,0xd6,0x82,0xf7,0xc5,0x00,0x00,0x13,0x00,0x00,
    0x82,0xe7,0x39,0x79,0xd6,0x7f,0x79,0xd6,0x2d,0x79,0xd6,0x82,0xe3,0x18,0x00,0x00,
    0x7f,0x00,0x00,0x7f,0x00,0x00,0x7f,0x00,0x00,0x7f,0x00,0x00,0x7f,0x00,0x00,0x21,
    0x00,0x00,0x83,0x41,0x08,0x58,0xce,0x79,0xd6,0x4f,0x79,0xd6,0x87,0x38,0xce,0x65,
    0x29,0x00,0x00,0x00,0x00,0x00,0x00,0x2c,0x63,0x79,0xd6,0x46,0x79,0xd6,0x82,0xe3,
    0x20,0x00,0x00,0x13,0x00,0x00,0x82,0x6d,0x73,0x79,0xd6,0x7f,0x79,0xd6,0x2d,0x79,
    0xd6,0x82,0x24,0x21,0x00,0x00,0x7f,0x00,0x00,0x7f,0x00,0x00,0x7f,0x00,0x00,0x7f,
    0x00,0x00,0x7f,0x00,0x00,0x21,0x00,0x00,0x82,0x17,0xc6,0x79,0xd6,0x4f,0x79,0xd6,
    0x88,0x34,0xad,0x00,0x00,0x00,0x00,0x00,0x00,0x00,0x00,0x00,0x00,0x38,0xce,0x79,
    0xd6,0x45,0x79,0xd6,0x82,0xb6,0xbd,0x00,0x00,0x14,0x00,0x00,0x82,0xf6,0xbd,0x79,
    0xd6,0x7f,0x79,0xd6,0x2d,0x79,0xd6,0x82,0x65,0x29,0x00,0x00,0x7f,0x00,0x00,0x7f,
    0x00,0x00,0x7f,0x00,0x00,0x7f,0x00,0x00,0x7f,0x00,0x00,0x20,0x00,0x00,0x82,0x50,
    0x8c,0x79,0xd6,0x4e,0x79,0xd6,0x89,0x58,0xce,0xc7,0x39,0x00,0x00,0x00,0x00,0x00,
    0x00,0x00,0x00,0x00,0x00,0x91,0x94,0x79,0xd6,0x46,0x79,0xd6,0x82,0x85,0x31,0x00,
    0x00,0x14,0x00,0x00,0x82,0x58,0xce,0x79,0xd6,0x7f,0x79,0xd6,0x2d,0x79,0xd6,0x82,
    0xc6,0x39,0x00,0x00,0x7f,0x00,0x00,0x7f,0x00,0x00,0x7f,0x00,0x00,0x7f,0x00,0x00,
    0x7f,0x00,0x00,0x1f,0x00,0x00,0x82,0xc7,0x39,0x79,0xd6,0x4e,0x79,0xd6,0x8a,0xb2,
    0x9c,0x20,0x00,0x00,0x00,0x00,0x00,0x00,0x00,0x00,0x00,0x00,0x00,0xa2,0x10,0x58,
    0xce,0x79,0xd6,0x45,0x79,0xd6,0x82,0xd2,0x9c,0x00,0x00,0x14,0x00,0x00,0x82,0x86,
    0x31,0x79,0xd6,0x7f,0x79,0xd6,0x2e,0x79,0xd6,0x82,0xc7,0x39,0x00,0x00,0x7f,0x00,
    0x00,0x7f,0x00,0x00,0x7f,0x00,0x00,0x7f,0x00,0x00,0x7f,0x00,0x00,0x1f,0x00,0x00,
    0x4e,0x79,0xd6,0x8b,0x17,0xc6,0x49,0x4a,0x00,0x00,0x00,0x00,0x00,0x00,0x00,0x00,
    0x00,0x00,0x00,0x00,0x00,0x00,0xb6,0xb5,0x79,0xd6,0x46,0x79,0xd6,0x82,0x41,0x08,
    0x00,0x00,0x14,0x00,0x00,0x82,0x0b,0x63,0x79,0xd6,0x7f,0x79,0xd6,0x2e,0x79,0xd6,
    0x82,0xa6,0x31,0x00,0x00,0x7f,0x00,0x00,0x7f,0x00,0x00,0x7f,0x00,0x00,0x7f,0x00,
    0x00,0x7f,0x00,0x00,0x1e,0x00,0x00,0x82,0xf6,0xbd,0x79,0xd6,0x4c,0x79,0xd6,0x8b,
    0x50,0x8c,0x00,0x00,0x00,0x00,0x00,0x00,0x00,0x00,0x00,0x00,0x00,0x00,0x00,0x00,
    0x00,0x00,0x49,0x4a,0x79,0xd6,0x46,0x79,0xd6,0x82,0xd6,0xbd,0x00,0x00,0x15,0x00,
    0x00,0x82,0xb6,0xb5,0x79,0xd6,0x7f,0x79,0xd6,0x2e,0x79,0xd6,0x82,0x24,0x21,0x00,
    0x00,0x7f,0x00,0x00,0x7f,0x00,0x00,0x7f,0x00,0x00,0x7f,0x00,0x00,0x7f,0x00,0x00,
    0x1d,0x00,0x00,0x82,0x2c,0x6b,0x79,0xd6,0x4b,0x79,0xd6,0x8d,0x17,0xc6,0xc7,0x39,
    0x00,0x00,0x00,0x00,0x00,0x00,0x00,0x00,0x00,0x00,0x00,0x00,0x00,0x00,0x00,0x00,
    0x00,0x00,0x38,0xce,0x79,0xd6,0x46,0x79,0xd6,0x82,0x65,0x29,0x00,0x00,0x15,0x00,
    0x00,0x82,0x58,0xce,0x79,0xd6,0x7f,0x79,0xd6,0x2e,0x79,0xd6,0x82,0x04,0x21,0x00,
    0x00,0x7f,0x00,0x00,0x7f,0x00,0x00,0x7f,0x00,0x00,0x7f,0x00,0x00,0x7f,0x00,0x00,
    0x1c,0x00,0x00,0x82,0x61,0x08,0x79,0xd6,0x4b,0x79,0xd6,0x8d,0xce,0x7b,0x20,0x00,
    0x00,0x00,0x00,0x00,0x00,0x00,0x00,0x00,0x00,0x00,0x00,0x00,0x00,0x00,0x00,0x00,
    0x00,0x00,0x2c,0x63,0x79,0xd6,0x46,0x79,0xd6,0x82,0x58,0xce,0x00,0x00,0x15,0x00,
    0x00,0x82,0x71,0x8c,0x79,0xd6,0x7f,0x79,0xd6,0x2f,0x79,0xd6,0x82,0x04,0x21,0x00,
    0x00,0x7f,0x00,0x00,0x7f,0x00,0x00,0x7f,0x00,0x00,0x7f,0x00,0x00,0x7f,0x00,0x00,
    0x1c,0x00,0x00,0x82,0x17,0xc6,0x79,0xd6,0x49,0x79,0xd6,0x8f,0x95,0xb5,0xc3,0x18,
    0x00,0x00,0x00,0x00,0x00,0x00,0x00,0x00,0x00,0x00,0x00,0x00,0x00,0x00,0x00,0x00,
    0x00,0x00,0x00,0x00,0xc3,0x18,0x58,0xce,0x79,0xd6,0x46,0x79,0xd6,0x82,0xd6,0xbd,
    0x00,0x00,0x15,0x00,0x00,0x82,0x17,0xc6,0x79,0xd6,0x7f,0x79,0xd6,0x2f,0x79,0xd6,
    0x82,0x04,0x21,0x00,0x00,0x7f,0x00,0x00,0x7f,0x00,0x00,0x7f,0x00,0x00,0x7f,0x00,
    0x00,0x7f,0x00,0x00,0x1b,0x00,0x00,0x82,0x4c,0x6b,0x79,0xd6,0x48,0x79,0xd6,0x90,
    0x58,0xce,0x49,0x4a,0x00,0x00,0x00,0x00,0x00,0x00,0x00,0x00,0x00,0x00,0x00,0x00,
    0x00,0x00,0x00,0x00,0x00,0x00,0x00,0x00,0x00,0x00,0x00,0x00,0x50,0x8c,0x79,0xd6,
    0x47,0x79,0xd6,0x82,0xcf,0x7b,0x00,0x00,0x14,0x00,0x00,0x82,0xa2,0x10,0x79,0xd6,
    0x7f,0x79,0xd6,0x30,0x79,0xd6,0x82,0x04,0x21,0x00,0x00,0x7f,0x00,0x00,0x7f,0x00,
    0x00,0x7f,0x00,0x00,0x7f,0x00,0x00,0x7f,0x00,0x00,0x1a,0x00,0x00,0x82,0x82,0x10,
    0x79,0xd6,0x48,0x79,0xd6,0x90,0x34,0xad,0x20,0x00,0x00,0x00,0x00,0x00,0x00,0x00,
    0x00,0x00,0x00,0x00,0x00,0x00,0x00,0x00,0x00,0x00,0x00,0x00,0x00,0x00,0x00,0x00,
    0x00,0x00,0xaa,0x5a,0x79,0xd6,0x48,0x79,0xd6,0x82,0xcb,0x5a,0x00,0x00,0x14,0x00,
    0x00,0x82,0xb6,0xb5,0x79,0xd6,0x7f,0x79,0xd6,0x30,0x79,0xd6,0x82,0x04,0x21,0x00,
    0x00,0x7f,0x00,0x00,0x7f,0x00,0x00,0x7f,0x00,0x00,0x7f,0x00,0x00,0x7f,0x00,0x00,
    0x1a,0x00,0x00,0x82,0x17,0xc6,0x79,0xd6,0x46,0x79,0xd6,0x92,0x17,0xc6,0x65,0x29,
    0x00,0x00,0x00,0x00,0x00,0x00,0x00,0x00,0x00,0x00,0x00,0x00,0x00,0x00,0x00,0x00,
    0x00,0x00,0x00,0x00,0x00,0x00,0x00,0x00,0x00,0x00,0x00,0x00,0x38,0xce,0x79,0xd6,
    0x48,0x79,0xd6,0x82,0x89,0x52,0x00,0x00,0x13,0x00,0x00,0x82,0x24,0x21,0x79,0xd6,
    0x7f,0x79,0xd6,0x31,0x79,0xd6,0x82,0x24,0x21,0x00,0x00,0x7f,0x00,0x00,0x7f,0x00,
    0x00,0x7f,0x00,0x00,0x7f,0x00,0x00,0x7f,0x00,0x00,0x19,0x00,0x00,0x82,0x4c,0x6b,
    0x79,0xd6,0x46,0x79,0xd6,0x92,0xcf,0x7b,0x20,0x00,0x00,0x00,0x00,0x00,0x00,0x00,
    0x00,0x00,0x00,0x00,0x00,0x00,0x00,0x00,0x00,0x00,0x00,0x00,0x00,0x00,0x00,0x00,
    0x00,0x00,0x00,0x00,0x00,0x00,0x30,0x84,0x79,0xd6,0x49,0x79,0xd6,0x82,0x8d,0x73,
    0x00,0x00,0x13,0x00,0x00,0x82,0x58,0xce,0x79,0xd6,0x7f,0x79,0xd6,0x31,0x79,0xd6,
    0x82,0x24,0x21,0x00,0x00,0x7f,0x00,0x00,0x7f,0x00,0x00,0x7f,0x00,0x00,0x7f,0x00,
    0x00,0x7f,0x00,0x00,0x18,0x00,0x00,0x82,0x24,0x21,0x79,0xd6,0x45,0x79,0xd6,0x93,
    0xd6,0xbd,0x04,0x21,0x00,0x00,0x00,0x00,0x00,0x00,0x00,0x00,0x00,0x00,0x00,0x00,
    0x00,0x00,0x00,0x00,0x00,0x00,0x00,0x00,0x00,0x00,0x00,0x00,0x00,0x00,0x00,0x00,
    0x00,0x00,0x61,0x08,0x79,0xd6,0x4a,0x79,0xd6,0x82,0x75,0xb5,0x00,0x00,0x12,0x00,
    0x00,0x82,0x6d,0x73,0x79,0xd6,0x7f,0x79,0xd6,0x32,0x79,0xd6,0x82,0x04,0x21,0x00,
    0x00,0x7f,0x00,0x00,0x7f,0x00,0x00,0x7f,0x00,0x00,0x7f,0x00,0x00,0x7f,0x00,0x00,
    0x17,0x00,0x00,0x83,0x41,0x08,0x34,0xad,0x79,0xd6,0x44,0x79,0xd6,0x94,0x0f,0x84,
    0x00,0x00,0x00,0x00,0x00,0x00,0x00,0x00,0x00,0x00,0x00,0x00,0x00,0x00,0x00,0x00,
    0x00,0x00,0x00,0x00,0x00,0x00,0x00,0x00,0x00,0x00,0x00,0x00,0x00,0x00,0x00,0x00,
    0x00,0x00,0x54,0xad,0x79,0xd6,0x4a,0x79,0xd6,0x82,0x58,0xce,0x00,0x00,0x11,0x00,
    0x00,0x82,0x20,0x00,0x79,0xd6,0x7f,0x79,0xd6,0x33,0x79,0xd6,0x82,0x04,0x21,0x00,
    0x00,0x7f,0x00,0x00,0x7f,0x00,0x00,0x7f,0x00,0x00,0x7f,0x00,0x00,0x7f,0x00,0x00,
    0x17,0x00,0x00,0x82,0xc6,0x39,0x79,0xd6,0x43,0x79,0xd6,0x95,0x38,0xce,0x08,0x42,
    0x00,0x00,0x00,0x00,0x00,0x00,0x00,0x00,0x00,0x00,0x00,0x00,0x00,0x00,0x00,0x00,
    0x00,0x00,0x00,0x00,0x00,0x00,0x00,0x00,0x00,0x00,0x00,0x00,0x00,0x00,0x00,0x00,
    0x00,0x00,0x8d,0x73,0x79,0xd6,0x4c,0x79,0xd6,0x94,0x07,0x42,0x00,0x00,0x00,0x00,
    0x00,0x00,0x00,0x00,0x00,0x00,0x00,0x00,0x00,0x00,0x00,0x00,0x00,0x00,0x00,0x00,
    0x00,0x00,0x00,0x00,0x00,0x00,0x00,0x00,0x00,0x00,0x00,0x00,0x00,0x00,0x58,0xce,
    0x79,0xd6,0x71,0x79,0xd6,0x82,0x38,0xce,0x79,0xd6,0x1d,0x79,0xd6,0x82,0x17,0xc6,
    0x79,0xd6,0x1f,0x79,0xd6,0x82,0x58,0xce,0x00,0x00,0x7f,0x00,0x00,0x7f,0x00,0x00,
    0x7f,0x00,0x00,0x7f,0x00,0x00,0x7f,0x00,0x00,0x18,0x00,0x00,0x82,0x38,0xce,0x79,
    0xd6,0x42,0x79,0xd6,0x83,0x17,0xc6,0x82,0x10,0x00,0x00,0x11,0x00,0x00,0x4e,0x79,
    0xd6,0x93,0x17,0xc6,0x00,0x00,0x00,0x00,0x00,0x00,0x00,0x00,0x00,0x00,0x00,0x00,
    0x00,0x00,0x00,0x00,0x00,0x00,0x00,0x00,0x00,0x00,0x00,0x00,0x00,0x00,0x00,0x00,
    0x00,0x00,0x00,0x00,0xf7,0xc5,0x79,0xd6,0x72,0x79,0xd6,0x82,0x50,0x8c,0x79,0xd6,
    0x1c,0x79,0xd6,0x83,0x58,0xce,0x49,0x4a,0x79,0xd6,0x1f,0x79,0xd6,0x82,0x58,0xce,
    0x00,0x00,0x7f,0x00,0x00,0x7f,0x00,0x00,0x7f,0x00,0x00,0x7f,0x00,0x00,0x7f,0x00,
    0x00,0x17,0x00,0x00,0x82,0xce,0x7b,0x79,0xd6,0x42,0x79,0xd6,0x83,0x75,0xb5,0x61,
    0x08,0x00,0x00,0x11,0x00,0x00,0x82,0x75,0xad,0x79,0xd6,0x4e,0x79,0xd6,0x91,0xef,
    0x83,0x00,0x00,0x00,0x00,0x00,0x00,0x00,0x00,0x00,0x00,0x00,0x00,0x00,0x00,0x00,
    0x00,0x00,0x00,0x00,0x00,0x00,0x00,0x00,0x00,0x00,0x00,0x00,0x00,0xf6,0xbd,0x79,
    0xd6,0x72,0x79,0xd6,0x83,0x38,0xce,0xe3,0x18,0x79,0xd6,0x1c,0x79,0xd6,0x83,0x38,
    0xce,0x00,0x00,0x79,0xd6,0x1f,0x79,0xd6,0x82,0x58,0xce,0x00,0x00,0x7f,0x00,0x00,
    0x7f,0x00,0x00,0x7f,0x00,0x00,0x7f,0x00,0x00,0x7f,0x00,0x00,0x17,0x00,0x00,0x43,
    0x79,0xd6,0x82,0x8e,0x73,0x00,0x00,0x12,0x00,0x00,0x82,0x0b,0x63,0x79,0xd6,0x50,
    0x79,0xd6,0x8f,0x0b,0x63,0x00,0x00,0x00,0x00,0x00,0x00,0x00,0x00,0x00,0x00,0x00,
    0x00,0x00,0x00,0x00,0x00,0x00,0x00,0x00,0x00,0x00,0x00,0x41,0x08,0x38,0xce,0x79,
    0xd6,0x73,0x79,0xd6,0x83,0x34,0xa5,0x00,0x00,0x79,0xd6,0x1c,0x79,0xd6,0x84,0xf6,
    0xbd,0x00,0x00,0xb6,0xbd,0x79,0xd6,0x1e,0x79,0xd6,0x82,0x58,0xce,0x00,0x00,0x7f,
    0x00,0x00,0x7f,0x00,0x00,0x7f,0x00,0x00,0x7f,0x00,0x00,0x7f,0x00,0x00,0x16,0x00,
    0x00,0x82,0x17,0xc6,0x79,0xd6,0x41,0x79,0xd6,0x82,0xf3,0x9c,0x00,0x00,0x12,0x00,
    0x00,0x82,0x82,0x10,0x79,0xd6,0x52,0x79,0xd6,0x8c,0x54,0xad,0x41,0x08,0x00,0x00,
    0x00,0x00,0x00,0x00,0x00,0x00,0x00,0x00,0x00,0x00,0x00,0x00,0x20,0x00,0x91,0x94,
    0x79,0xd6,0x75,0x79,0xd6,0x84,0x85,0x31,0x00,0x00,0x38,0xce,0x79,0xd6,0x1b,0x79,
    0xd6,0x84,0xb2,0x9c,0x00,0x00,0xeb,0x5a,0x79,0xd6,0x1e,0x79,0xd6,0x82,0x17,0xc6,
    0x00,0x00,0x7f,0x00,0x00,0x7f,0x00,0x00,0x7f,0x00,0x00,0x7f,0x00,0x00,0x7f,0x00,
    0x00,0x15,0x00,0x00,0x82,0x45,0x29,0x79,0xd6,0x41,0x79,0xd6,0x82,0x54,0xad,0x00,
    0x00,0x13,0x00,0x00,0x82,0x17,0xc6,0x79,0xd6,0x54,0x79,0xd6,0x88,0x17,0xc6,0x91,
    0x94,0x8a,0x52,0x89,0x52,0xaa,0x5a,0x8d,0x73,0x34,0xa5,0x79,0xd6,0x77,0x79,0xd6,
    0x84,0x00,0x00,0x00,0x00,0x34,0xa5,0x79,0xd6,0x1b,0x79,0xd6,0x84,0x0b,0x63,0x00,
    0x00,0x61,0x08,0x79,0xd6,0x1e,0x79,0xd6,0x82,0x17,0xc6,0x00,0x00,0x7f,0x00,0x00,
    0x7f,0x00,0x00,0x7f,0x00,0x00,0x7f,0x00,0x00,0x7f,0x00,0x00,0x15,0x00,0x00,0x82,
    0x17,0xc6,0x79,0xd6,0x41,0x79,0xd6,0x82,0xe3,0x20,0x00,0x00,0x12,0x00,0x00,0x82,
    0xf3,0x9c,0x79,0xd6,0x7f,0x79,0xd6,0x54,0x79,0xd6,0x85,0x95,0xb5,0x00,0x00,0x00,
    0x00,0xe7,0x39,0x79,0xd6,0x1b,0x79,0xd6,0x85,0xc3,0x18,0x00,0x00,0x00,0x00,0xf7,
    0xc5,0x79,0xd6,0x1d,0x79,0xd6,0x82,0x17,0xc6,0x00,0x00,0x7f,0x00,0x00,0x7f,0x00,
    0x00,0x7f,0x00,0x00,0x7f,0x00,0x00,0x7f,0x00,0x00,0x14,0x00,0x00,0x82,0xae,0x73,
    0x79,0xd6,0x41,0x79,0xd6,0x82,0x2c,0x63,0x00,0x00,0x12,0x00,0x00,0x82,0x28,0x42,
    0x79,0xd6,0x7f,0x79,0xd6,0x55,0x79,0xd6,0x85,0x8a,0x52,0x00,0x00,0x00,0x00,0x00,
    0x00,0x79,0xd6,0x1b,0x79,0xd6,0x85,0x00,0x00,0x00,0x00,0x00,0x00,0x8d,0x73,0x79,
    0xd6,0x1d,0x79,0xd6,0x82,0x50,0x8c,0x00,0x00,0x7f,0x00,0x00,0x7f,0x00,0x00,0x7f,
    0x00,0x00,0x7f,0x00,0x00,0x7f,0x00,0x00,0x14,0x00,0x00,0x82,0x58,0xce,0x79,0xd6,
    0x41,0x79,0xd6,0x13,0x00,0x00,0x82,0x45,0x29,0x79,0xd6,0x7f,0x79,0xd6,0x56,0x79,
    0xd6,0x86,0x20,0x00,0x00,0x00,0x00,0x00,0x00,0x00,0x17,0xc6,0x79,0xd6,0x19,0x79,
    0xd6,0x86,0x38,0xce,0x00,0x00,0x00,0x00,0x00,0x00,0xe3,0x18,0x79,0xd6,0x1d,0x79,
    0xd6,0x82,0x86,0x31,0x00,0x00,0x7f,0x00,0x00,0x7f,0x00,0x00,0x7f,0x00,0x00,0x7f,
    0x00,0x00,0x7f,0x00,0x00,0x13,0x00,0x00,0x82,0xef,0x83,0x79,0xd6,0x41,0x79,0xd6,
    0x82,0xd6,0xbd,0x00,0x00,0x12,0x00,0x00,0x82,0xf7,0xc5,0x79,0xd6,0x7f,0x79,0xd6,
    0x55,0x79,0xd6,0x87,0xb6,0xb5,0x00,0x00,0x00,0x00,0x00,0x00,0x00,0x00,0x91,0x94,
    0x79,0xd6,0x19,0x79,0xd6,0x87,0xb6,0xbd,0x00,0x00,0x00,0x00,0x00,0x00,0x00,0x00,
    0x17,0xc6,0x79,0xd6,0x1c,0x79,0xd6,0x82,0x24,0x21,0x00,0x00,0x7f,0x00,0x00,0x7f,
    0x00,0x00,0x7f,0x00,0x00,0x7f,0x00,0x00,0x7f,0x00,0x00,0x13,0x00,0x00,0x43,0x79,
    0xd6,0x82,0x50,0x8c,0x00,0x00,0x11,0x00,0x00,0x82,0x34,0xad,0x79,0xd6,0x7f,0x79,
    0xd6,0x56,0x79,0xd6,0x87,0x69,0x4a,0x00,0x00,0x00,0x00,0x00,0x00,0x00,0x00,0x24,
    0x21,0x79,0xd6,0x19,0x79,0xd6,0x87,0xcf,0x7b,0x00,0x00,0x00,0x00,0x00,0x00,0x00,
    0x00,0xf3,0x9c,0x79,0xd6,0x1c,0x79,0xd6,0x82,0x82,0x10,0x00,0x00,0x7f,0x00,0x00,
    0x7f,0x00,0x00,0x7f,0x00,0x00,0x7f,0x00,0x00,0x7f,0x00,0x00,0x12,0x00,0x00,0x82,
    0xb2,0x9c,0x79,0xd6,0x42,0x79,0xd6,0x94,0xce,0x7b,0x00,0x00,0x00,0x00,0x00,0x00,
    0x00,0x00,0x00,0x00,0x00,0x00,0x00,0x00,0x00,0x00,0x00,0x00,0x00,0x00,0x00,0x00,
    0x00,0x00,0x00,0x00,0x00,0x00,0x00,0x00,0x00,0x00,0x00,0x00,0xb2,0x9c,0x79,0xd6,
    0x7f,0x79,0xd6,0x57,0x79,0xd6,0x87,0x20,0x00,0x00,0x00,0x00,0x00,0x00,0x00,0x00,
    0x00,0x00,0x00,0x79,0xd6,0x19,0x79,0xd6,0x87,0xc6,0x39,0x00,0x00,0x00,0x00,0x00,
    0x00,0x00,0x00,0x28,0x42,0x79,0xd6,0x1c,0x79,0xd6,0x82,0x41,0x08,0x00,0x00,0x7f,
    0x00,0x00,0x7f,0x00,0x00,0x7f,0x00,0x00,0x7f,0x00,0x00,0x7f,0x00,0x00,0x12,0x00,
    0x00,0x44,0x79,0xd6,0x93,0xb2,0x9c,0x00,0x00,0x00,0x00,0x00,0x00,0x00,0x00,0x00,
    0x00,0x00,0x00,0x00,0x00,0x00,0x00,0x00,0x00,0x00,0x00,0x00,0x00,0x00,0x00,0x00,
    0x00,0x00,0x00,0x00,0x00,0x00,0x00,0x08,0x42,0x79,0xd6,0x7f,0x79,0xd6,0x57,0x79,
    0xd6,0x89,0xd6,0xbd,0x00,0x00,0x00,0x00,0x00,0x00,0x00,0x00,0x00,0x00,0x00,0x00,
    0xf7,0xc5,0x79,0xd6,0x18,0x79,0xd6,0x88,0x20,0x00,0x00,0x00,0x00,0x00,0x00,0x00,
    0x00,0x00,0x20,0x00,0x58,0xce,0x79,0xd6,0x1a,0x79,0xd6,0x82,0x58,0xce,0x00,0x00,
    0x7f,0x00,0x00,0x7f,0x00,0x00,0x7f,0x00,0x00,0x7f,0x00,0x00,0x7f,0x00,0x00,0x12,
    0x00,0x00,0x82,0xb2,0x9c,0x79,0xd6,0x43,0x79,0xd6,0x92,0xb6,0xbd,0x00,0x00,0x00,
    0x00,0x00,0x00,0x00,0x00,0x00,0x00,0x00,0x00,0x00,0x00,0x00,0x00,0x00,0x00,0x00,
    0x00,0x00,0x00,0x00,0x00,0x00,0x00,0x00,0x00,0x00,0x00,0x04,0x21,0x79,0xd6,0x7f,
    0x79,0xd6,0x58,0x79,0xd6,0x89,0xcb,0x5a,0x00,0x00,0x00,0x00,0x00,0x00,0x00,0x00,
    0x00,0x00,0x00,0x00,0xb2,0x94,0x79,0xd6,0x17,0x79,0xd6,0x89,0x58,0xce,0x00,0x00,
    0x00,0x00,0x00,0x00,0x00,0x00,0x00,0x00,0x00,0x00,0xf6,0xbd,0x79,0xd6,0x1a,0x79,
    0xd6,0x82,0x17,0xc6,0x00,0x00,0x7f,0x00,0x00,0x7f,0x00,0x00,0x7f,0x00,0x00,0x7f,
    0x00,0x00,0x7f,0x00,0x00,0x12,0x00,0x00,0x82,0x58,0xce,0x79,0xd6,0x43,0x79,0xd6,
    0x91,0x58,0xce,0x00,0x00,0x00,0x00,0x00,0x00,0x00,0x00,0x00,0x00,0x00,0x00,0x00,
    0x00,0x00,0x00,0x00,0x00,0x00,0x00,0x00,0x00,0x00,0x00,0x00,0x00,0x00,0x00,0xe3,
    0x18,0x79,0xd6,0x7f,0x79,0xd6,0x58,0x79,0xd6,0x8a,0x58,0xce,0x20,0x00,0x00,0x00,
    0x00,0x00,0x00,0x00,0x00,0x00,0x00,0x00,0x00,0x00,0xe7,0x39,0x79,0xd6,0x17,0x79,
    0xd6,0x89,0x95,0xb5,0x00,0x00,0x00,0x00,0x00,0x00,0x00,0x00,0x00,0x00,0x00,0x00,
    0xae,0x73,0x79,0xd6,0x1a,0x79,0xd6,0x82,0xb6,0xb5,0x00,0x00,0x7f,0x00,0x00,0x7f,
    0x00,0x00,0x7f,0x00,0x00,0x7f,0x00,0x00,0x7f,0x00,0x00,0x11,0x00,0x00,0x82,0x4c,
    0x6b,0x79,0xd6,0x45,0x79,0xd6,0x8f,0x86,0x31,0x00,0x00,0x00,0x00,0x00,0x00,0x00,
    0x00,0x00,0x00,0x00,0x00,0x00,0x00,0x00,0x00,0x00,0x00,0x00,0x00,0x00,0x00,0x00,
    0x00,0x2c,0x63,0x79,0xd6,0x7f,0x79,0xd6,0x59,0x79,0xd6,0x8a,0xb6,0xbd,0x00,0x00,
    0x00,0x00,0x00,0x00,0x00,0x00,0x00,0x00,0x00,0x00,0x00,0x00,0x82,0x10,0x79,0xd6,
    0x17,0x79,0xd6,0x89,0xef,0x7b,0x00,0x00,0x00,0x00,0x00,0x00,0x00,0x00,0x00,0x00,
    0x00,0x00,0x45,0x29,0x79,0xd6,0x1a,0x79,0xd6,0x82,0x54,0xad,0x00,0x00,0x7f,0x00,
    0x00,0x7f,0x00,0x00,0x7f,0x00,0x00,0x7f,0x00,0x00,0x7f,0x00,0x00,0x11,0x00,0x00,
    0x82,0x17,0xc6,0x79,0xd6,0x45,0x79,0xd6,0x8e,0x58,0xce,0x82,0x10,0x00,0x00,0x00,
    0x00,0x00,0x00,0x00,0x00,0x00,0x00,0x00,0x00,0x00,0x00,0x00,0x00,0x00,0x00,0x20,
    0x00,0x91,0x94,0x79,0xd6,0x7f,0x79,0xd6,0x5a,0x79,0xd6,0x8b,0x28,0x42,0x00,0x00,
    0x00,0x00,0x00,0x00,0x00,0x00,0x00,0x00,0x00,0x00,0x00,0x00,0x00,0x00,0x38,0xce,
    0x79,0xd6,0x16,0x79,0xd6,0x8a,0x24,0x21,0x00,0x00,0x00,0x00,0x00,0x00,0x00,0x00,
    0x00,0x00,0x00,0x00,0x00,0x00,0x38,0xce,0x79,0xd6,0x19,0x79,0xd6,0x82,0x50,0x8c,
    0x00,0x00,0x7f,0x00,0x00,0x7f,0x00,0x00,0x7f,0x00,0x00,0x7f,0x00,0x00,0x7f,0x00,
    0x00,0x10,0x00,0x00,0x82,0x8a,0x52,0x79,0xd6,0x47,0x79,0xd6,0x8c,0x38,0xce,0xc3,
    0x18,0x00,0x00,0x00,0x00,0x00,0x00,0x00,0x00,0x00,0x00,0x00,0x00,0x00,0x00,0xe3,
    0x20,0xf7,0xc5,0x79,0xd6,0x7f,0x79,0xd6,0x5a,0x79,0xd6,0x8c,0x58,0xce,0x20,0x00,
    0x00,0x00,0x00,0x00,0x00,0x00,0x00,0x00,0x00,0x00,0x00,0x00,0x00,0x00,0x00,0x00,
    0x75,0xb5,0x79,0xd6,0x15,0x79,0xd6,0x8b,0x58,0xce,0x00,0x00,0x00,0x00,0x00,0x00,
    0x00,0x00,0x00,0x00,0x00,0x00,0x00,0x00,0x00,0x00,0xf3,0x9c,0x79,0xd6,0x19,0x79,
    0xd6,0x82,0x2c,0x63,0x00,0x00,0x7f,0x00,0x00,0x7f,0x00,0x00,0x7f,0x00,0x00,0x7f,
    0x00,0x00,0x7f,0x00,0x00,0x10,0x00,0x00,0x82,0x95,0xb5,0x79,0xd6,0x48,0x79,0xd6,
    0x89,0x58,0xce,0x91,0x94,0x28,0x42,0x04,0x21,0xe3,0x18,0xc6,0x39,0xaa,0x5a,0xf7,
    0xc5,0x79,0xd6,0x40,0x79,0xd6,0x83,0x58,0xce,0x58,0xce,0x79,0xd6,0x7f,0x79,0xd6,
    0x19,0x79,0xd6,0x8c,0x13,0xa5,0x00,0x00,0x00,0x00,0x00,0x00,0x00,0x00,0x00,0x00,
    0x00,0x00,0x00,0x00,0x00,0x00,0x00,0x00,0x4c,0x6b,0x79,0xd6,0x15,0x79,0xd6,0x8b,
    0xd6,0xbd,0x00,0x00,0x00,0x00,0x00,0x00,0x00,0x00,0x00,0x00,0x00,0x00,0x00,0x00,
    0x00,0x00,0xe7,0x39,0x79,0xd6,0x19,0x79,0xd6,0x82,0x45,0x29,0x00,0x00,0x7f,0x00,
    0x00,0x7f,0x00,0x00,0x7f,0x00,0x00,0x7f,0x00,0x00,0x7f,0x00,0x00,0x91,0x00,0x00,
    0x00,0x00,0x00,0x00,0x00,0x00,0x00,0x00,0x00,0x00,0x00,0x00,0x00,0x00,0x00,0x00,
    0x00,0x00,0x00,0x00,0x00,0x00,0x00,0x00,0x00,0x00,0x00,0x00,0x41,0x08,0x79,0xd6,
    0x7f,0x79,0xd6,0x12,0x79,0xd6,0x83,0x58,0xce,0x69,0x4a,0x79,0xd6,0x7f,0x79,0xd6,
    0x1a,0x79,0xd6,0x8c,0x65,0x29,0x00,0x00,0x00,0x00,0x00,0x00,0x00,0x00,0x00,0x00,
    0x00,0x00,0x00,0x00,0x00,0x00,0x00,0x00,0x65,0x29,0x79,0xd6,0x15,0x79,0xd6,0x8b,
    0x0f,0x84,0x00,0x00,0x00,0x00,0x00,0x00,0x00,0x00,0x00,0x00,0x00,0x00,0x00,0x00,
    0x00,0x00,0x81,0x10,0x79,0xd6,0x18,0x79,0xd6,0x83,0x58,0xce,0x20,0x00,0x00,0x00,
    0x7f,0x00,0x00,0x7f,0x00,0x00,0x7f,0x00,0x00,0x7f,0x00,0x00,0x7f,0x00,0x00,0x91,
    0x00,0x00,0x00,0x00,0x00,0x00,0x00,0x00,0x00,0x00,0x00,0x00,0x00,0x00,0x00,0x00,
    0x00,0x00,0x00,0x00,0x00,0x00,0x00,0x00,0x00,0x00,0x00,0x00,0x00,0x00,0x91,0x94,
    0x79,0xd6,0x7f,0x79,0xd6,0x11,0x79,0xd6,0x84,0xf6,0xbd,0x00,0x00,0xf6,0xbd,0x79,
    0xd6,0x7f,0x79,0xd6,0x19,0x79,0xd6,0x8e,0x17,0xc6,0x00,0x00,0x00,0x00,0x00,0x00,
    0x00,0x00,0x00,0x00,0x00,0x00,0x00,0x00,0x00,0x00,0x00,0x00,0x00,0x00,0x00,0x00,
    0x58,0xce,0x79,0xd6,0x14,0x79,0xd6,0x8c,0x81,0x10,0x00,0x00,0x00,0x00,0x00,0x00,
    0x00,0x00,0x00,0x00,0x00,0x00,0x00,0x00,0x00,0x00,0x00,0x00,0xf7,0xc5,0x79,0xd6,
    0x17,0x79,0xd6,0x82,0x58,0xce,0x00,0x00,0x7f,0x00,0x00,0x7f,0x00,0x00,0x7f,0x00,
    0x00,0x7f,0x00,0x00,0x7f,0x00,0x00,0x10,0x00,0x00,0x82,0x17,0xc6,0x79,0xd6,0x14,
    0x79,0xd6,0x82,0x58,0xce,0x79,0xd6,0x79,0x79,0xd6,0x84,0x95,0xb5,0x00,0x00,0xa2,
    0x10,0x79,0xd6,0x7f,0x79,0xd6,0x1a,0x79,0xd6,0x8e,0x30,0x8c,0x00,0x00,0x00,0x00,
    0x00,0x00,0x00,0x00,0x00,0x00,0x00,0x00,0x00,0x00,0x00,0x00,0x00,0x00,0x00,0x00,
    0x00,0x00,0x17,0xc6,0x79,0xd6,0x13,0x79,0xd6,0x8d,0x58,0xce,0x00,0x00,0x00,0x00,
    0x00,0x00,0x00,0x00,0x00,0x00,0x00,0x00,0x00,0x00,0x00,0x00,0x00,0x00,0x00,0x00,
    0x30,0x84,0x79,0xd6,0x17,0x79,0xd6,0x82,0xb6,0xbd,0x00,0x00,0x7f,0x00,0x00,0x7f,
    0x00,0x00,0x7f,0x00,0x00,0x7f,0x00,0x00,0x7f,0x00,0x00,0x91,0x00,0x00,0x00,0x00,
    0x00,0x00,0x00,0x00,0x00,0x00,0x00,0x00,0x00,0x00,0x00,0x00,0x00,0x00,0x00,0x00,
    0x00,0x00,0x00,0x00,0x00,0x00,0x00,0x00,0x00,0x00,0xe7,0x39,0x79,0xd6,0x14,0x79,
    0xd6,0x83,0xf3,0xa4,0x6d,0x6b,0x79,0xd6,0x78,0x79,0xd6,0x85,0x30,0x8c,0x00,0x00,
    0x00,0x00,0xd6,0xbd,0x79,0xd6,0x7f,0x79,0xd6,0x19,0x79,0xd6,0x8f,0x58,0xce,0x41,
    0x08,0x00,0x00,0x00,0x00,0x00,0x00,0x00,0x00,0x00,0x00,0x00,0x00,0x00,0x00,0x00,
    0x00,0x00,0x00,0x00,0x00,0x00,0x00,0xf3,0x9c,0x79,0xd6,0x13,0x79,0xd6,0x8d,0x34,
    0xa5,0x00,0x00,0x00,0x00,0x00,0x00,0x00,0x00,0x00,0x00,0x00,0x00,0x00,0x00,0x00,
    0x00,0x00,0x00,0x00,0x00,0xa6,0x31,0x79,0xd6,0x17,0x79,0xd6,0x82,0x71,0x94,0x00,
    0x00,0x7f,0x00,0x00,0x7f,0x00,0x00,0x7f,0x00,0x00,0x7f,0x00,0x00,0x7f,0x00,0x00,
    0x91,0x00,0x00,0x00,0x00,0x00,0x00,0x00,0x00,0x00,0x00,0x00,0x00,0x00,0x00,0x00,
    0x00,0x00,0x00,0x00,0x00,0x00,0x00,0x00,0x00,0x00,0x00,0x00,0x00,0x00,0x00,0x13,
    0xa5,0x79,0xd6,0x12,0x79,0xd6,0x85,0x54,0xad,0x20,0x00,0x00,0x00,0x38,0xce,0x79,
    0xd6,0x77,0x79,0xd6,0x85,0x2c,0x6b,0x00,0x00,0x00,0x00,0xa2,0x10,0x79,0xd6,0x7f,
    0x79,0xd6,0x1a,0x79,0xd6,0x8f,0x13,0xa5,0x00,0x00,0x00,0x00,0x00,0x00,0x00,0x00,
    0x00,0x00,0x00,0x00,0x00,0x00,0x00,0x00,0x00,0x00,0x00,0x00,0x00,0x00,0x00,0x00,
    0x4c,0x6b,0x79,0xd6,0x13,0x79,0xd6,0x8d,0x69,0x4a,0x00,0x00,0x00,0x00,0x00,0x00,
    0x00,0x00,0x00,0x00,0x00,0x00,0x00,0x00,0x00,0x00,0x00,0x00,0x00,0x00,0x41,0x08,
    0x79,0xd6,0x17,0x79,0xd6,0x82,0x89,0x52,0x00,0x00,0x7f,0x00,0x00,0x7f,0x00,0x00,
    0x7f,0x00,0x00,0x7f,0x00,0x00,0x7f,0x00,0x00,0xa7,0x00,0x00,0x00,0x00,0x00,0x00,
    0x00,0x00,0x00,0x00,0x00,0x00,0x00,0x00,0x00,0x00,0x00,0x00,0x00,0x00,0x00,0x00,
    0x00,0x00,0x00,0x00,0x00,0x00,0x41,0x08,0x58,0xce,0x79,0xd6,0x79,0xd6,0x79,0xd6,
    0x79,0xd6,0x79,0xd6,0x79,0xd6,0x79,0xd6,0x79,0xd6,0x79,0xd6,0x79,0xd6,0x79,0xd6,
    0x79,0xd6,0x79,0xd6,0x79,0xd6,0x79,0xd6,0x79,0xd6,0x79,0xd6,0x75,0xb5,0x41,0x08,
    0x00,0x00,0x00,0x00,0xcb,0x5a,0x79,0xd6,0x76,0x79,0xd6,0x87,0x58,0xce,0x86,0x31,
    0x00,0x00,0x00,0x00,0x00,0x00,0x95,0xb5,0x79,0xd6,0x7f,0x79,0xd6,0x1a,0x79,0xd6,
    0x8f,0x04,0x21,0x00,0x00,0x00,0x00,0x00,0x00,0x00,0x00,0x00,0x00,0x00,0x00,0x00,
    0x00,0x00,0x00,0x00,0x00,0x00,0x00,0x00,0x00,0x00,0x00,0x24,0x21,0x79,0xd6,0x12,
    0x79,0xd6,0x8f,0x58,0xce,0x00,0x00,0x00,0x00,0x00,0x00,0x00,0x00,0x00,0x00,0x00,
    0x00,0x00,0x00,0x00,0x00,0x00,0x00,0x00,0x00,0x00,0x00,0x00,0x00,0xf7,0xc5,0x79,
    0xd6,0x16,0x79,0xd6,0x82,0x41,0x08,0x00,0x00,0x7f,0x00,0x00,0x7f,0x00,0x00,0x7f,
    0x00,0x00,0x7f,0x00,0x00,0x7f,0x00,0x00,0xa7,0x00,0x00,0x00,0x00,0x00,0x00,0x00,
    0x00,0x00,0x00,0x00,0x00,0x00,0x00,0x00,0x00,0x00,0x00,0x00,0x00,0x00,0x00,0x00,
    0x00,0x00,0x00,0x00,0x00,0x07,0x42,0x79,0xd6,0x79,0xd6,0x79,0xd6,0x79,0xd6,0x79,
    0xd6,0x79,0xd6,0x79,0xd6,0x79,0xd6,0x79,0xd6,0x79,0xd6,0x79,0xd6,0x79,0xd6,0x79,
    0xd6,0x79,0xd6,0x79,0xd6,0x79,0xd6,0x75,0xb5,0xa2,0x10,0x00,0x00,0x00,0x00,0x00,
    0x00,0x00,0x00,0x38,0xce,0x79,0xd6,0x75,0x79,0xd6,0x87,0x17,0xc6,0x61,0x08,0x00,
    0x00,0x00,0x00,0x00,0x00,0x61,0x08,0x79,0xd6,0x7f,0x79,0xd6,0x1a,0x79,0xd6,0x91,
    0xf6,0xbd,0x00,0x00,0x00,0x00,0x00,0x00,0x00,0x00,0x00,0x00,0x00,0x00,0x00,0x00,
    0x00,0x00,0x00,0x00,0x00,0x00,0x00,0x00,0x00,0x00,0x00,0x00,0x20,0x00,0x58,0xce,
    0x79,0xd6,0x11,0x79,0xd6,0x8f,0x95,0xb5,0x00,0x00,0x00,0x00,0x00,0x00,0x00,0x00,
    0x00,0x00,0x00,0x00,0x00,0x00,0x00,0x00,0x00,0x00,0x00,0x00,0x00,0x00,0x00,0x00,
    0x91,0x94,0x79,0xd6,0x15,0x79,0xd6,0x82,0x58,0xce,0x00,0x00,0x7f,0x00,0x00,0x7f,
    0x00,0x00,0x7f,0x00,0x00,0x7f,0x00,0x00,0x7f,0x00,0x00,0xa7,0x00,0x00,0x00,0x00,
    0x00,0x00,0x00,0x00,0x00,0x00,0x00,0x00,0x00,0x00,0x00,0x00,0x00,0x00,0x00,0x00,
    0x00,0x00,0x00,0x00,0x00,0x00,0x00,0x00,0x00,0x00,0xb6,0xb5,0x79,0xd6,0x79,0xd6,
    0x79,0xd6,0x79,0xd6,0x79,0xd6,0x79,0xd6,0x79,0xd6,0x79,0xd6,0x79,0xd6,0x79,0xd6,
    0x79,0xd6,0x79,0xd6,0x79,0xd6,0x79,0xd6,0xd6,0xbd,0x24,0x21,0x00,0x00,0x00,0x00,
    0x00,0x00,0x00,0x00,0x00,0x00,0x8a,0x52,0x79,0xd6,0x75,0x79,0xd6,0x88,0xb6,0xbd,
    0x61,0x08,0x00,0x00,0x00,0x00,0x00,0x00,0x00,0x00,0x13,0xa5,0x79,0xd6,0x7f,0x79,
    0xd6,0x1a,0x79,0xd6,0x91,0xe7,0x39,0x00,0x00,0x00,0x00,0x00,0x00,0x00,0x00,0x00,
    0x00,0x00,0x00,0x00,0x00,0x00,0x00,0x00,0x00,0x00,0x00,0x00,0x00,0x00,0x00,0x00,
    0x00,0x00,0x00,0x38,0xce,0x79,0xd6,0x11,0x79,0xd6,0x8f,0x48,0x4a,0x00,0x00,0x00,
    0x00,0x00,0x00,0x00,0x00,0x00,0x00,0x00,0x00,0x00,0x00,0x00,0x00,0x00,0x00,0x00,
    0x00,0x00,0x00,0x00,0x00,0x69,0x4a,0x79,0xd6,0x15,0x79,0xd6,0x82,0xd6,0xbd,0x00,
    0x00,0x7f,0x00,0x00,0x7f,0x00,0x00,0x7f,0x00,0x00,0x7f,0x00,0x00,0x7f,0x00,0x00,
    0xa7,0x00,0x00,0x00,0x00,0x00,0x00,0x00,0x00,0x00,0x00,0x00,0x00,0x00,0x00,0x00,
    0x00,0x00,0x00,0x00,0x00,0x00,0x00,0x00,0x00,0x00,0x00,0x00,0x00,0xa2,0x10,0x79,
    0xd6,0x79,0xd6,0x79,0xd6,0x79,0xd6,0x79,0xd6,0x79,0xd6,0x79,0xd6,0x79,0xd6,0x79,
    0xd6,0x79,0xd6,0x79,0xd6,0x79,0xd6,0x79,0xd6,0x38,0xce,0x48,0x4a,0x00,0x00,0x00,
    0x00,0x00,0x00,0x00,0x00,0x00,0x00,0x00,0x00,0x00,0x00,0x38,0xce,0x79,0xd6,0x74,
    0x79,0xd6,0x88,0x75,0xad,0x00,0x00,0x00,0x00,0x00,0x00,0x00,0x00,0x00,0x00,0x20,
    0x00,0x79,0xd6,0x7f,0x79,0xd6,0x1a,0x79,0xd6,0x92,0x38,0xce,0x00,0x00,0x00,0x00,
    0x00,0x00,0x00,0x00,0x00,0x00,0x00,0x00,0x00,0x00,0x00,0x00,0x00,0x00,0x00,0x00,
    0x00,0x00,0x00,0x00,0x00,0x00,0x00,0x00,0x00,0x00,0x75,0xad,0x79,0xd6,0x11,0x79,
    0xd6,0x8f,0x41,0x08,0x00,0x00,0x00,0x00,0x00,0x00,0x00,0x00,0x00,0x00,0x00,0x00,
    0x00,0x00,0x00,0x00,0x00,0x00,0x00,0x00,0x00,0x00,0x00,0x00,0x81,0x10,0x79,0xd6,
    0x15,0x79,0xd6,0x82,0x50,0x8c,0x00,0x00,0x7f,0x00,0x00,0x7f,0x00,0x00,0x7f,0x00,
    0x00,0x7f,0x00,0x00,0x7f,0x00,0x00,0xa6,0x00,0x00,0x00,0x00,0x00,0x00,0x00,0x00,
    0x00,0x00,0x00,0x00,0x00,0x00,0x00,0x00,0x00,0x00,0x00,0x00,0x00,0x00,0x00,0x00,
    0x00,0x00,0x00,0x00,0x28,0x42,0x79,0xd6,0x79,0xd6,0x79,0xd6,0x79,0xd6,0x79,0xd6,
    0x79,0xd6,0x79,0xd6,0x79,0xd6,0x79,0xd6,0x79,0xd6,0x79,0xd6,0x58,0xce,0xcb,0x5a,
    0x00,0x00,0x00,0x00,0x00,0x00,0x00,0x00,0x00,0x00,0x00,0x00,0x00,0x00,0x00,0x00,
    0xe7,0x39,0x79,0xd6,0x74,0x79,0xd6,0x89,0xf3,0xa4,0x00,0x00,0x00,0x00,0x00,0x00,
    0x00,0x00,0x00,0x00,0x00,0x00,0x4c,0x6b,0x79,0xd6,0x7f,0x79,0xd6,0x1a,0x79,0xd6,
    0xb3,0x0b,0x63,0x00,0x00,0x00,0x00,0x00,0x00,0x00,0x00,0x00,0x00,0x00,0x00,0x00,
    0x00,0x00,0x00,0x00,0x00,0x00,0x00,0x00,0x00,0x00,0x00,0x00,0x00,0x00,0x00,0x00,
    0x00,0x0f,0x84,0x79,0xd6,0x79,0xd6,0x79,0xd6,0x79,0xd6,0x79,0xd6,0x79,0xd6,0x79,
    0xd6,0x79,0xd6,0x79,0xd6,0x79,0xd6,0x79,0xd6,0x79,0xd6,0x79,0xd6,0x79,0xd6,0x79,
    0xd6,0x79,0xd6,0x79,0xd6,0xd6,0xbd,0x00,0x00,0x00,0x00,0x00,0x00,0x00,0x00,0x00,
    0x00,0x00,0x00,0x00,0x00,0x00,0x00,0x00,0x00,0x00,0x00,0x00,0x00,0x00,0x00,0x00,
    0x00,0x00,0x00,0x58,0xce,0x79,0xd6,0x14,0x79,0xd6,0x82,0x86,0x31,0x00,0x00,0x7f,
    0x00,0x00,0x7f,0x00,0x00,0x7f,0x00,0x00,0x7f,0x00,0x00,0x7f,0x00,0x00,0xa6,0x00,
    0x00,0x00,0x00,0x00,0x00,0x00,0x00,0x00,0x00,0x00,0x00,0x00,0x00,0x00,0x00,0x00,
    0x00,0x00,0x00,0x00,0x00,0x00,0x00,0x00,0x00,0x00,0x00,0x95,0xb5,0x79,0xd6,0x79,
    0xd6,0x79,0xd6,0x79,0xd6,0x79,0xd6,0x79,0xd6,0x79,0xd6,0x79,0xd6,0x79,0xd6,0x58,
    0xce,0xae,0x73,0x20,0x00,0x00,0x00,0x00,0x00,0x00,0x00,0x00,0x00,0x00,0x00,0x00,
    0x00,0x00,0x00,0x00,0x00,0x00,0x00,0xf6,0xbd,0x79,0xd6,0x73,0x79,0xd6,0x8a,0xef,
    0x7b,0x00,0x00,0x00,0x00,0x00,0x00,0x00,0x00,0x00,0x00,0x00,0x00,0x00,0x00,0x58,
    0xce,0x79,0xd6,0x7f,0x79,0xd6,0x19,0x79,0xd6,0xb4,0x17,0xc6,0x20,0x00,0x00,0x00,
    0x00,0x00,0x00,0x00,0x00,0x00,0x00,0x00,0x00,0x00,0x00,0x00,0x00,0x00,0x00,0x00,
    0x00,0x00,0x00,0x00,0x00,0x00,0x00,0x00,0x00,0x00,0x00,0x00,0x28,0x42,0x79,0xd6,
    0x79,0xd6,0x79,0xd6,0x79,0xd6,0x79,0xd6,0x79,0xd6,0x79,0xd6,0x79,0xd6,0x79,0xd6,
    0x79,0xd6,0x79,0xd6,0x79,0xd6,0x79,0xd6,0x79,0xd6,0x79,0xd6,0x79,0xd6,0x79,0xd6,
    0xaa,0x5a,0x00,0x00,0x00,0x00,0x00,0x00,0x00,0x00,0x00,0x00,0x00,0x00,0x00,0x00,
    0x00,0x00,0x00,0x00,0x00,0x00,0x00,0x00,0x00,0x00,0x00,0x00,0x00,0x00,0xf7,0xc5,
    0x79,0xd6,0x14,0x79,0xd6,0x82,0x41,0x08,0x00,0x00,0x7f,0x00,0x00,0x7f,0x00,0x00,
    0x7f,0x00,0x00,0x7f,0x00,0x00,0x7f,0x00,0x00,0xa5,0x00,0x00,0x00,0x00,0x00,0x00,
    0x00,0x00,0x00,0x00,0x00,0x00,0x00,0x00,0x00,0x00,0x00,0x00,0x00,0x00,0x00,0x00,
    0x00,0x00,0x00,0x00,0x20,0x00,0x79,0xd6,0x79,0xd6,0x79,0xd6,0x79,0xd6,0x79,0xd6,
    0x79,0xd6,0x79,0xd6,0x79,0xd6,0x58,0xce,0x13,0xa5,0x20,0x00,0x00,0x00,0x00,0x00,
    0x00,0x00,0x00,0x00,0x00,0x00,0x00,0x00,0x00,0x00,0x00,0x00,0x00,0x00,0x00,0x00,
    0x61,0x08,0x79,0xd6,0x73,0x79,0xd6,0x8a,0x0b,0x63,0x00,0x00,0x00,0x00,0x00,0x00,
    0x00,0x00,0x00,0x00,0x00,0x00,0x00,0x00,0x04,0x21,0x79,0xd6,0x7f,0x79,0xd6,0x1a,
    0x79,0xd6,0xb4,0x2c,0x63,0x00,0x00,0x00,0x00,0x00,0x00,0x00,0x00,0x00,0x00,0x00,
    0x00,0x00,0x00,0x00,0x00,0x00,0x00,0x00,0x00,0x00,0x00,0x00,0x00,0x00,0x00,0x00,
    0x00,0x00,0x00,0x00,0x00,0x20,0x00,0x79,0xd6,0x79,0xd6,0x79,0xd6,0x79,0xd6,0x79,
    0xd6,0x79,0xd6,0x79,0xd6,0x79,0xd6,0x79,0xd6,0x79,0xd6,0x79,0xd6,0x79,0xd6,0x79,
    0xd6,0x79,0xd6,0x79,0xd6,0x79,0xd6,0x58,0xce,0x00,0x00,0x00,0x00,0x00,0x00,0x00,
    0x00,0x00,0x00,0x00,0x00,0x00,0x00,0x00,0x00,0x00,0x00,0x00,0x00,0x00,0x00,0x00,
    0x00,0x00,0x00,0x00,0x00,0x00,0x00,0x50,0x8c,0x79,0xd6,0x13,0x79,0xd6,0x82,0x38,
    0xce,0x00,0x00,0x7f,0x00,0x00,0x7f,0x00,0x00,0x7f,0x00,0x00,0x7f,0x00,0x00,0x7f,
    0x00,0x00,0xa6,0x00,0x00,0x00,0x00,0x00,0x00,0x00,0x00,0x00,0x00,0x00,0x00,0x00,
    0x00,0x00,0x00,0x00,0x00,0x00,0x00,0x00,0x00,0x00,0x00,0x00,0x00,0x00,0x00,0x45,
    0x29,0x79,0xd6,0x79,0xd6,0x79,0xd6,0x79,0xd6,0x79,0xd6,0x79,0xd6,0x79,0xd6,0xd6,
    0xbd,0x04,0x21,0x00,0x00,0x00,0x00,0x00,0x00,0x00,0x00,0x00,0x00,0x00,0x00,0x00,
    0x00,0x00,0x00,0x00,0x00,0x00,0x00,0x00,0x00,0x00,0x00,0xd2,0x9c,0x79,0xd6,0x72,
    0x79,0xd6,0x8b,0x4c,0x6b,0x00,0x00,0x00,0x00,0x00,0x00,0x00,0x00,0x00,0x00,0x00,
    0x00,0x00,0x00,0x00,0x00,0x34,0xad,0x79,0xd6,0x7f,0x79,0xd6,0x19,0x79,0xd6,0x82,
    0x38,0xce,0x00,0x00,0x11,0x00,0x00,0x10,0x79,0xd6,0x92,0x34,0xad,0x00,0x00,0x00,
    0x00,0x00,0x00,0x00,0x00,0x00,0x00,0x00,0x00,0x00,0x00,0x00,0x00,0x00,0x00,0x00,
    0x00,0x00,0x00,0x00,0x00,0x00,0x00,0x00,0x00,0x00,0x00,0x49,0x4a,0x79,0xd6,0x13,
    0x79,0xd6,0x82,0x34,0xad,0x00,0x00,0x7f,0x00,0x00,0x7f,0x00,0x00,0x7f,0x00,0x00,
    0x7f,0x00,0x00,0x7f,0x00,0x00,0xa6,0x00,0x00,0x00,0x00,0x00,0x00,0x00,0x00,0x00,
    0x00,0x00,0x00,0x00,0x00,0x00,0x00,0x00,0x00,0x00,0x00,0x00,0x00,0x00,0x00,0x00,
    0x00,0x00,0x00,0x91,0x94,0x79,0xd6,0x79,0xd6,0x79,0xd6,0x79,0xd6,0x79,0xd6,0x38,
    0xce,0x65,0x29,0x00,0x00,0x00,0x00,0x00,0x00,0x00,0x00,0x00,0x00,0x00,0x00,0x00,
    0x00,0x00,0x00,0x00,0x00,0x00,0x00,0x00,0x00,0x00,0x00,0x00,0x00,0x41,0x08,0x58,
    0xce,0x79,0xd6,0x71,0x79,0xd6,0x8b,0x49,0x4a,0x00,0x00,0x00,0x00,0x00,0x00,0x00,
    0x00,0x00,0x00,0x00,0x00,0x00,0x00,0x00,0x00,0x00,0x00,0x79,0xd6,0x7f,0x79,0xd6,
    0x1a,0x79,0xd6,0x82,0x69,0x4a,0x00,0x00,0x11,0x00,0x00,0xa2,0x38,0xce,0x79,0xd6,
    0x79,0xd6,0x79,0xd6,0x79,0xd6,0x79,0xd6,0x79,0xd6,0x79,0xd6,0x79,0xd6,0x79,0xd6,
    0x79,0xd6,0x79,0xd6,0x79,0xd6,0x79,0xd6,0x79,0xd6,0x79,0xd6,0x04,0x21,0x00,0x00,
    0x00,0x00,0x00,0x00,0x00,0x00,0x00,0x00,0x00,0x00,0x00,0x00,0x00,0x00,0x00,0x00,
    0x00,0x00,0x00,0x00,0x00,0x00,0x00,0x00,0x00,0x00,0x00,0x00,0x61,0x08,0x79,0xd6,
    0x13,0x79,0xd6,0x82,0x28,0x42,0x00,0x00,0x7f,0x00,0x00,0x7f,0x00,0x00,0x7f,0x00,
    0x00,0x7f,0x00,0x00,0x7f,0x00,0x00,0xa5,0x00,0x00,0x00,0x00,0x00,0x00,0x00,0x00,
    0x00,0x00,0x00,0x00,0x00,0x00,0x00,0x00,0x00,0x00,0x00,0x00,0x00,0x00,0x00,0x00,
    0x00,0x00,0x20,0x00,0x58,0xce,0x79,0xd6,0x79,0xd6,0x79,0xd6,0x79,0xd6,0x10,0x84,
    0x00,0x00,0x00,0x00,0x00,0x00,0x00,0x00,0x00,0x00,0x00,0x00,0x00,0x00,0x00,0x00,
    0x00,0x00,0x00,0x00,0x00,0x00,0x00,0x00,0x00,0x00,0x00,0x00,0x00,0x00,0x69,0x4a,
    0x79,0xd6,0x70,0x79,0xd6,0x8d,0x58,0xce,0xeb,0x5a,0x00,0x00,0x00,0x00,0x00,0x00,
    0x00,0x00,0x00,0x00,0x00,0x00,0x00,0x00,0x00,0x00,0x00,0x00,0x8d,0x73,0x79,0xd6,
    0x7f,0x79,0xd6,0x19,0x79,0xd6,0x82,0x17,0xc6,0x00,0x00,0x12,0x00,0x00,0xa2,0xd6,
    0xbd,0x79,0xd6,0x79,0xd6,0x79,0xd6,0x79,0xd6,0x79,0xd6,0x79,0xd6,0x79,0xd6,0x79,
    0xd6,0x79,0xd6,0x79,0xd6,0x79,0xd6,0x79,0xd6,0x79,0xd6,0x79,0xd6,0x17,0xc6,0x00,
    0x00,0x00,0x00,0x00,0x00,0x00,0x00,0x00,0x00,0x00,0x00,0x00,0x00,0x00,0x00,0x00,
    0x00,0x00,0x00,0x00,0x00,0x00,0x00,0x00,0x00,0x00,0x00,0x00,0x00,0x00,0x00,0x00,
    0x00,0x79,0xd6,0x12,0x79,0xd6,0x83,0x58,0xce,0x41,0x08,0x00,0x00,0x7f,0x00,0x00,
    0x7f,0x00,0x00,0x7f,0x00,0x00,0x7f,0x00,0x00,0x7f,0x00,0x00,0xa5,0x00,0x00,0x00,
    0x00,0x00,0x00,0x00,0x00,0x00,0x00,0x00,0x00,0x00,0x00,0x00,0x00,0x00,0x00,0x00,
    0x00,0x00,0x00,0x00,0x00,0x00,0x00,0x04,0x21,0x79,0xd6,0x79,0xd6,0x79,0xd6,0xd6,
    0xbd,0xa6,0x31,0x00,0x00,0x00,0x00,0x00,0x00,0x00,0x00,0x00,0x00,0x00,0x00,0x00,
    0x00,0x00,0x00,0x00,0x00,0x00,0x00,0x00,0x00,0x00,0x00,0x00,0x00,0x00,0x00,0x00,
    0x00,0x00,0x00,0xf7,0xc5,0x79,0xd6,0x70,0x79,0xd6,0x8d,0x30,0x84,0x00,0x00,0x00,
    0x00,0x00,0x00,0x00,0x00,0x00,0x00,0x00,0x00,0x00,0x00,0x00,0x00,0x00,0x00,0x00,
    0x00,0x17,0xc6,0x79,0xd6,0x7f,0x79,0xd6,0x19,0x79,0xd6,0xb7,0x89,0x52,0x00,0x00,
    0x20,0x00,0x00,0x00,0x00,0x00,0x00,0x00,0x00,0x00,0x00,0x00,0x00,0x00,0x00,0x00,
    0x00,0x00,0x00,0x00,0x00,0x00,0x00,0x00,0x00,0x00,0x00,0x00,0x00,0x00,0x00,0x00,
    0x00,0x00,0x00,0x00,0x91,0x94,0x79,0xd6,0x79,0xd6,0x79,0xd6,0x79,0xd6,0x79,0xd6,
    0x79,0xd6,0x79,0xd6,0x79,0xd6,0x79,0xd6,0x79,0xd6,0x79,0xd6,0x79,0xd6,0x79,0xd6,
    0x79,0xd6,0xaa,0x5a,0x00,0x00,0x00,0x00,0x00,0x00,0x00,0x00,0x00,0x00,0x00,0x00,
    0x00,0x00,0x00,0x00,0x00,0x00,0x00,0x00,0x00,0x00,0x00,0x00,0x00,0x00,0x00,0x00,
    0x00,0x00,0x00,0x00,0x00,0x00,0x38,0xce,0x79,0xd6,0x11,0x79,0xd6,0x82,0x17,0xc6,
    0x00,0x00,0x7f,0x00,0x00,0x7f,0x00,0x00,0x7f,0x00,0x00,0x7f,0x00,0x00,0x7f,0x00,
    0x00,0xa5,0x00,0x00,0x00,0x00,0x00,0x00,0x00,0x00,0x00,0x00,0x00,0x00,0x00,0x00,
    0x00,0x00,0x00,0x00,0x00,0x00,0x00,0x00,0x00,0x00,0x00,0x00,0x00,0x00,0x48,0x4a,
    0x79,0xd6,0x58,0xce,0x28,0x42,0x20,0x00,0x00,0x00,0x00,0x00,0x00,0x00,0x00,0x00,
    0x00,0x00,0x00,0x00,0x00,0x00,0x00,0x00,0x00,0x00,0x00,0x00,0x00,0x00,0x00,0x00,
    0x00,0x00,0x00,0x00,0x00,0x00,0x00,0x00,0x00,0x00,0x79,0xd6,0x70,0x79,0xd6,0x8d,
    0xd2,0x9c,0x20,0x00,0x00,0x00,0x00,0x00,0x00,0x00,0x00,0x00,0x00,0x00,0x00,0x00,
    0x00,0x00,0x00,0x00,0x00,0x00,0xa2,0x10,0x79,0xd6,0x7f,0x79,0xd6,0x19,0x79,0xd6,
    0x82,0xb6,0xb5,0x00,0x00,0x13,0x00,0x00,0x90,0x0b,0x63,0x79,0xd6,0x79,0xd6,0x79,
    0xd6,0x79,0xd6,0x79,0xd6,0x79,0xd6,0x79,0xd6,0x79,0xd6,0x79,0xd6,0x79,0xd6,0x79,
    0xd6,0x79,0xd6,0x79,0xd6,0x58,0xce,0x00,0x00,0x11,0x00,0x00,0x82,0xb6,0xbd,0x79,
    0xd6,0x11,0x79,0xd6,0x82,0x13,0xa5,0x00,0x00,0x7f,0x00,0x00,0x7f,0x00,0x00,0x7f,
    0x00,0x00,0x7f,0x00,0x00,0x7f,0x00,0x00,0x92,0x00,0x00,0x00,0x00,0x00,0x00,0x00,
    0x00,0x00,0x00,0x00,0x00,0x00,0x00,0x00,0x00,0x00,0x00,0x00,0x00,0x00,0x00,0x00,
    0x00,0x00,0x00,0x00,0x00,0x13,0xa5,0xf7,0xc5,0x07,0x42,0x00,0x00,0x11,0x00,0x00,
    0x82,0xcf,0x7b,0x79,0xd6,0x6f,0x79,0xd6,0x8e,0x91,0x94,0x41,0x08,0x00,0x00,0x00,
    0x00,0x00,0x00,0x00,0x00,0x00,0x00,0x00,0x00,0x00,0x00,0x00,0x00,0x00,0x00,0x00,
    0x00,0xb2,0x9c,0x79,0xd6,0x7f,0x79,0xd6,0x18,0x79,0xd6,0x83,0x58,0xce,0xe3,0x18,
    0x00,0x00,0x13,0x00,0x00,0x90,0xa6,0x31,0x79,0xd6,0x79,0xd6,0x79,0xd6,0x79,0xd6,
    0x79,0xd6,0x79,0xd6,0x79,0xd6,0x79,0xd6,0x79,0xd6,0x79,0xd6,0x79,0xd6,0x79,0xd6,
    0x79,0xd6,0x4c,0x6b,0x00,0x00,0x11,0x00,0x00,0x82,0x91,0x94,0x79,0xd6,0x11,0x79,
    0xd6,0x82,0x8a,0x52,0x00,0x00,0x7f,0x00,0x00,0x7f,0x00,0x00,0x7f,0x00,0x00,0x7f,
    0x00,0x00,0x7f,0x00,0x00,0x91,0x00,0x00,0x00,0x00,0x00,0x00,0x00,0x00,0x00,0x00,
    0x00,0x00,0x00,0x00,0x00,0x00,0x00,0x00,0x00,0x00,0x00,0x00,0x00,0x00,0x00,0x00,
    0x41,0x08,0x8d,0x73,0x41,0x08,0x00,0x00,0x12,0x00,0x00,0x82,0x58,0xce,0x79,0xd6,
    0x6e,0x79,0xd6,0x8f,0x95,0xb5,0x00,0x00,0x00,0x00,0x00,0x00,0x00,0x00,0x00,0x00,
    0x00,0x00,0x00,0x00,0x00,0x00,0x00,0x00,0x00,0x00,0x00,0x00,0x00,0x00,0x58,0xce,
    0x79,0xd6,0x7f,0x79,0xd6,0x18,0x79,0xd6,0x82,0x71,0x8c,0x00,0x00,0x14,0x00,0x00,
    0x90,0xc3,0x18,0x79,0xd6,0x79,0xd6,0x79,0xd6,0x79,0xd6,0x79,0xd6,0x79,0xd6,0x79,
    0xd6,0x79,0xd6,0x79,0xd6,0x79,0xd6,0x79,0xd6,0x79,0xd6,0x58,0xce,0x41,0x08,0x00,
    0x00,0x11,0x00,0x00,0x95,0x6d,0x6b,0x79,0xd6,0x79,0xd6,0x79,0xd6,0x79,0xd6,0x79,
    0xd6,0x79,0xd6,0x79,0xd6,0x79,0xd6,0x79,0xd6,0x79,0xd6,0x79,0xd6,0x79,0xd6,0x79,
    0xd6,0x79,0xd6,0x79,0xd6,0x79,0xd6,0x79,0xd6,0x58,0xce,0xa2,0x10,0x00,0x00,0x7f,
    0x00,0x00,0x7f,0x00,0x00,0x7f,0x00,0x00,0x7f,0x00,0x00,0x7f,0x00,0x00,0x8f,0x00,
    0x00,0x00,0x00,0x00,0x00,0x00,0x00,0x00,0x00,0x00,0x00,0x00,0x00,0x00,0x00,0x00,
    0x00,0x00,0x00,0x00,0x00,0x00,0x00,0x00,0x00,0x20,0x00,0x00,0x00,0x14,0x00,0x00,
    0x6f,0x79,0xd6,0x8f,0x75,0xad,0x00,0x00,0x00,0x00,0x00,0x00,0x00,0x00,0x00,0x00,
    0x00,0x00,0x00,0x00,0x00,0x00,0x00,0x00,0x00,0x00,0x00,0x00,0x00,0x00,0x48,0x4a,
    0x79,0xd6,0x7f,0x79,0xd6,0x18,0x79,0xd6,0x83,0x17,0xc6,0x20,0x00,0x00,0x00,0x14,
    0x00,0x00,0x8f,0x20,0x00,0x58,0xce,0x79,0xd6,0x79,0xd6,0x79,0xd6,0x79,0xd6,0x79,
    0xd6,0x79,0xd6,0x79,0xd6,0x79,0xd6,0x79,0xd6,0x79,0xd6,0x79,0xd6,0xef,0x83,0x00,
    0x00,0x12,0x00,0x00,0x94,0xa6,0x31,0x79,0xd6,0x79,0xd6,0x79,0xd6,0x79,0xd6,0x79,
    0xd6,0x79,0xd6,0x79,0xd6,0x79,0xd6,0x79,0xd6,0x79,0xd6,0x79,0xd6,0x79,0xd6,0x79,
    0xd6,0x79,0xd6,0x79,0xd6,0x79,0xd6,0x79,0xd6,0xb6,0xb5,0x00,0x00,0x7f,0x00,0x00,
    0x7f,0x00,0x00,0x7f,0x00,0x00,0x7f,0x00,0x00,0x7f,0x00,0x00,0x23,0x00,0x00,0x82,
    0x30,0x84,0x79,0xd6,0x6d,0x79,0xd6,0x90,0xf7,0xc5,0x82,0x10,0x00,0x00,0x00,0x00,
    0x00,0x00,0x00,0x00,0x00,0x00,0x00,0x00,0x00,0x00,0x00,0x00,0x00,0x00,0x00,0x00,
    0x00,0x00,0x00,0x00,0x13,0xa5,0x79,0xd6,0x7f,0x79,0xd6,0x18,0x79,0xd6,0x82,0x28,
    0x42,0x00,0x00,0x16,0x00,0x00,0x8e,0x58,0xce,0x79,0xd6,0x79,0xd6,0x79,0xd6,0x79,
    0xd6,0x79,0xd6,0x79,0xd6,0x79,0xd6,0x79,0xd6,0x79,0xd6,0x79,0xd6,0x79,0xd6,0x20,
    0x00,0x00,0x00,0x12,0x00,0x00,0x94,0xc3,0x18,0x79,0xd6,0x79,0xd6,0x79,0xd6,0x79,
    0xd6,0x79,0xd6,0x79,0xd6,0x79,0xd6,0x79,0xd6,0x79,0xd6,0x79,0xd6,0x79,0xd6,0x79,
    0xd6,0x79,0xd6,0x79,0xd6,0x79,0xd6,0x79,0xd6,0x79,0xd6,0x71,0x8c,0x00,0x00,0x7f,
    0x00,0x00,0x7f,0x00,0x00,0x7f,0x00,0x00,0x7f,0x00,0x00,0x7f,0x00,0x00,0x23,0x00,
    0x00,0x82,0x17,0xc6,0x79,0xd6,0x6c,0x79,0xd6,0x90,0x38,0xce,0x04,0x21,0x00,0x00,
    0x00,0x00,0x00,0x00,0x00,0x00,0x00,0x00,0x00,0x00,0x00,0x00,0x00,0x00,0x00,0x00,
    0x00,0x00,0x00,0x00,0x00,0x00,0x00,0x00,0x79,0xd6,0x7f,0x79,0xd6,0x18,0x79,0xd6,
    0x82,0xb2,0x9c,0x00,0x00,0x17,0x00,0x00,0x8d,0xb6,0xbd,0x79,0xd6,0x79,0xd6,0x79,
    0xd6,0x79,0xd6,0x79,0xd6,0x79,0xd6,0x79,0xd6,0x79,0xd6,0x79,0xd6,0x79,0xd6,0xef,
    0x7b,0x00,0x00,0x13,0x00,0x00,0x94,0x20,0x00,0x58,0xce,0x79,0xd6,0x79,0xd6,0x79,
    0xd6,0x79,0xd6,0x79,0xd6,0x79,0xd6,0x79,0xd6,0x79,0xd6,0x79,0xd6,0x79,0xd6,0x79,
    0xd6,0x79,0xd6,0x79,0xd6,0x79,0xd6,0x79,0xd6,0x79,0xd6,0x61,0x08,0x00,0x00,0x7f,
    0x00,0x00,0x7f,0x00,0x00,0x7f,0x00,0x00,0x7f,0x00,0x00,0x7f,0x00,0x00,0x22,0x00,
    0x00,0x82,0x81,0x10,0x79,0xd6,0x6c,0x79,0xd6,0x91,0x58,0xce,0x24,0x21,0x00,0x00,
    0x00,0x00,0x00,0x00,0x00,0x00,0x00,0x00,0x00,0x00,0x00,0x00,0x00,0x00,0x00,0x00,
    0x00,0x00,0x00,0x00,0x00,0x00,0x00,0x00,0x08,0x42,0x79,0xd6,0x7f,0x79,0xd6,0x17,
    0x79,0xd6,0x83,0x38,0xce,0x61,0x08,0x00,0x00,0x17,0x00,0x00,0x8d,0x34,0xad,0x79,
    0xd6,0x79,0xd6,0x79,0xd6,0x79,0xd6,0x79,0xd6,0x79,0xd6,0x79,0xd6,0x79,0xd6,0x79,
    0xd6,0x79,0xd6,0x20,0x00,0x00,0x00,0x14,0x00,0x00,0x92,0x58,0xce,0x79,0xd6,0x79,
    0xd6,0x79,0xd6,0x79,0xd6,0x79,0xd6,0x79,0xd6,0x79,0xd6,0x79,0xd6,0x79,0xd6,0x79,
    0xd6,0x79,0xd6,0x79,0xd6,0x79,0xd6,0x79,0xd6,0x79,0xd6,0x38,0xce,0x00,0x00,0x7f,
    0x00,0x00,0x7f,0x00,0x00,0x7f,0x00,0x00,0x7f,0x00,0x00,0x7f,0x00,0x00,0x23,0x00,
    0x00,0x82,0x69,0x4a,0x79,0xd6,0x6b,0x79,0xd6,0x92,0x58,0xce,0x07,0x42,0x00,0x00,
    0x00,0x00,0x00,0x00,0x00,0x00,0x00,0x00,0x00,0x00,0x00,0x00,0x00,0x00,0x00,0x00,
    0x00,0x00,0x00,0x00,0x00,0x00,0x00,0x00,0x00,0x00,0xf6,0xbd,0x79,0xd6,0x7f,0x79,
    0xd6,0x17,0x79,0xd6,0x82,0xa6,0x31,0x00,0x00,0x18,0x00,0x00,0x8c,0xef,0x83,0x79,
    0xd6,0x79,0xd6,0x79,0xd6,0x79,0xd6,0x79,0xd6,0x79,0xd6,0x79,0xd6,0x79,0xd6,0x79,
    0xd6,0x0f,0x84,0x00,0x00,0x15,0x00,0x00,0x92,0xf7,0xc5,0x79,0xd6,0x79,0xd6,0x79,
    0xd6,0x79,0xd6,0x79,0xd6,0x79,0xd6,0x79,0xd6,0x79,0xd6,0x79,0xd6,0x79,0xd6,0x79,
    0xd6,0x79,0xd6,0x79,0xd6,0x79,0xd6,0x79,0xd6,0x0f,0x84,0x00,0x00,0x7f,0x00,0x00,
    0x7f,0x00,0x00,0x7f,0x00,0x00,0x7f,0x00,0x00,0x7f,0x00,0x00,0x23,0x00,0x00,0x82,
    0xd6,0xbd,0x79,0xd6,0x6b,0x79,0xd6,0x91,0x4c,0x6b,0x00,0x00,0x00,0x00,0x00,0x00,
    0x00,0x00,0x00,0x00,0x00,0x00,0x00,0x00,0x00,0x00,0x00,0x00,0x00,0x00,0x00,0x00,
    0x00,0x00,0x00,0x00,0x00,0x00,0x00,0x00,0x79,0xd6,0x7f,0x79,0xd6,0x17,0x79,0xd6,
    0x82,0xf3,0x9c,0x00,0x00,0x19,0x00,0x00,0x8c,0xcb,0x5a,0x79,0xd6,0x79,0xd6,0x79,
    0xd6,0x79,0xd6,0x79,0xd6,0x79,0xd6,0x79,0xd6,0x79,0xd6,0x58,0xce,0x20,0x00,0x00,
    0x00,0x15,0x00,0x00,0x92,0x75,0xad,0x79,0xd6,0x79,0xd6,0x79,0xd6,0x79,0xd6,0x79,
    0xd6,0x79,0xd6,0x79,0xd6,0x79,0xd6,0x79,0xd6,0x79,0xd6,0x79,0xd6,0x79,0xd6,0x79,
    0xd6,0x79,0xd6,0x79,0xd6,0x86,0x31,0x00,0x00,0x7f,0x00,0x00,0x7f,0x00,0x00,0x7f,
    0x00,0x00,0x7f,0x00,0x00,0x7f,0x00,0x00,0x22,0x00,0x00,0x83,0x20,0x00,0x58,0xce,
    0x79,0xd6,0x6a,0x79,0xd6,0x92,0xef,0x83,0x00,0x00,0x00,0x00,0x00,0x00,0x00,0x00,
    0x00,0x00,0x00,0x00,0x00,0x00,0x00,0x00,0x00,0x00,0x00,0x00,0x00,0x00,0x00,0x00,
    0x00,0x00,0x00,0x00,0x00,0x00,0x8a,0x52,0x79,0xd6,0x7f,0x79,0xd6,0x16,0x79,0xd6,
    0x82,0xf7,0xc5,0x00,0x00,0x1a,0x00,0x00,0x8b,0xa6,0x31,0x79,0xd6,0x79,0xd6,0x79,
    0xd6,0x79,0xd6,0x79,0xd6,0x79,0xd6,0x79,0xd6,0x79,0xd6,0xcb,0x5a,0x00,0x00,0x16,
    0x00,0x00,0x91,0x50,0x8c,0x79,0xd6,0x79,0xd6,0x79,0xd6,0x79,0xd6,0x79,0xd6,0x79,
    0xd6,0x79,0xd6,0x79,0xd6,0x79,0xd6,0x79,0xd6,0x79,0xd6,0x79,0xd6,0x79,0xd6,0x79,
    0xd6,0x17,0xc6,0x00,0x00,0x7f,0x00,0x00,0x7f,0x00,0x00,0x7f,0x00,0x00,0x7f,0x00,
    0x00,0x7f,0x00,0x00,0x23,0x00,0x00,0x82,0x28,0x42,0x79,0xd6,0x6a,0x79,0xd6,0x93,
    0x34,0xa5,0x00,0x00,0x00,0x00,0x00,0x00,0x00,0x00,0x00,0x00,0x00,0x00,0x00,0x00,
    0x00,0x00,0x00,0x00,0x00,0x00,0x00,0x00,0x00,0x00,0x00,0x00,0x00,0x00,0x00,0x00,
    0x00,0x00,0x17,0xc6,0x79,0xd6,0x7f,0x79,0xd6,0x15,0x79,0xd6,0x83,0x58,0xce,0x61,
    0x08,0x00,0x00,0x1a,0x00,0x00,0x8a,0xe3,0x18,0x79,0xd6,0x79,0xd6,0x79,0xd6,0x79,
    0xd6,0x79,0xd6,0x79,0xd6,0x79,0xd6,0x17,0xc6,0x00,0x00,0x17,0x00,0x00,0x91,0xae,
    0x7b,0x79,0xd6,0x79,0xd6,0x79,0xd6,0x79,0xd6,0x79,0xd6,0x79,0xd6,0x79,0xd6,0x79,
    0xd6,0x79,0xd6,0x79,0xd6,0x79,0xd6,0x79,0xd6,0x79,0xd6,0x79,0xd6,0xb2,0x9c,0x00,
    0x00,0x7f,0x00,0x00,0x7f,0x00,0x00,0x7f,0x00,0x00,0x7f,0x00,0x00,0x7f,0x00,0x00,
    0x23,0x00,0x00,0x82,0x91,0x94,0x79,0xd6,0x69,0x79,0xd6,0x93,0x38,0xce,0x00,0x00,
    0x00,0x00,0x00,0x00,0x00,0x00,0x00,0x00,0x00,0x00,0x00,0x00,0x00,0x00,0x00,0x00,
    0x00,0x00,0x00,0x00,0x00,0x00,0x00,0x00,0x00,0x00,0x00,0x00,0x00,0x00,0x61,0x08,
    0x79,0xd6,0x7f,0x79,0xd6,0x16,0x79,0xd6,0x82,0xcb,0x5a,0x00,0x00,0x1b,0x00,0x00,
    0x8a,0x61,0x08,0x79,0xd6,0x79,0xd6,0x79,0xd6,0x79,0xd6,0x79,0xd6,0x79,0xd6,0x79,
    0xd6,0x24,0x21,0x00,0x00,0x17,0x00,0x00,0x91,0xaa,0x5a,0x79,0xd6,0x79,0xd6,0x79,
    0xd6,0x79,0xd6,0x79,0xd6,0x79,0xd6,0x79,0xd6,0x79,0xd6,0x79,0xd6,0x79,0xd6,0x79,
    0xd6,0x79,0xd6,0x79,0xd6,0x79,0xd6,0x04,0x21,0x00,0x00,0x7f,0x00,0x00,0x7f,0x00,
    0x00,0x7f,0x00,0x00,0x7f,0x00,0x00,0x7f,0x00,0x00,0x23,0x00,0x00,0x82,0x38,0xce,
    0x79,0xd6,0x68,0x79,0xd6,0x94,0xf7,0xc5,0x45,0x29,0x00,0x00,0x00,0x00,0x20,0x00,
    0x00,0x00,0x00,0x00,0x00,0x00,0x00,0x00,0x00,0x00,0x00,0x00,0x00,0x00,0x00,0x00,
    0x00,0x00,0x00,0x00,0x00,0x00,0x00,0x00,0x00,0x00,0xae,0x7b,0x79,0xd6,0x7f,0x79,
    0xd6,0x15,0x79,0xd6,0x84,0xce,0x7b,0x00,0x00,0x20,0x00,0x00,0x00,0x1a,0x00,0x00,
    0x89,0x61,0x08,0x79,0xd6,0x79,0xd6,0x79,0xd6,0x79,0xd6,0x79,0xd6,0x79,0xd6,0x75,
    0xad,0x00,0x00,0x18,0x00,0x00,0x90,0xe7,0x39,0x79,0xd6,0x79,0xd6,0x79,0xd6,0x79,
    0xd6,0x79,0xd6,0x79,0xd6,0x79,0xd6,0x79,0xd6,0x79,0xd6,0x79,0xd6,0x79,0xd6,0x79,
    0xd6,0x79,0xd6,0xd6,0xbd,0x00,0x00,0x7f,0x00,0x00,0x7f,0x00,0x00,0x7f,0x00,0x00,
    0x7f,0x00,0x00,0x7f,0x00,0x00,0x23,0x00,0x00,0x83,0x41,0x08,0x58,0xce,0x79,0xd6,
    0x68,0x79,0xd6,0x94,0xa6,0x31,0x00,0x00,0x00,0x00,0x00,0x00,0x00,0x00,0x00,0x00,
    0x00,0x00,0x00,0x00,0x00,0x00,0x00,0x00,0x00,0x00,0x00,0x00,0x00,0x00,0x00,0x00,
    0x00,0x00,0x00,0x00,0x00,0x00,0x00,0x00,0xf7,0xc5,0x79,0xd6,0x7f,0x79,0xd6,0x14,
    0x79,0xd6,0x82,0x95,0xb5,0x00,0x00,0x1e,0x00,0x00,0x88,0x58,0xce,0x79,0xd6,0x79,
    0xd6,0x79,0xd6,0x79,0xd6,0x79,0xd6,0x82,0x10,0x00,0x00,0x18,0x00,0x00,0x90,0x04,
    0x21,0x79,0xd6,0x79,0xd6,0x79,0xd6,0x79,0xd6,0x79,0xd6,0x79,0xd6,0x79,0xd6,0x79,
    0xd6,0x79,0xd6,0x79,0xd6,0x79,0xd6,0x79,0xd6,0x79,0xd6,0xce,0x7b,0x00,0x00,0x7f,
    0x00,0x00,0x7f,0x00,0x00,0x7f,0x00,0x00,0x7f,0x00,0x00,0x7f,0x00,0x00,0x23,0x00,
    0x00,0x82,0x49,0x4a,0x79,0xd6,0x68,0x79,0xd6,0x94,0x10,0x84,0x41,0x08,0x00,0x00,
    0x00,0x00,0x00,0x00,0x00,0x00,0x00,0x00,0x00,0x00,0x00,0x00,0x00,0x00,0x00,0x00,
    0x00,0x00,0x00,0x00,0x00,0x00,0x00,0x00,0x00,0x00,0x00,0x00,0x00,0x00,0x41,0x08,
    0x79,0xd6,0x7f,0x79,0xd6,0x14,0x79,0xd6,0x83,0x58,0xce,0x20,0x00,0x00,0x00,0x1e,
    0x00,0x00,0x87,0x58,0xce,0x79,0xd6,0x79,0xd6,0x79,0xd6,0x79,0xd6,0x0f,0x84,0x00,
    0x00,0x19,0x00,0x00,0x90,0xa2,0x10,0x79,0xd6,0x79,0xd6,0x79,0xd6,0x79,0xd6,0x79,
    0xd6,0x79,0xd6,0x79,0xd6,0x79,0xd6,0x79,0xd6,0x79,0xd6,0x79,0xd6,0x79,0xd6,0x58,
    0xce,0xa2,0x10,0x00,0x00,0x7f,0x00,0x00,0x7f,0x00,0x00,0x7f,0x00,0x00,0x7f,0x00,
    0x00,0x7f,0x00,0x00,0x23,0x00,0x00,0x82,0x13,0xa5,0x79,0xd6,0x67,0x79,0xd6,0x82,
    0x54,0xad,0x00,0x00,0x11,0x00,0x00,0x82,0x0b,0x63,0x79,0xd6,0x7f,0x79,0xd6,0x13,
    0x79,0xd6,0x83,0x58,0xce,0x04,0x21,0x00,0x00,0x1f,0x00,0x00,0x86,0x58,0xce,0x79,
    0xd6,0x79,0xd6,0x79,0xd6,0x38,0xce,0x00,0x00,0x1a,0x00,0x00,0x8f,0x20,0x00,0x79,
    0xd6,0x79,0xd6,0x79,0xd6,0x79,0xd6,0x79,0xd6,0x79,0xd6,0x79,0xd6,0x79,0xd6,0x79,
    0xd6,0x79,0xd6,0x79,0xd6,0x79,0xd6,0x75,0xb5,0x00,0x00,0x7f,0x00,0x00,0x7f,0x00,
    0x00,0x7f,0x00,0x00,0x7f,0x00,0x00,0x7f,0x00,0x00,0x24,0x00,0x00,0x82,0x38,0xce,
    0x79,0xd6,0x66,0x79,0xd6,0x83,0x38,0xce,0x20,0x00,0x00,0x00,0x11,0x00,0x00,0x82,
    0x17,0xc6,0x79,0xd6,0x5f,0x79,0xd6,0x82,0x17,0xc6,0x79,0xd6,0x31,0x79,0xd6,0x82,
    0x8a,0x52,0x00,0x00,0x20,0x00,0x00,0x86,0x58,0xce,0x79,0xd6,0x79,0xd6,0x79,0xd6,
    0x65,0x29,0x00,0x00,0x1b,0x00,0x00,0x8e,0x58,0xce,0x79,0xd6,0x79,0xd6,0x79,0xd6,
    0x79,0xd6,0x79,0xd6,0x79,0xd6,0x79,0xd6,0x79,0xd6,0x79,0xd6,0x79,0xd6,0x79,0xd6,
    0xcb,0x5a,0x00,0x00,0x7f,0x00,0x00,0x7f,0x00,0x00,0x7f,0x00,0x00,0x7f,0x00,0x00,
    0x7f,0x00,0x00,0x23,0x00,0x00,0x82,0xa2,0x10,0x79,0xd6,0x67,0x79,0xd6,0x82,0x24,
    0x21,0x00,0x00,0x11,0x00,0x00,0x82,0x41,0x08,0x79,0xd6,0x5f,0x79,0xd6,0x83,0x13,
    0xa5,0xc7,0x39,0x79,0xd6,0x30,0x79,0xd6,0x82,0x10,0x84,0x00,0x00,0x21,0x00,0x00,
    0x85,0x17,0xc6,0x79,0xd6,0x79,0xd6,0x8e,0x73,0x00,0x00,0x1c,0x00,0x00,0x8e,0x38,
    0xce,0x79,0xd6,0x79,0xd6,0x79,0xd6,0x79,0xd6,0x79,0xd6,0x79,0xd6,0x79,0xd6,0x79,
    0xd6,0x79,0xd6,0x79,0xd6,0x58,0xce,0x20,0x00,0x00,0x00,0x7f,0x00,0x00,0x7f,0x00,
    0x00,0x7f,0x00,0x00,0x7f,0x00,0x00,0x7f,0x00,0x00,0x23,0x00,0x00,0x82,0x48,0x4a,
    0x79,0xd6,0x66,0x79,0xd6,0x82,0xae,0x7b,0x00,0x00,0x12,0x00,0x00,0x82,0xaa,0x5a,
    0x79,0xd6,0x5e,0x79,0xd6,0x84,0x0b,0x63,0x00,0x00,0x17,0xc6,0x79,0xd6,0x2f,0x79,
    0xd6,0x82,0xb6,0xb5,0x00,0x00,0x20,0x00,0x00,0x86,0x20,0x00,0x00,0x00,0xf6,0xbd,
    0x79,0xd6,0xf6,0xbd,0x00,0x00,0x1d,0x00,0x00,0x8d,0x17,0xc6,0x79,0xd6,0x79,0xd6,
    0x79,0xd6,0x79,0xd6,0x79,0xd6,0x79,0xd6,0x79,0xd6,0x79,0xd6,0x79,0xd6,0x79,0xd6,
    0x30,0x8c,0x00,0x00,0x7f,0x00,0x00,0x7f,0x00,0x00,0x7f,0x00,0x00,0x7f,0x00,0x00,
    0x7f,0x00,0x00,0x24,0x00,0x00,0x82,0x91,0x94,0x79,0xd6,0x65,0x79,0xd6,0x82,0x95,
    0xb5,0x00,0x00,0x13,0x00,0x00,0x82,0xb6,0xbd,0x79,0xd6,0x5c,0x79,0xd6,0x85,0xb6,
    0xb5,0x00,0x00,0x00,0x00,0x41,0x08,0x79,0xd6,0x2f,0x79,0xd6,0x82,0x17,0xc6,0x00,
    0x00,0x23,0x00,0x00,0x84,0x58,0xce,0x58,0xce,0x61,0x08,0x00,0x00,0x1d,0x00,0x00,
    0x8d,0xf6,0xbd,0x79,0xd6,0x79,0xd6,0x79,0xd6,0x79,0xd6,0x79,0xd6,0x79,0xd6,0x79,
    0xd6,0x79,0xd6,0x79,0xd6,0x79,0xd6,0x61,0x08,0x00,0x00,0x7f,0x00,0x00,0x7f,0x00,
    0x00,0x7f,0x00,0x00,0x7f,0x00,0x00,0x7f,0x00,0x00,0x24,0x00,0x00,0x82,0x75,0xb5,
    0x79,0xd6,0x64,0x79,0xd6,0x85,0x38,0xce,0x41,0x08,0x00,0x00,0x20,0x00,0x00,0x00,
    0x11,0x00,0x00,0x82,0x58,0xce,0x79,0xd6,0x5b,0x79,0xd6,0x86,0x6d,0x73,0x00,0x00,
    0x00,0x00,0x00,0x00,0x91,0x94,0x79,0xd6,0x2e,0x79,0xd6,0x83,0x58,0xce,0x81,0x10,
    0x00,0x00,0x22,0x00,0x00,0x84,0x45,0x29,0xb6,0xbd,0xc6,0x39,0x00,0x00,0x1e,0x00,
    0x00,0x8c,0xb6,0xbd,0x79,0xd6,0x79,0xd6,0x79,0xd6,0x79,0xd6,0x79,0xd6,0x79,0xd6,
    0x79,0xd6,0x79,0xd6,0x79,0xd6,0x95,0xb5,0x00,0x00,0x7f,0x00,0x00,0x7f,0x00,0x00,
    0x7f,0x00,0x00,0x7f,0x00,0x00,0x7f,0x00,0x00,0x24,0x00,0x00,0x83,0x20,0x00,0x58,
    0xce,0x79,0xd6,0x64,0x79,0xd6,0x82,0x28,0x42,0x00,0x00,0x11,0x00,0x00,0x84,0x20,
    0x00,0x00,0x00,0x69,0x4a,0x79,0xd6,0x5a,0x79,0xd6,0x87,0x58,0xce,0x45,0x29,0x00,
    0x00,0x00,0x00,0x00,0x00,0x00,0x00,0x79,0xd6,0x2f,0x79,0xd6,0x82,0x65,0x29,0x00,
    0x00,0x24,0x00,0x00,0x82,0x20,0x00,0x00,0x00,0x1f,0x00,0x00,0x8c,0x95,0xb5,0x79,
    0xd6,0x79,0xd6,0x79,0xd6,0x79,0xd6,0x79,0xd6,0x79,0xd6,0x79,0xd6,0x79,0xd6,0x79,
    0xd6,0xc6,0x39,0x00,0x00,0x7f,0x00,0x00,0x7f,0x00,0x00,0x7f,0x00,0x00,0x7f,0x00,
    0x00,0x7f,0x00,0x00,0x24,0x00,0x00,0x82,0xe3,0x18,0x79,0xd6,0x64,0x79,0xd6,0x82,
    0x34,0xa5,0x00,0x00,0x14,0x00,0x00,0x82,0x75,0xb5,0x79,0xd6,0x59,0x79,0xd6,0x88,
    0xf7,0xc5,0x00,0x00,0x00,0x00,0x00,0x00,0x00,0x00,0x00,0x00,0xae,0x73,0x79,0xd6,
    0x2e,0x79,0xd6,0x82,0x8a,0x52,0x00,0x00,0x46,0x00,0x00,0x8b,0x75,0xad,0x79,0xd6,
    0x79,0xd6,0x79,0xd6,0x79,0xd6,0x79,0xd6,0x79,0xd6,0x79,0xd6,0x79,0xd6,0x38,0xce,
    0x00,0x00,0x7f,0x00,0x00,0x7f,0x00,0x00,0x7f,0x00,0x00,0x7f,0x00,0x00,0x7f,0x00,
    0x00,0x25,0x00,0x00,0x82,0x49,0x4a,0x79,0xd6,0x63,0x79,0xd6,0x82,0x38,0xce,0x00,
    0x00,0x15,0x00,0x00,0x82,0x58,0xce,0x79,0xd6,0x58,0x79,0xd6,0x89,0xd2,0x9c,0x00,
    0x00,0x00,0x00,0x00,0x00,0x00,0x00,0x00,0x00,0x00,0x00,0x58,0xce,0x79,0xd6,0x2d,
    0x79,0xd6,0x82,0x4c,0x6b,0x00,0x00,0x47,0x00,0x00,0x8b,0x13,0xa5,0x79,0xd6,0x79,
    0xd6,0x79,0xd6,0x79,0xd6,0x79,0xd6,0x79,0xd6,0x79,0xd6,0x79,0xd6,0x8d,0x73,0x00,
    0x00,0x7f,0x00,0x00,0x7f,0x00,0x00,0x7f,0x00,0x00,0x7f,0x00,0x00,0x7f,0x00,0x00,
    0x25,0x00,0x00,0x82,0x8d,0x73,0x79,0xd6,0x63,0x79,0xd6,0x82,0x89,0x52,0x00,0x00,
    0x14,0x00,0x00,0x82,0x45,0x29,0x79,0xd6,0x58,0x79,0xd6,0x89,0x2c,0x6b,0x00,0x00,
    0x00,0x00,0x00,0x00,0x00,0x00,0x00,0x00,0x00,0x00,0x6d,0x73,0x79,0xd6,0x2d,0x79,
    0xd6,0x82,0xce,0x7b,0x00,0x00,0x48,0x00,0x00,0x8b,0xf3,0x9c,0x79,0xd6,0x79,0xd6,
    0x79,0xd6,0x79,0xd6,0x79,0xd6,0x79,0xd6,0x79,0xd6,0x58,0xce,0x20,0x00,0x00,0x00,
    0x7f,0x00,0x00,0x7f,0x00,0x00,0x7f,0x00,0x00,0x7f,0x00,0x00,0x7f,0x00,0x00,0x25,
    0x00,0x00,0x82,0x13,0xa5,0x79,0xd6,0x62,0x79,0xd6,0x82,0x34,0xad,0x00,0x00,0x15,
    0x00,0x00,0x82,0xb2,0x9c,0x79,0xd6,0x56,0x79,0xd6,0x8b,0x38,0xce,0x82,0x10,0x00,
    0x00,0x00,0x00,0x00,0x00,0x00,0x00,0x00,0x00,0x00,0x00,0x00,0x00,0x58,0xce,0x79,
    0xd6,0x2c,0x79,0xd6,0x82,0x91,0x94,0x00,0x00,0x49,0x00,0x00,0x8a,0xb2,0x9c,0x79,
    0xd6,0x79,0xd6,0x79,0xd6,0x79,0xd6,0x79,0xd6,0x79,0xd6,0x79,0xd6,0xf3,0x9c,0x00,
    0x00,0x7f,0x00,0x00,0x7f,0x00,0x00,0x7f,0x00,0x00,0x7f,0x00,0x00,0x7f,0x00,0x00,
    0x26,0x00,0x00,0x82,0xd6,0xbd,0x79,0xd6,0x61,0x79,0xd6,0x83,0x58,0xce,0x81,0x10,
    0x00,0x00,0x15,0x00,0x00,0x82,0x38,0xce,0x79,0xd6,0x55,0x79,0xd6,0x8b,0x75,0xad,
    0x00,0x00,0x00,0x00,0x00,0x00,0x00,0x00,0x00,0x00,0x00,0x00,0x00,0x00,0x00,0x00,
    0x0b,0x63,0x79,0xd6,0x2c,0x79,0xd6,0x82,0x30,0x8c,0x00,0x00,0x4a,0x00,0x00,0x8a,
    0xb2,0x9c,0x79,0xd6,0x79,0xd6,0x79,0xd6,0x79,0xd6,0x79,0xd6,0x79,0xd6,0x79,0xd6,
    0x41,0x08,0x00,0x00,0x7f,0x00,0x00,0x7f,0x00,0x00,0x7f,0x00,0x00,0x7f,0x00,0x00,
    0x7f,0x00,0x00,0x26,0x00,0x00,0x82,0x58,0xce,0x79,0xd6,0x61,0x79,0xd6,0x82,0x6d,
    0x73,0x00,0x00,0x15,0x00,0x00,0x82,0xe3,0x18,0x79,0xd6,0x55,0x79,0xd6,0x8c,0x07,
    0x42,0x00,0x00,0x00,0x00,0x00,0x00,0x00,0x00,0x00,0x00,0x00,0x00,0x00,0x00,0x00,
    0x00,0x00,0x00,0x58,0xce,0x79,0xd6,0x2b,0x79,0xd6,0x82,0xf6,0xbd,0x00,0x00,0x4b,
    0x00,0x00,0x89,0xb2,0x9c,0x79,0xd6,0x79,0xd6,0x79,0xd6,0x79,0xd6,0x79,0xd6,0x79,
    0xd6,0x13,0xa5,0x00,0x00,0x7f,0x00,0x00,0x7f,0x00,0x00,0x7f,0x00,0x00,0x7f,0x00,
    0x00,0x7f,0x00,0x00,0x26,0x00,0x00,0x82,0x20,0x00,0x79,0xd6,0x61,0x79,0xd6,0x82,
    0xf7,0xc5,0x00,0x00,0x16,0x00,0x00,0x82,0x0f,0x84,0x79,0xd6,0x53,0x79,0xd6,0x8d,
    0x58,0xce,0x07,0x42,0x00,0x00,0x00,0x00,0x00,0x00,0x00,0x00,0x00,0x00,0x00,0x00,
    0x00,0x00,0x00,0x00,0x00,0x00,0x0f,0x84,0x79,0xd6,0x2b,0x79,0xd6,0x82,0x95,0xb5,
    0x00,0x00,0x4c,0x00,0x00,0x89,0xb2,0x94,0x79,0xd6,0x79,0xd6,0x79,0xd6,0x79,0xd6,
    0x79,0xd6,0x79,0xd6,0x61,0x08,0x00,0x00,0x7f,0x00,0x00,0x7f,0x00,0x00,0x7f,0x00,
    0x00,0x7f,0x00,0x00,0x7f,0x00,0x00,0x26,0x00,0x00,0x82,0x61,0x08,0x79,0xd6,0x61,
    0x79,0xd6,0x82,0x86,0x31,0x00,0x00,0x16,0x00,0x00,0x82,0x38,0xce,0x79,0xd6,0x52,
    0x79,0xd6,0x8e,0xef,0x83,0x00,0x00,0x00,0x00,0x00,0x00,0x00,0x00,0x00,0x00,0x00,
    0x00,0x00,0x00,0x00,0x00,0x00,0x00,0x00,0x00,0x00,0x00,0x58,0xce,0x79,0xd6,0x2a,
    0x79,0xd6,0x83,0x34,0xad,0x20,0x00,0x00,0x00,0x4c,0x00,0x00,0x88,0xf3,0x9c,0x79,
    0xd6,0x79,0xd6,0x79,0xd6,0x79,0xd6,0x79,0xd6,0x75,0xad,0x00,0x00,0x7f,0x00,0x00,
    0x7f,0x00,0x00,0x7f,0x00,0x00,0x7f,0x00,0x00,0x7f,0x00,0x00,0x27,0x00,0x00,0x82,
    0x0b,0x63,0x79,0xd6,0x60,0x79,0xd6,0x82,0x13,0xa5,0x00,0x00,0x16,0x00,0x00,0x82,
    0x61,0x08,0x79,0xd6,0x52,0x79,0xd6,0x8e,0x69,0x4a,0x00,0x00,0x00,0x00,0x00,0x00,
    0x00,0x00,0x00,0x00,0x00,0x00,0x00,0x00,0x00,0x00,0x00,0x00,0x00,0x00,0x00,0x00,
    0xb2,0x9c,0x79,0xd6,0x2a,0x79,0xd6,0x83,0x13,0xa5,0x20,0x00,0x00,0x00,0x4d,0x00,
    0x00,0x88,0x54,0xad,0x79,0xd6,0x79,0xd6,0x79,0xd6,0x79,0xd6,0x79,0xd6,0x41,0x08,
    0x00,0x00,0x7f,0x00,0x00,0x7f,0x00,0x00,0x7f,0x00,0x00,0x7f,0x00,0x00,0x7f,0x00,
    0x00,0x27,0x00,0x00,0x82,0xf3,0xa4,0x79,0xd6,0x5f,0x79,0xd6,0x83,0x58,0xce,0x41,
    0x08,0x00,0x00,0x16,0x00,0x00,0x82,0x2c,0x63,0x79,0xd6,0x50,0x79,0xd6,0x8f,0x58,
    0xce,0xc7,0x39,0x00,0x00,0x00,0x00,0x00,0x00,0x00,0x00,0x00,0x00,0x00,0x00,0x00,
    0x00,0x00,0x00,0x00,0x00,0x00,0x00,0x00,0x00,0x00,0x00,0x79,0xd6,0x2a,0x79,0xd6,
    0x83,0x71,0x8c,0x61,0x08,0x00,0x00,0x4e,0x00,0x00,0x87,0xb6,0xb5,0x79,0xd6,0x79,
    0xd6,0x79,0xd6,0x79,0xd6,0x34,0xad,0x00,0x00,0x7f,0x00,0x00,0x7f,0x00,0x00,0x7f,
    0x00,0x00,0x7f,0x00,0x00,0x7f,0x00,0x00,0x28,0x00,0x00,0x82,0x54,0xad,0x79,0xd6,
    0x5f,0x79,0xd6,0x82,0xae,0x73,0x00,0x00,0x17,0x00,0x00,0x82,0x75,0xad,0x79,0xd6,
    0x4f,0x79,0xd6,0x90,0xf7,0xc5,0x00,0x00,0x00,0x00,0x00,0x00,0x00,0x00,0x00,0x00,
    0x00,0x00,0x00,0x00,0x00,0x00,0x00,0x00,0x00,0x00,0x00,0x00,0x00,0x00,0x00,0x00,
    0x91,0x94,0x79,0xd6,0x29,0x79,0xd6,0x82,0x54,0xad,0x00,0x00,0x4f,0x00,0x00,0x88,
    0x20,0x00,0xf6,0xbd,0x79,0xd6,0x79,0xd6,0x79,0xd6,0x79,0xd6,0x20,0x00,0x00,0x00,
    0x7f,0x00,0x00,0x7f,0x00,0x00,0x7f,0x00,0x00,0x7f,0x00,0x00,0x7f,0x00,0x00,0x28,
    0x00,0x00,0x82,0xb6,0xbd,0x79,0xd6,0x5e,0x79,0xd6,0x82,0x17,0xc6,0x00,0x00,0x18,
    0x00,0x00,0x50,0x79,0xd6,0x90,0x95,0xb5,0x00,0x00,0x00,0x00,0x00,0x00,0x00,0x00,
    0x00,0x00,0x00,0x00,0x00,0x00,0x00,0x00,0x00,0x00,0x00,0x00,0x00,0x00,0x00,0x00,
    0x00,0x00,0x20,0x00,0x79,0xd6,0x29,0x79,0xd6,0x82,0x6d,0x6b,0x00,0x00,0x50,0x00,
    0x00,0x87,0x20,0x00,0x58,0xce,0x79,0xd6,0x79,0xd6,0x79,0xd6,0x50,0x8c,0x00,0x00,
    0x7f,0x00,0x00,0x7f,0x00,0x00,0x7f,0x00,0x00,0x7f,0x00,0x00,0x7f,0x00,0x00,0x29,
    0x00,0x00,0x82,0x17,0xc6,0x79,0xd6,0x5e,0x79,0xd6,0x82,0x0b,0x63,0x00,0x00,0x17,
    0x00,0x00,0x82,0xa6,0x31,0x79,0xd6,0x4e,0x79,0xd6,0x91,0xef,0x83,0x00,0x00,0x00,
    0x00,0x00,0x00,0x00,0x00,0x00,0x00,0x00,0x00,0x00,0x00,0x00,0x00,0x00,0x00,0x00,
    0x00,0x00,0x00,0x00,0x00,0x00,0x00,0x00,0x00,0xb6,0xb5,0x79,0xd6,0x27,0x79,0xd6,
    0x83,0x58,0xce,0xcb,0x5a,0x00,0x00,0x51,0x00,0x00,0x86,0x81,0x10,0x58,0xce,0x79,
    0xd6,0x79,0xd6,0x58,0xce,0x00,0x00,0x7f,0x00,0x00,0x7f,0x00,0x00,0x7f,0x00,0x00,
    0x7f,0x00,0x00,0x7f,0x00,0x00,0x2a,0x00,0x00,0x82,0x58,0xce,0x79,0xd6,0x5d,0x79,
    0xd6,0x82,0x17,0xc6,0x00,0x00,0x18,0x00,0x00,0x82,0xb6,0xb5,0x79,0xd6,0x4d,0x79,
    0xd6,0x91,0x48,0x4a,0x00,0x00,0x00,0x00,0x00,0x00,0x00,0x00,0x00,0x00,0x00,0x00,
    0x00,0x00,0x00,0x00,0x00,0x00,0x00,0x00,0x00,0x00,0x00,0x00,0x00,0x00,0x00,0x00,
    0xe3,0x18,0x79,0xd6,0x27,0x79,0xd6,0x83,0xf7,0xc5,0x20,0x00,0x00,0x00,0x52,0x00,
    0x00,0x86,0x24,0x21,0x79,0xd6,0x79,0xd6,0x79,0xd6,0xaa,0x5a,0x00,0x00,0x7f,0x00,
    0x00,0x7f,0x00,0x00,0x7f,0x00,0x00,0x7f,0x00,0x00,0x7f,0x00,0x00,0x29,0x00,0x00,
    0x82,0xa2,0x10,0x79,0xd6,0x5e,0x79,0xd6,0x82,0x28,0x42,0x00,0x00,0x18,0x00,0x00,
    0x82,0x58,0xce,0x79,0xd6,0x4b,0x79,0xd6,0x93,0xf6,0xbd,0xa2,0x10,0x00,0x00,0x00,
    0x00,0x00,0x00,0x00,0x00,0x00,0x00,0x00,0x00,0x00,0x00,0x00,0x00,0x00,0x00,0x00,
    0x00,0x00,0x00,0x00,0x00,0x00,0x00,0x00,0x00,0x00,0x00,0xf7,0xc5,0x79,0xd6,0x26,
    0x79,0xd6,0x83,0xf7,0xc5,0xa2,0x10,0x00,0x00,0x53,0x00,0x00,0x85,0xc7,0x39,0x79,
    0xd6,0x79,0xd6,0xb6,0xb5,0x00,0x00,0x7f,0x00,0x00,0x7f,0x00,0x00,0x7f,0x00,0x00,
    0x7f,0x00,0x00,0x7f,0x00,0x00,0x2b,0x00,0x00,0x5e,0x79,0xd6,0x82,0xb6,0xbd,0x00,
    0x00,0x18,0x00,0x00,0x82,0x85,0x31,0x79,0xd6,0x4b,0x79,0xd6,0x93,0xf6,0xbd,0x00,
    0x00,0x00,0x00,0x00,0x00,0x00,0x00,0x00,0x00,0x00,0x00,0x00,0x00,0x00,0x00,0x00,
    0x00,0x00,0x00,0x00,0x00,0x00,0x00,0x00,0x00,0x00,0x00,0x00,0x00,0x00,0x00,0x2c,
    0x6b,0x79,0xd6,0x26,0x79,0xd6,0x82,0x50,0x8c,0x00,0x00,0x55,0x00,0x00,0x85,0xeb,
    0x5a,0x79,0xd6,0x79,0xd6,0x41,0x08,0x00,0x00,0x7f,0x00,0x00,0x7f,0x00,0x00,0x7f,
    0x00,0x00,0x7f,0x00,0x00,0x7f,0x00,0x00,0x2a,0x00,0x00,0x82,0xa2,0x10,0x79,0xd6,
    0x5d,0x79,0xd6,0x82,0x28,0x42,0x00,0x00,0x18,0x00,0x00,0x82,0x54,0xad,0x79,0xd6,
    0x4a,0x79,0xd6,0x93,0x71,0x94,0x00,0x00,0x00,0x00,0x00,0x00,0x00,0x00,0x00,0x00,
    0x00,0x00,0x00,0x00,0x00,0x00,0x00,0x00,0x00,0x00,0x00,0x00,0x00,0x00,0x00,0x00,
    0x00,0x00,0x00,0x00,0x00,0x00,0x00,0x00,0x79,0xd6,0x26,0x79,0xd6,0x82,0x8a,0x52,
    0x00,0x00,0x56,0x00,0x00,0x84,0x91,0x94,0x79,0xd6,0xae,0x7b,0x00,0x00,0x7f,0x00,
    0x00,0x7f,0x00,0x00,0x7f,0x00,0x00,0x7f,0x00,0x00,0x7f,0x00,0x00,0x2b,0x00,0x00,
    0x82,0x07,0x42,0x79,0xd6,0x5c,0x79,0xd6,0x82,0xf6,0xbd,0x00,0x00,0x19,0x00,0x00,
    0x82,0x58,0xce,0x79,0xd6,0x49,0x79,0xd6,0x94,0x10,0x84,0x00,0x00,0x00,0x00,0x00,
    0x00,0x00,0x00,0x00,0x00,0x00,0x00,0x00,0x00,0x00,0x00,0x00,0x00,0x00,0x00,0x00,
    0x00,0x00,0x00,0x00,0x00,0x00,0x00,0x00,0x00,0x00,0x00,0x00,0x00,0x95,0xb5,0x79,
    0xd6,0x24,0x79,0xd6,0x83,0xf7,0xc5,0x45,0x29,0x00,0x00,0x57,0x00,0x00,0x83,0x54,
    0xad,0x13,0xa5,0x00,0x00,0x7f,0x00,0x00,0x7f,0x00,0x00,0x7f,0x00,0x00,0x7f,0x00,
    0x00,0x7f,0x00,0x00,0x2c,0x00,0x00,0x82,0xeb,0x62,0x79,0xd6,0x5c,0x79,0xd6,0x82,
    0xc6,0x39,0x00,0x00,0x18,0x00,0x00,0x82,0x24,0x21,0x79,0xd6,0x48,0x79,0xd6,0x95,
    0x38,0xce,0x81,0x10,0x00,0x00,0x00,0x00,0x00,0x00,0x00,0x00,0x00,0x00,0x00,0x00,
    0x00,0x00,0x00,0x00,0x00,0x00,0x00,0x00,0x00,0x00,0x00,0x00,0x00,0x00,0x00,0x00,
    0x00,0x00,0x00,0x00,0x00,0x00,0xe3,0x18,0x79,0xd6,0x24,0x79,0xd6,0x82,0xf7,0xc5,
    0x00,0x00,0x59,0x00,0x00,0x82,0xe3,0x18,0x00,0x00,0x7f,0x00,0x00,0x7f,0x00,0x00,
    0x7f,0x00,0x00,0x7f,0x00,0x00,0x7f,0x00,0x00,0x2d,0x00,0x00,0x82,0x10,0x84,0x79,
    0xd6,0x5b,0x79,0xd6,0x82,0x17,0xc6,0x00,0x00,0x19,0x00,0x00,0x82,0x13,0xa5,0x79,
    0xd6,0x47,0x79,0xd6,0x82,0xd6,0xbd,0x00,0x00,0x12,0x00,0x00,0x82,0x17,0xc6,0x79,
    0xd6,0x23,0x79,0xd6,0x82,0x2c,0x6b,0x00,0x00,0x7f,0x00,0x00,0x7f,0x00,0x00,0x7f,
    0x00,0x00,0x7f,0x00,0x00,0x7f,0x00,0x00,0x7f,0x00,0x00,0x8c,0x00,0x00,0x00,0x00,
    0x00,0x00,0x00,0x00,0x00,0x00,0x00,0x00,0x00,0x00,0x00,0x00,0x00,0x00,0x00,0x00,
    0x91,0x94,0x79,0xd6,0x5b,0x79,0xd6,0x82,0x2c,0x63,0x00,0x00,0x19,0x00,0x00,0x82,
    0x58,0xce,0x79,0xd6,0x46,0x79,0xd6,0x82,0x91,0x94,0x00,0x00,0x12,0x00,0x00,0x82,
    0x71,0x94,0x79,0xd6,0x22,0x79,0xd6,0x83,0xf6,0xbd,0xa2,0x10,0x00,0x00,0x7f,0x00,
    0x00,0x7f,0x00,0x00,0x7f,0x00,0x00,0x7f,0x00,0x00,0x7f,0x00,0x00,0x7f,0x00,0x00,
    0x8d,0x00,0x00,0x00,0x00,0x00,0x00,0x00,0x00,0x00,0x00,0x00,0x00,0x00,0x00,0x00,
    0x00,0x00,0x00,0x00,0x00,0x00,0x00,0x13,0xa5,0x79,0xd6,0x5b,0x79,0xd6,0x1a,0x00,
    0x00,0x82,0x04,0x21,0x79,0xd6,0x46,0x79,0xd6,0x82,0xae,0x7b,0x00,0x00,0x12,0x00,
    0x00,0x82,0x20,0x00,0x79,0xd6,0x22,0x79,0xd6,0x83,0x34,0xad,0x20,0x00,0x00,0x00,
    0x7f,0x00,0x00,0x7f,0x00,0x00,0x7f,0x00,0x00,0x7f,0x00,0x00,0x7f,0x00,0x00,0x7f,
    0x00,0x00,0x8e,0x00,0x00,0x00,0x00,0x00,0x00,0x00,0x00,0x00,0x00,0x00,0x00,0x00,
    0x00,0x00,0x00,0x00,0x00,0x00,0x00,0x00,0x00,0x00,0x00,0x54,0xad,0x79,0xd6,0x5a,
    0x79,0xd6,0x82,0xb6,0xbd,0x00,0x00,0x19,0x00,0x00,0x82,0x13,0xa5,0x79,0xd6,0x45,
    0x79,0xd6,0x82,0x45,0x29,0x00,0x00,0x13,0x00,0x00,0x82,0xb6,0xbd,0x79,0xd6,0x20,
    0x79,0xd6,0x83,0x17,0xc6,0x8a,0x52,0x00,0x00,0x7f,0x00,0x00,0x7f,0x00,0x00,0x7f,
    0x00,0x00,0x7f,0x00,0x00,0x7f,0x00,0x00,0x7f,0x00,0x00,0x90,0x00,0x00,0x00,0x00,
    0x00,0x00,0x00,0x00,0x00,0x00,0x00,0x00,0x00,0x00,0x00,0x00,0x00,0x00,0x00,0x00,
    0x00,0x00,0x00,0x00,0x00,0x00,0x00,0x00,0x95,0xb5,0x79,0xd6,0x5a,0x79,0xd6,0x82,
    0x65,0x29,0x00,0x00,0x19,0x00,0x00,0x82,0x58,0xce,0x79,0xd6,0x43,0x79,0xd6,0x83,
    0x58,0xce,0x20,0x00,0x00,0x00,0x13,0x00,0x00,0x82,0xeb,0x5a,0x79,0xd6,0x20,0x79,
    0xd6,0x83,0x54,0xad,0x20,0x00,0x00,0x00,0x7f,0x00,0x00,0x7f,0x00,0x00,0x7f,0x00,
    0x00,0x7f,0x00,0x00,0x7f,0x00,0x00,0x7f,0x00,0x00,0x91,0x00,0x00,0x00,0x00,0x00,
    0x00,0x00,0x00,0x00,0x00,0x00,0x00,0x00,0x00,0x00,0x00,0x00,0x00,0x00,0x00,0x00,
    0x00,0x00,0x00,0x00,0x00,0x00,0x00,0x00,0x00,0x95,0xb5,0x79,0xd6,0x5a,0x79,0xd6,
    0x1a,0x00,0x00,0x82,0x49,0x4a,0x79,0xd6,0x43,0x79,0xd6,0x82,0x75,0xad,0x00,0x00,
    0x15,0x00,0x00,0x20,0x79,0xd6,0x83,0xf7,0xc5,0x89,0x52,0x00,0x00,0x7f,0x00,0x00,
    0x7f,0x00,0x00,0x7f,0x00,0x00,0x7f,0x00,0x00,0x7f,0x00,0x00,0x7f,0x00,0x00,0x11,
    0x00,0x00,0x82,0x95,0xb5,0x79,0xd6,0x59,0x79,0xd6,0x82,0x58,0xce,0x00,0x00,0x19,
    0x00,0x00,0x82,0x13,0xa5,0x79,0xd6,0x42,0x79,0xd6,0x83,0x13,0xa5,0x20,0x00,0x00,
    0x00,0x14,0x00,0x00,0x82,0x38,0xce,0x79,0xd6,0x1e,0x79,0xd6,0x83,0x34,0xad,0x82,
    0x10,0x00,0x00,0x7f,0x00,0x00,0x7f,0x00,0x00,0x7f,0x00,0x00,0x7f,0x00,0x00,0x7f,
    0x00,0x00,0x7f,0x00,0x00,0x12,0x00,0x00,0x82,0x95,0xb5,0x79,0xd6,0x59,0x79,0xd6,
    0x82,0xf7,0xc5,0x00,0x00,0x19,0x00,0x00,0x82,0x58,0xce,0x79,0xd6,0x41,0x79,0xd6,
    0x82,0x50,0x8c,0x00,0x00,0x15,0x00,0x00,0x82,0x4c,0x6b,0x79,0xd6,0x1d,0x79,0xd6,
    0x83,0x38,0xce,0x2c,0x63,0x00,0x00,0x7f,0x00,0x00,0x7f,0x00,0x00,0x7f,0x00,0x00,
    0x7f,0x00,0x00,0x7f,0x00,0x00,0x7f,0x00,0x00,0x14,0x00,0x00,0x82,0x95,0xb5,0x79,
    0xd6,0x59,0x79,0xd6,0x82,0x54,0xad,0x00,0x00,0x18,0x00,0x00,0x82,0x8a,0x52,0x79,
    0xd6,0x41,0x79,0xd6,0x82,0x49,0x4a,0x00,0x00,0x15,0x00,0x00,0x82,0x82,0x10,0x79,
    0xd6,0x1d,0x79,0xd6,0x83,0x34,0xad,0xc3,0x18,0x00,0x00,0x7f,0x00,0x00,0x7f,0x00,
    0x00,0x7f,0x00,0x00,0x7f,0x00,0x00,0x7f,0x00,0x00,0x7f,0x00,0x00,0x15,0x00,0x00,
    0x82,0x75,0xb5,0x79,0xd6,0x59,0x79,0xd6,0x82,0x54,0xad,0x00,0x00,0x18,0x00,0x00,
    0x82,0xd6,0xbd,0x79,0xd6,0x40,0x79,0xd6,0x82,0x28,0x42,0x00,0x00,0x16,0x00,0x00,
    0x1d,0x79,0xd6,0x83,0x17,0xc6,0x49,0x4a,0x00,0x00,0x7f,0x00,0x00,0x7f,0x00,0x00,
    0x7f,0x00,0x00,0x7f,0x00,0x00,0x7f,0x00,0x00,0x7f,0x00,0x00,0x17,0x00,0x00,0x82,
    0x75,0xb5,0x79,0xd6,0x59,0x79,0xd6,0x82,0x54,0xad,0x00,0x00,0x17,0x00,0x00,0x82,
    0xe3,0x20,0x79,0xd6,0x3f,0x79,0xd6,0x83,0x58,0xce,0x45,0x29,0x00,0x00,0x16,0x00,
    0x00,0x82,0xf7,0xc5,0x79,0xd6,0x1a,0x79,0xd6,0x83,0x58,0xce,0xae,0x73,0x00,0x00,
    0x7f,0x00,0x00,0x7f,0x00,0x00,0x7f,0x00,0x00,0x7f,0x00,0x00,0x7f,0x00,0x00,0x7f,
    0x00,0x00,0x19,0x00,0x00,0x82,0x75,0xad,0x79,0xd6,0x59,0x79,0xd6,0x82,0x54,0xad,
    0x00,0x00,0x17,0x00,0x00,0x82,0x34,0xad,0x79,0xd6,0x3e,0x79,0xd6,0x83,0x38,0xce,
    0xa2,0x10,0x00,0x00,0x16,0x00,0x00,0x82,0x71,0x8c,0x79,0xd6,0x19,0x79,0xd6,0x84,
    0x58,0xce,0x91,0x94,0x61,0x08,0x00,0x00,0x7f,0x00,0x00,0x7f,0x00,0x00,0x7f,0x00,
    0x00,0x7f,0x00,0x00,0x7f,0x00,0x00,0x7f,0x00,0x00,0x1a,0x00,0x00,0x82,0x13,0xa5,
    0x79,0xd6,0x59,0x79,0xd6,0x82,0x38,0xce,0x00,0x00,0x16,0x00,0x00,0x82,0xa2,0x10,
    0x79,0xd6,0x3e,0x79,0xd6,0x82,0x58,0xce,0x00,0x00,0x17,0x00,0x00,0x82,0xe7,0x39,
    0x79,0xd6,0x19,0x79,0xd6,0x83,0x54,0xad,0x45,0x29,0x00,0x00,0x7f,0x00,0x00,0x7f,
    0x00,0x00,0x7f,0x00,0x00,0x7f,0x00,0x00,0x7f,0x00,0x00,0x7f,0x00,0x00,0x1c,0x00,
    0x00,0x82,0x13,0xa5,0x79,0xd6,0x59,0x79,0xd6,0x83,0x58,0xce,0x20,0x00,0x00,0x00,
    0x15,0x00,0x00,0x82,0x54,0xad,0x79,0xd6,0x3d,0x79,0xd6,0x83,0x17,0xc6,0x20,0x00,
    0x00,0x00,0x16,0x00,0x00,0x82,0xa2,0x10,0x79,0xd6,0x18,0x79,0xd6,0x83,0x13,0xa5,
    0xa6,0x31,0x00,0x00,0x7f,0x00,0x00,0x7f,0x00,0x00,0x7f,0x00,0x00,0x7f,0x00,0x00,
    0x7f,0x00,0x00,0x7f,0x00,0x00,0x1e,0x00,0x00,0x82,0x13,0xa5,0x79,0xd6,0x5a,0x79,
    0xd6,0x82,0x49,0x4a,0x00,0x00,0x14,0x00,0x00,0x82,0x20,0x00,0x79,0xd6,0x3d,0x79,
    0xd6,0x82,0xf7,0xc5,0x00,0x00,0x18,0x00,0x00,0x82,0x58,0xce,0x79,0xd6,0x16,0x79,
    0xd6,0x83,0xf7,0xc5,0xc6,0x39,0x00,0x00,0x7f,0x00,0x00,0x7f,0x00,0x00,0x7f,0x00,
    0x00,0x7f,0x00,0x00,0x7f,0x00,0x00,0x7f,0x00,0x00,0x20,0x00,0x00,0x82,0x13,0xa5,
    0x79,0xd6,0x5a,0x79,0xd6,0x82,0xb6,0xb5,0x00,0x00,0x14,0x00,0x00,0x82,0x58,0xce,
    0x79,0xd6,0x3c,0x79,0xd6,0x82,0xf6,0xbd,0x00,0x00,0x18,0x00,0x00,0x82,0x17,0xc6,
    0x79,0xd6,0x15,0x79,0xd6,0x83,0x95,0xb5,0x85,0x31,0x00,0x00,0x7f,0x00,0x00,0x7f,
    0x00,0x00,0x7f,0x00,0x00,0x7f,0x00,0x00,0x7f,0x00,0x00,0x7f,0x00,0x00,0x22,0x00,
    0x00,0x82,0x91,0x94,0x79,0xd6,0x5b,0x79,0xd6,0x82,0xa2,0x10,0x00,0x00,0x12,0x00,
    0x00,0x82,0x54,0xad,0x79,0xd6,0x3c,0x79,0xd6,0x82,0x95,0xb5,0x00,0x00,0x18,0x00,
    0x00,0x82,0xb6,0xb5,0x79,0xd6,0x14,0x79,0xd6,0x83,0xf6,0xbd,0xc7,0x39,0x00,0x00,
    0x7f,0x00,0x00,0x7f,0x00,0x00,0x7f,0x00,0x00,0x7f,0x00,0x00,0x7f,0x00,0x00,0x7f,
    0x00,0x00,0x24,0x00,0x00,0x82,0x30,0x8c,0x79,0xd6,0x5b,0x79,0xd6,0x82,0xb6,0xb5,
    0x00,0x00,0x11,0x00,0x00,0x82,0x10,0x84,0x79,0xd6,0x3c,0x79,0xd6,0x82,0xb6,0xbd,
    0x00,0x00,0x18,0x00,0x00,0x82,0x13,0xa5,0x79,0xd6,0x13,0x79,0xd6,0x83,0x75,0xad,
    0xe3,0x18,0x00,0x00,0x7f,0x00,0x00,0x7f,0x00,0x00,0x7f,0x00,0x00,0x7f,0x00,0x00,
    0x7f,0x00,0x00,0x7f,0x00,0x00,0x26,0x00,0x00,0x82,0x8e,0x73,0x79,0xd6,0x5c,0x79,
    0xd6,0x93,0xeb,0x62,0x00,0x00,0x00,0x00,0x00,0x00,0x00,0x00,0x00,0x00,0x00,0x00,
    0x00,0x00,0x00,0x00,0x00,0x00,0x00,0x00,0x00,0x00,0x00,0x00,0x00,0x00,0x00,0x00,
    0x00,0x00,0x00,0x00,0x10,0x84,0x79,0xd6,0x3c,0x79,0xd6,0x82,0x13,0xa5,0x00,0x00,
    0x18,0x00,0x00,0x82,0xce,0x7b,0x79,0xd6,0x11,0x79,0xd6,0x84,0x58,0xce,0x13,0xa5,
    0x81,0x10,0x00,0x00,0x7f,0x00,0x00,0x7f,0x00,0x00,0x7f,0x00,0x00,0x7f,0x00,0x00,
    0x7f,0x00,0x00,0x7f,0x00,0x00,0x28,0x00,0x00,0x82,0x2c,0x6b,0x79,0xd6,0x5d,0x79,
    0xd6,0x91,0x8a,0x52,0x00,0x00,0x00,0x00,0x00,0x00,0x00,0x00,0x00,0x00,0x00,0x00,
    0x00,0x00,0x00,0x00,0x00,0x00,0x00,0x00,0x00,0x00,0x00,0x00,0x00,0x00,0x82,0x10,
    0x95,0xb5,0x79,0xd6,0x3c,0x79,0xd6,0x82,0x13,0xa5,0x00,0x00,0x18,0x00,0x00,0x96,
    0xaa,0x5a,0x79,0xd6,0x79,0xd6,0x79,0xd6,0x79,0xd6,0x79,0xd6,0x79,0xd6,0x79,0xd6,
    0x79,0xd6,0x79,0xd6,0x79,0xd6,0x79,0xd6,0x79,0xd6,0x79,0xd6,0x79,0xd6,0x79,0xd6,
    0x79,0xd6,0x79,0xd6,0x38,0xce,0xae,0x73,0x20,0x00,0x00,0x00,0x7f,0x00,0x00,0x7f,
    0x00,0x00,0x7f,0x00,0x00,0x7f,0x00,0x00,0x7f,0x00,0x00,0x7f,0x00,0x00,0x2a,0x00,
    0x00,0x82,0x07,0x42,0x79,0xd6,0x5e,0x79,0xd6,0x8f,0xd2,0x9c,0x00,0x00,0x00,0x00,
    0x00,0x00,0x00,0x00,0x00,0x00,0x00,0x00,0x00,0x00,0x00,0x00,0x00,0x00,0x00,0x00,
    0x00,0x00,0x2c,0x63,0x58,0xce,0x79,0xd6,0x3c,0x79,0xd6,0x82,0x13,0xa5,0x00,0x00,
    0x18,0x00,0x00,0x94,0x08,0x42,0x79,0xd6,0x79,0xd6,0x79,0xd6,0x79,0xd6,0x79,0xd6,
    0x79,0xd6,0x79,0xd6,0x79,0xd6,0x79,0xd6,0x79,0xd6,0x79,0xd6,0x79,0xd6,0x79,0xd6,
    0x79,0xd6,0x79,0xd6,0x79,0xd6,0x54,0xad,0xa6,0x31,0x00,0x00,0x7f,0x00,0x00,0x7f,
    0x00,0x00,0x7f,0x00,0x00,0x7f,0x00,0x00,0x7f,0x00,0x00,0x7f,0x00,0x00,0x2d,0x00,
    0x00,0x82,0x85,0x31,0x79,0xd6,0x5f,0x79,0xd6,0x8c,0x58,0xce,0xce,0x7b,0x20,0x00,
    0x00,0x00,0x00,0x00,0x00,0x00,0x00,0x00,0x00,0x00,0x81,0x10,0x8d,0x73,0x38,0xce,
    0x79,0xd6,0x3d,0x79,0xd6,0x82,0xd2,0x9c,0x00,0x00,0x18,0x00,0x00,0x93,0xaa,0x5a,
    0x79,0xd6,0x79,0xd6,0x79,0xd6,0x79,0xd6,0x79,0xd6,0x79,0xd6,0x79,0xd6,0x79,0xd6,
    0x79,0xd6,0x79,0xd6,0x79,0xd6,0x79,0xd6,0x79,0xd6,0x79,0xd6,0x17,0xc6,0x2c,0x6b,
    0x61,0x08,0x00,0x00,0x7f,0x00,0x00,0x7f,0x00,0x00,0x7f,0x00,0x00,0x7f,0x00,0x00,
    0x7f,0x00,0x00,0x7f,0x00,0x00,0x2f,0x00,0x00,0x82,0xe3,0x18,0x79,0xd6,0x1a,0x79,
    0xd6,0x82,0xd6,0xbd,0x79,0xd6,0x46,0x79,0xd6,0x86,0x38,0xce,0xb6,0xbd,0x95,0xb5,
    0xf7,0xc5,0x58,0xce,0x79,0xd6,0x3f,0x79,0xd6,0x82,0x50,0x8c,0x00,0x00,0x18,0x00,
    0x00,0x96,0x6d,0x73,0x79,0xd6,0x79,0xd6,0x79,0xd6,0x79,0xd6,0x79,0xd6,0x79,0xd6,
    0x79,0xd6,0x79,0xd6,0x79,0xd6,0x79,0xd6,0x79,0xd6,0x79,0xd6,0x38,0xce,0x91,0x94,
    0xa2,0x10,0x00,0x00,0x00,0x00,0x00,0x00,0x00,0x00,0x20,0x00,0x00,0x00,0x7f,0x00,
    0x00,0x7f,0x00,0x00,0x7f,0x00,0x00,0x7f,0x00,0x00,0x7f,0x00,0x00,0x7f,0x00,0x00,
    0x2d,0x00,0x00,0x82,0x82,0x10,0x79,0xd6,0x19,0x79,0xd6,0x83,0x13,0xa5,0x71,0x94,
    0x79,0xd6,0x7f,0x79,0xd6,0x8d,0x79,0xd6,0x79,0xd6,0x79,0xd6,0x79,0xd6,0x79,0xd6,
    0x79,0xd6,0x79,0xd6,0x79,0xd6,0x79,0xd6,0x79,0xd6,0x79,0xd6,0x50,0x8c,0x00,0x00,
    0x18,0x00,0x00,0x8f,0x2c,0x63,0x79,0xd6,0x79,0xd6,0x79,0xd6,0x79,0xd6,0x79,0xd6,
    0x79,0xd6,0x79,0xd6,0x79,0xd6,0x79,0xd6,0x79,0xd6,0x58,0xce,0x13,0xa5,0x24,0x21,
    0x00,0x00,0x7f,0x00,0x00,0x7f,0x00,0x00,0x7f,0x00,0x00,0x7f,0x00,0x00,0x7f,0x00,
    0x00,0x7f,0x00,0x00,0x35,0x00,0x00,0x83,0x20,0x00,0x58,0xce,0x79,0xd6,0x17,0x79,
    0xd6,0x84,0x58,0xce,0x20,0x00,0xb2,0x94,0x79,0xd6,0x7f,0x79,0xd6,0x8c,0x79,0xd6,
    0x79,0xd6,0x79,0xd6,0x79,0xd6,0x79,0xd6,0x79,0xd6,0x79,0xd6,0x79,0xd6,0x79,0xd6,
    0x79,0xd6,0x91,0x94,0x00,0x00,0x18,0x00,0x00,0x8d,0x4c,0x6b,0x79,0xd6,0x79,0xd6,
    0x79,0xd6,0x79,0xd6,0x79,0xd6,0x79,0xd6,0x79,0xd6,0x79,0xd6,0x58,0xce,0xf3,0x9c,
    0x65,0x29,0x00,0x00,0x7f,0x00,0x00,0x7f,0x00,0x00,0x7f,0x00,0x00,0x7f,0x00,0x00,
    0x7f,0x00,0x00,0x7f,0x00,0x00,0x39,0x00,0x00,0x82,0x58,0xce,0x79,0xd6,0x17,0x79,
    0xd6,0x84,0x8d,0x73,0x00,0x00,0x13,0xa5,0x79,0xd6,0x7f,0x79,0xd6,0x8b,0x79,0xd6,
    0x79,0xd6,0x79,0xd6,0x79,0xd6,0x79,0xd6,0x79,0xd6,0x79,0xd6,0x79,0xd6,0x79,0xd6,
    0x0b,0x63,0x00,0x00,0x18,0x00,0x00,0x8b,0x71,0x94,0x79,0xd6,0x79,0xd6,0x79,0xd6,
    0x79,0xd6,0x79,0xd6,0x79,0xd6,0xd6,0xbd,0x0b,0x63,0x20,0x00,0x00,0x00,0x7f,0x00,
    0x00,0x7f,0x00,0x00,0x7f,0x00,0x00,0x7f,0x00,0x00,0x7f,0x00,0x00,0x7f,0x00,0x00,
    0x3c,0x00,0x00,0x82,0x17,0xc6,0x79,0xd6,0x16,0x79,0xd6,0x85,0x38,0xce,0x00,0x00,
    0x00,0x00,0x13,0xa5,0x79,0xd6,0x7f,0x79,0xd6,0x8a,0x79,0xd6,0x79,0xd6,0x79,0xd6,
    0x79,0xd6,0x79,0xd6,0x79,0xd6,0x79,0xd6,0x79,0xd6,0x49,0x4a,0x00,0x00,0x18,0x00,
    0x00,0x88,0x54,0xad,0x79,0xd6,0x79,0xd6,0x79,0xd6,0x58,0xce,0xf3,0x9c,0x85,0x31,
    0x00,0x00,0x7f,0x00,0x00,0x7f,0x00,0x00,0x7f,0x00,0x00,0x7f,0x00,0x00,0x7f,0x00,
    0x00,0x7f,0x00,0x00,0x40,0x00,0x00,0x82,0xb6,0xb5,0x79,0xd6,0x16,0x79,0xd6,0x85,
    0x69,0x4a,0x00,0x00,0x00,0x00,0xb2,0x94,0x79,0xd6,0x7f,0x79,0xd6,0x89,0x79,0xd6,
    0x79,0xd6,0x79,0xd6,0x79,0xd6,0x79,0xd6,0x79,0xd6,0x79,0xd6,0x0b,0x63,0x00,0x00,
    0x18,0x00,0x00,0x85,0xb2,0x94,0x79,0xd6,0x95,0xb5,0xeb,0x62,0x00,0x00,0x7f,0x00,
    0x00,0x7f,0x00,0x00,0x7f,0x00,0x00,0x7f,0x00,0x00,0x7f,0x00,0x00,0x7f,0x00,0x00,
    0x44,0x00,0x00,0x82,0x50,0x8c,0x79,0xd6,0x15,0x79,0xd6,0x86,0xf7,0xc5,0x00,0x00,
    0x00,0x00,0x00,0x00,0x0f,0x84,0x79,0xd6,0x7f,0x79,0xd6,0x88,0x79,0xd6,0x79,0xd6,
    0x79,0xd6,0x79,0xd6,0x79,0xd6,0x79,0xd6,0x4c,0x6b,0x00,0x00,0x19,0x00,0x00,0x82,
    0xa2,0x10,0x00,0x00,0x7f,0x00,0x00,0x7f,0x00,0x00,0x7f,0x00,0x00,0x7f,0x00,0x00,
    0x7f,0x00,0x00,0x7f,0x00,0x00,0x47,0x00,0x00,0x82,0xeb,0x5a,0x79,0xd6,0x15,0x79,
    0xd6,0x86,0xa6,0x31,0x00,0x00,0x00,0x00,0x00,0x00,0xce,0x7b,0x79,0xd6,0x7f,0x79,
    0xd6,0x87,0x79,0xd6,0x79,0xd6,0x79,0xd6,0x79,0xd6,0x79,0xd6,0xeb,0x5a,0x00,0x00,
    0x7f,0x00,0x00,0x7f,0x00,0x00,0x7f,0x00,0x00,0x7f,0x00,0x00,0x7f,0x00,0x00,0x7f,
    0x00,0x00,0x63,0x00,0x00,0x82,0x24,0x21,0x79,0xd6,0x14,0x79,0xd6,0x87,0xd6,0xbd,
    0x00,0x00,0x00,0x00,0x00,0x00,0x00,0x00,0x8d,0x73,0x79,0xd6,0x7f,0x79,0xd6,0x86,
    0x79,0xd6,0x79,0xd6,0x79,0xd6,0x79,0xd6,0x0b,0x63,0x00,0x00,0x7f,0x00,0x00,0x7f,
    0x00,0x00,0x7f,0x00,0x00,0x7f,0x00,0x00,0x7f,0x00,0x00,0x7f,0x00,0x00,0x64,0x00,
    0x00,0x82,0x81,0x10,0x79,0xd6,0x14,0x79,0xd6,0x87,0x65,0x29,0x00,0x00,0x00,0x00,
    0x00,0x00,0x00,0x00,0x0b,0x63,0x79,0xd6,0x7f,0x79,0xd6,0x85,0x79,0xd6,0x79,0xd6,
    0x79,0xd6,0xc7,0x39,0x00,0x00,0x7f,0x00,0x00,0x7f,0x00,0x00,0x7f,0x00,0x00,0x7f,
    0x00,0x00,0x7f,0x00,0x00,0x7f,0x00,0x00,0x66,0x00,0x00,0x82,0x38,0xce,0x79,0xd6,
    0x12,0x79,0xd6,0x88,0xf7,0xc5,0x00,0x00,0x00,0x00,0x00,0x00,0x00,0x00,0x00,0x00,
    0x69,0x4a,0x79,0xd6,0x7f,0x79,0xd6,0x84,0x79,0xd6,0x79,0xd6,0x69,0x4a,0x00,0x00,
    0x7f,0x00,0x00,0x7f,0x00,0x00,0x7f,0x00,0x00,0x7f,0x00,0x00,0x7f,0x00,0x00,0x7f,
    0x00,0x00,0x67,0x00,0x00,0x82,0x75,0xb5,0x79,0xd6,0x12,0x79,0xd6,0x88,0x28,0x42,
    0x00,0x00,0x00,0x00,0x00,0x00,0x00,0x00,0x00,0x00,0x08,0x42,0x79,0xd6,0x7f,0x79,
    0xd6,0x83,0x79,0xd6,0x8a,0x52,0x00,0x00,0x7f,0x00,0x00,0x7f,0x00,0x00,0x7f,0x00,
    0x00,0x7f,0x00,0x00,0x7f,0x00,0x00,0x7f,0x00,0x00,0x68,0x00,0x00,0x82,0xce,0x7b,
    0x79,0xd6,0x11,0x79,0xd6,0x89,0x58,0xce,0x00,0x00,0x00,0x00,0x00,0x00,0x00,0x00,
    0x00,0x00,0x00,0x00,0x86,0x31,0x79,0xd6,0x7f,0x79,0xd6,0x82,0x8e,0x73,0x00,0x00,
    0x7f,0x00,0x00,0x7f,0x00,0x00,0x7f,0x00,0x00,0x7f,0x00,0x00,0x7f,0x00,0x00,0x7f,
    0x00,0x00,0x69,0x00,0x00,0x82,0x85,0x31,0x79,0xd6,0x11,0x79,0xd6,0x89,0xae,0x7b,
    0x00,0x00,0x00,0x00,0x00,0x00,0x00,0x00,0x00,0x00,0x00,0x00,0x24,0x21,0x79,0xd6,
    0x7e,0x79,0xd6,0x82,0xf3,0xa4,0x00,0x00,0x7f,0x00,0x00,0x7f,0x00,0x00,0x7f,0x00,
    0x00,0x7f,0x00,0x00,0x7f,0x00,0x00,0x7f,0x00,0x00,0x6b,0x00,0x00,0x11,0x79,0xd6,
    0x8b,0x58,0xce,0x20,0x00,0x00,0x00,0x00,0x00,0x00,0x00,0x00,0x00,0x00,0x00,0x00,
    0x00,0xa2,0x10,0x58,0xce,0x79,0xd6,0x7c,0x79,0xd6,0x82,0x75,0xb5,0x00,0x00,0x7f,
    0x00,0x00,0x7f,0x00,0x00,0x7f,0x00,0x00,0x7f,0x00,0x00,0x7f,0x00,0x00,0x7f,0x00,
    0x00,0x6c,0x00,0x00,0x9c,0x17,0xc6,0x79,0xd6,0x79,0xd6,0x79,0xd6,0x79,0xd6,0x79,
    0xd6,0x79,0xd6,0x79,0xd6,0x79,0xd6,0x79,0xd6,0x79,0xd6,0x79,0xd6,0x79,0xd6,0x79,
    0xd6,0x79,0xd6,0x79,0xd6,0x79,0xd6,0x34,0xad,0x00,0x00,0x00,0x00,0x00,0x00,0x00,
    0x00,0x00,0x00,0x00,0x00,0x00,0x00,0x61,0x08,0x58,0xce,0x79,0xd6,0x7b,0x79,0xd6,
    0x83,0x75,0xad,0x20,0x00,0x00,0x00,0x7f,0x00,0x00,0x7f,0x00,0x00,0x7f,0x00,0x00,
    0x7f,0x00,0x00,0x7f,0x00,0x00,0x7f,0x00,0x00,0x6c,0x00,0x00,0x9c,0xf3,0x9c,0x79,
    0xd6,0x79,0xd6,0x79,0xd6,0x79,0xd6,0x79,0xd6,0x79,0xd6,0x79,0xd6,0x79,0xd6,0x79,
    0xd6,0x79,0xd6,0x79,0xd6,0x79,0xd6,0x79,0xd6,0x79,0xd6,0x79,0xd6,0x79,0xd6,0x04,
    0x21,0x00,0x00,0x00,0x00,0x00,0x00,0x00,0x00,0x00,0x00,0x00,0x00,0x00,0x00,0x00,
    0x00,0x17,0xc6,0x79,0xd6,0x7a,0x79,0xd6,0x82,0x13,0xa5,0x00,0x00,0x7f,0x00,0x00,
    0x7f,0x00,0x00,0x7f,0x00,0x00,0x7f,0x00,0x00,0x7f,0x00,0x00,0x7f,0x00,0x00,0x6e,
    0x00,0x00,0x9c,0x08,0x42,0x79,0xd6,0x79,0xd6,0x79,0xd6,0x79,0xd6,0x79,0xd6,0x79,
    0xd6,0x79,0xd6,0x79,0xd6,0x79,0xd6,0x79,0xd6,0x79,0xd6,0x79,0xd6,0x79,0xd6,0x79,
    0xd6,0x79,0xd6,0x17,0xc6,0x00,0x00,0x00,0x00,0x00,0x00,0x00,0x00,0x00,0x00,0x00,
    0x00,0x00,0x00,0x00,0x00,0x00,0x00,0xf7,0xc5,0x79,0xd6,0x79,0x79,0xd6,0x82,0x95,
    0xb5,0x00,0x00,0x7f,0x00,0x00,0x7f,0x00,0x00,0x7f,0x00,0x00,0x7f,0x00,0x00,0x7f,
    0x00,0x00,0x7f,0x00,0x00,0x6f,0x00,0x00,0x9c,0x20,0x00,0x79,0xd6,0x79,0xd6,0x79,
    0xd6,0x79,0xd6,0x79,0xd6,0x79,0xd6,0x79,0xd6,0x79,0xd6,0x79,0xd6,0x79,0xd6,0x79,
    0xd6,0x79,0xd6,0x79,0xd6,0x79,0xd6,0x79,0xd6,0xc6,0x39,0x00,0x00,0x00,0x00,0x00,
    0x00,0x00,0x00,0x00,0x00,0x00,0x00,0x00,0x00,0x00,0x00,0x00,0x00,0x75,0xad,0x79,
    0xd6,0x78,0x79,0xd6,0x82,0x17,0xc6,0x00,0x00,0x7f,0x00,0x00,0x7f,0x00,0x00,0x7f,
    0x00,0x00,0x7f,0x00,0x00,0x7f,0x00,0x00,0x7f,0x00,0x00,0x71,0x00,0x00,0x9b,0x58,
    0xce,0x79,0xd6,0x79,0xd6,0x79,0xd6,0x79,0xd6,0x79,0xd6,0x79,0xd6,0x79,0xd6,0x79,
    0xd6,0x79,0xd6,0x79,0xd6,0x79,0xd6,0x79,0xd6,0x79,0xd6,0x58,0xce,0x00,0x00,0x00,
    0x00,0x00,0x00,0x00,0x00,0x00,0x00,0x00,0x00,0x00,0x00,0x00,0x00,0x00,0x00,0x00,
    0x00,0x91,0x94,0x79,0xd6,0x77,0x79,0xd6,0x83,0x58,0xce,0xc3,0x18,0x00,0x00,0x7f,
    0x00,0x00,0x7f,0x00,0x00,0x7f,0x00,0x00,0x7f,0x00,0x00,0x7f,0x00,0x00,0x7f,0x00,
    0x00,0x71,0x00,0x00,0x9b,0x13,0xa5,0x79,0xd6,0x79,0xd6,0x79,0xd6,0x79,0xd6,0x79,
    0xd6,0x79,0xd6,0x79,0xd6,0x79,0xd6,0x79,0xd6,0x79,0xd6,0x79,0xd6,0x79,0xd6,0x79,
    0xd6,0x0f,0x84,0x00,0x00,0x00,0x00,0x00,0x00,0x00,0x00,0x00,0x00,0x00,0x00,0x00,
    0x00,0x00,0x00,0x00,0x00,0x00,0x00,0x2c,0x63,0x79,0xd6,0x76,0x79,0xd6,0x83,0x58,
    0xce,0xc7,0x39,0x00,0x00,0x7f,0x00,0x00,0x7f,0x00,0x00,0x7f,0x00,0x00,0x7f,0x00,
    0x00,0x7f,0x00,0x00,0x7f,0x00,0x00,0x72,0x00,0x00,0x9b,0x28,0x42,0x79,0xd6,0x79,
    0xd6,0x79,0xd6,0x79,0xd6,0x79,0xd6,0x79,0xd6,0x79,0xd6,0x79,0xd6,0x79,0xd6,0x79,
    0xd6,0x79,0xd6,0x79,0xd6,0x79,0xd6,0xe3,0x18,0x00,0x00,0x00,0x00,0x00,0x00,0x00,
    0x00,0x00,0x00,0x00,0x00,0x00,0x00,0x00,0x00,0x00,0x00,0x00,0x00,0xe7,0x39,0x79,
    0xd6,0x76,0x79,0xd6,0x82,0xcb,0x5a,0x00,0x00,0x7f,0x00,0x00,0x7f,0x00,0x00,0x7f,
    0x00,0x00,0x7f,0x00,0x00,0x7f,0x00,0x00,0x7f,0x00,0x00,0x74,0x00,0x00,0x9a,0x58,
    0xce,0x79,0xd6,0x79,0xd6,0x79,0xd6,0x79,0xd6,0x79,0xd6,0x79,0xd6,0x79,0xd6,0x79,
    0xd6,0x79,0xd6,0x79,0xd6,0x79,0xd6,0x13,0xa5,0x00,0x00,0x00,0x00,0x00,0x00,0x00,
    0x00,0x00,0x00,0x00,0x00,0x00,0x00,0x00,0x00,0x00,0x00,0x00,0x00,0x00,0x00,0xa2,
    0x10,0x79,0xd6,0x75,0x79,0xd6,0x82,0x4c,0x6b,0x00,0x00,0x7f,0x00,0x00,0x7f,0x00,
    0x00,0x7f,0x00,0x00,0x7f,0x00,0x00,0x7f,0x00,0x00,0x7f,0x00,0x00,0x75,0x00,0x00,
    0x9a,0x95,0xb5,0x79,0xd6,0x79,0xd6,0x79,0xd6,0x79,0xd6,0x79,0xd6,0x79,0xd6,0x79,
    0xd6,0x79,0xd6,0x79,0xd6,0x79,0xd6,0x79,0xd6,0x65,0x29,0x00,0x00,0x00,0x00,0x00,
    0x00,0x00,0x00,0x00,0x00,0x00,0x00,0x00,0x00,0x00,0x00,0x00,0x00,0x00,0x00,0x00,
    0x00,0x20,0x00,0x79,0xd6,0x74,0x79,0xd6,0x82,0x50,0x8c,0x00,0x00,0x7f,0x00,0x00,
    0x7f,0x00,0x00,0x7f,0x00,0x00,0x7f,0x00,0x00,0x7f,0x00,0x00,0x7f,0x00,0x00,0x76,
    0x00,0x00,0x9b,0xa6,0x31,0x79,0xd6,0x79,0xd6,0x79,0xd6,0x79,0xd6,0x79,0xd6,0x79,
    0xd6,0x79,0xd6,0x79,0xd6,0x79,0xd6,0x79,0xd6,0x17,0xc6,0x00,0x00,0x00,0x00,0x00,
    0x00,0x00,0x00,0x00,0x00,0x00,0x00,0x00,0x00,0x00,0x00,0x00,0x00,0x00,0x00,0x00,
    0x00,0x00,0x00,0x00,0x00,0x58,0xce,0x79,0xd6,0x72,0x79,0xd6,0x82,0x38,0xce,0x00,
    0x00,0x7f,0x00,0x00,0x7f,0x00,0x00,0x7f,0x00,0x00,0x7f,0x00,0x00,0x7f,0x00,0x00,
    0x7f,0x00,0x00,0x78,0x00,0x00,0x9a,0x79,0xd6,0x79,0xd6,0x79,0xd6,0x79,0xd6,0x79,
    0xd6,0x79,0xd6,0x79,0xd6,0x79,0xd6,0x79,0xd6,0x79,0xd6,0x4c,0x6b,0x00,0x00,0x00,
    0x00,0x00,0x00,0x00,0x00,0x00,0x00,0x00,0x00,0x00,0x00,0x00,0x00,0x00,0x00,0x00,
    0x00,0x00,0x00,0x00,0x00,0x00,0x00,0x17,0xc6,0x79,0xd6,0x71,0x79,0xd6,0x84,0xf6,
    0xbd,0x00,0x00,0x20,0x00,0x00,0x00,0x7f,0x00,0x00,0x7f,0x00,0x00,0x7f,0x00,0x00,
    0x7f,0x00,0x00,0x7f,0x00,0x00,0x7f,0x00,0x00,0x77,0x00,0x00,0x9a,0x13,0xa5,0x79,
    0xd6,0x79,0xd6,0x79,0xd6,0x79,0xd6,0x79,0xd6,0x79,0xd6,0x79,0xd6,0x79,0xd6,0x79,
    0xd6,0x61,0x08,0x00,0x00,0x00,0x00,0x00,0x00,0x00,0x00,0x00,0x00,0x00,0x00,0x00,
    0x00,0x00,0x00,0x00,0x00,0x00,0x00,0x00,0x00,0x00,0x00,0x00,0x00,0x75,0xb5,0x79,
    0xd6,0x70,0x79,0xd6,0x83,0x95,0xb5,0x28,0x42,0x00,0x00,0x7f,0x00,0x00,0x7f,0x00,
    0x00,0x7f,0x00,0x00,0x7f,0x00,0x00,0x7f,0x00,0x00,0x7f,0x00,0x00,0x79,0x00,0x00,
    0x9a,0x8a,0x52,0x79,0xd6,0x79,0xd6,0x79,0xd6,0x79,0xd6,0x79,0xd6,0x79,0xd6,0x79,
    0xd6,0x79,0xd6,0xb6,0xb5,0x00,0x00,0x00,0x00,0x00,0x00,0x00,0x00,0x00,0x00,0x00,
    0x00,0x00,0x00,0x00,0x00,0x00,0x00,0x00,0x00,0x00,0x00,0x00,0x00,0x00,0x00,0x00,
    0x00,0xf3,0x9c,0x79,0xd6,0x70,0x79,0xd6,0x82,0x0f,0x84,0x00,0x00,0x7f,0x00,0x00,
    0x7f,0x00,0x00,0x7f,0x00,0x00,0x7f,0x00,0x00,0x7f,0x00,0x00,0x7f,0x00,0x00,0x7b,
    0x00,0x00,0x99,0x79,0xd6,0x79,0xd6,0x79,0xd6,0x79,0xd6,0x79,0xd6,0x79,0xd6,0x79,
    0xd6,0x79,0xd6,0x8a,0x52,0x00,0x00,0x00,0x00,0x00,0x00,0x00,0x00,0x00,0x00,0x00,
    0x00,0x00,0x00,0x00,0x00,0x00,0x00,0x00,0x00,0x00,0x00,0x00,0x00,0x00,0x00,0x00,
    0x00,0xce,0x7b,0x79,0xd6,0x6f,0x79,0xd6,0x82,0x4c,0x6b,0x00,0x00,0x7f,0x00,0x00,
    0x7f,0x00,0x00,0x7f,0x00,0x00,0x7f,0x00,0x00,0x7f,0x00,0x00,0x7f,0x00,0x00,0x7c,
    0x00,0x00,0x99,0x54,0xad,0x79,0xd6,0x79,0xd6,0x79,0xd6,0x79,0xd6,0x79,0xd6,0x79,
    0xd6,0x58,0xce,0x41,0x08,0x00,0x00,0x00,0x00,0x00,0x00,0x00,0x00,0x00,0x00,0x00,
    0x00,0x00,0x00,0x00,0x00,0x00,0x00,0x00,0x00,0x00,0x00,0x00,0x00,0x00,0x00,0x00,
    0x00,0xaa,0x5a,0x79,0xd6,0x6e,0x79,0xd6,0x82,0xaa,0x5a,0x00,0x00,0x7f,0x00,0x00,
    0x7f,0x00,0x00,0x7f,0x00,0x00,0x7f,0x00,0x00,0x7f,0x00,0x00,0x7f,0x00,0x00,0x7d,
    0x00,0x00,0x99,0xe7,0x39,0x79,0xd6,0x79,0xd6,0x79,0xd6,0x79,0xd6,0x79,0xd6,0x79,
    0xd6,0x95,0xb5,0x00,0x00,0x00,0x00,0x00,0x00,0x00,0x00,0x00,0x00,0x00,0x00,0x00,
    0x00,0x00,0x00,0x00,0x00,0x00,0x00,0x00,0x00,0x00,0x00,0x00,0x00,0x00,0x00,0x00,
    0x00,0xa2,0x10,0x79,0xd6,0x6d,0x79,0xd6,0x83,0xf7,0xc5,0x41,0x08,0x00,0x00,0x7f,
    0x00,0x00,0x7f,0x00,0x00,0x7f,0x00,0x00,0x7f,0x00,0x00,0x7f,0x00,0x00,0x7f,0x00,
    0x00,0x7e,0x00,0x00,0x99,0x38,0xce,0x79,0xd6,0x79,0xd6,0x79,0xd6,0x79,0xd6,0x79,
    0xd6,0x07,0x42,0x00,0x00,0x00,0x00,0x00,0x00,0x00,0x00,0x00,0x00,0x00,0x00,0x00,
    0x00,0x00,0x00,0x00,0x00,0x00,0x00,0x00,0x00,0x00,0x00,0x00,0x00,0x00,0x00,0x00,
    0x00,0x41,0x08,0x58,0xce,0x79,0xd6,0x6b,0x79,0xd6,0x83,0xb6,0xb5,0x61,0x08,0x00,
    0x00,0x7f,0x00,0x00,0x7f,0x00,0x00,0x7f,0x00,0x00,0x7f,0x00,0x00,0x7f,0x00,0x00,
    0x7f,0x00,0x00,0x7f,0x00,0x00,0x99,0x30,0x8c,0x79,0xd6,0x79,0xd6,0x79,0xd6,0x79,
    0xd6,0x79,0xd6,0x20,0x00,0x00,0x00,0x00,0x00,0x00,0x00,0x00,0x00,0x00,0x00,0x00,
    0x00,0x00,0x00,0x00,0x00,0x00,0x00,0x00,0x00,0x00,0x00,0x00,0x00,0x00,0x00,0x00,
    0x00,0x00,0x00,0x00,0x00,0x17,0xc6,0x79,0xd6,0x6a,0x79,0xd6,0x83,0x58,0xce,0xe3,
    0x18,0x00,0x00,0x7f,0x00,0x00,0x7f,0x00,0x00,0x7f,0x00,0x00,0x7f,0x00,0x00,0x7f,
    0x00,0x00,0x7f,0x00,0x00,0x7f,0x00,0x00,0x9a,0x00,0x00,0xa2,0x10,0x79,0xd6,0x79,
    0xd6,0x79,0xd6,0x79,0xd6,0xf7,0xc5,0x00,0x00,0x00,0x00,0x00,0x00,0x00,0x00,0x00,
    0x00,0x00,0x00,0x00,0x00,0x00,0x00,0x00,0x00,0x00,0x00,0x00,0x00,0x00,0x00,0x00,
    0x00,0x00,0x00,0x00,0x00,0x00,0x00,0x00,0x00,0x95,0xb5,0x79,0xd6,0x6a,0x79,0xd6,
    0x82,0x0b,0x63,0x00,0x00,0x7f,0x00,0x00,0x7f,0x00,0x00,0x7f,0x00,0x00,0x7f,0x00,
    0x00,0x7f,0x00,0x00,0x7f,0x00,0x00,0x7f,0x00,0x00,0x9b,0x00,0x00,0x00,0x00,0x00,
    0x00,0x54,0xad,0x79,0xd6,0x79,0xd6,0x79,0xd6,0xd2,0x9c,0x00,0x00,0x00,0x00,0x00,
    0x00,0x00,0x00,0x00,0x00,0x00,0x00,0x00,0x00,0x00,0x00,0x00,0x00,0x00,0x00,0x00,
    0x00,0x00,0x00,0x00,0x00,0x00,0x00,0x00,0x00,0x00,0x00,0x00,0x00,0xef,0x83,0x79,
    0xd6,0x69,0x79,0xd6,0x82,0xb2,0x9c,0x00,0x00,0x7f,0x00,0x00,0x7f,0x00,0x00,0x7f,
    0x00,0x00,0x7f,0x00,0x00,0x7f,0x00,0x00,0x7f,0x00,0x00,0x7f,0x00,0x00,0x9c,0x00,
    0x00,0x00,0x00,0x00,0x00,0x00,0x00,0xe3,0x20,0x79,0xd6,0x79,0xd6,0x79,0xd6,0x0b,
    0x63,0x00,0x00,0x00,0x00,0x00,0x00,0x00,0x00,0x00,0x00,0x00,0x00,0x00,0x00,0x00,
    0x00,0x00,0x00,0x00,0x00,0x00,0x00,0x00,0x00,0x00,0x00,0x00,0x00,0x00,0x00,0x00,
    0x00,0x00,0x00,0x28,0x42,0x79,0xd6,0x68,0x79,0xd6,0x82,0x17,0xc6,0x00,0x00,0x7f,
    0x00,0x00,0x7f,0x00,0x00,0x7f,0x00,0x00,0x7f,0x00,0x00,0x7f,0x00,0x00,0x7f,0x00,
    0x00,0x7f,0x00,0x00,0x9d,0x00,0x00,0x00,0x00,0x00,0x00,0x00,0x00,0x00,0x00,0x00,
    0x00,0x95,0xb5,0x79,0xd6,0x79,0xd6,0xe3,0x20,0x00,0x00,0x00,0x00,0x00,0x00,0x00,
    0x00,0x00,0x00,0x00,0x00,0x00,0x00,0x00,0x00,0x00,0x00,0x00,0x00,0x00,0x00,0x00,
    0x00,0x00,0x00,0x00,0x00,0x00,0x00,0x00,0x00,0x00,0x00,0x41,0x08,0x79,0xd6,0x67,
    0x79,0xd6,0x83,0x58,0xce,0xe3,0x20,0x00,0x00,0x7f,0x00,0x00,0x7f,0x00,0x00,0x7f,
    0x00,0x00,0x7f,0x00,0x00,0x7f,0x00,0x00,0x7f,0x00,0x00,0x7f,0x00,0x00,0x9e,0x00,
    0x00,0x00,0x00,0x00,0x00,0x00,0x00,0x00,0x00,0x00,0x00,0x65,0x29,0x79,0xd6,0x58,
    0xce,0x41,0x08,0x00,0x00,0x00,0x00,0x00,0x00,0x00,0x00,0x00,0x00,0x00,0x00,0x00,
    0x00,0x00,0x00,0x00,0x00,0x00,0x00,0x00,0x00,0x00,0x00,0x00,0x00,0x00,0x00,0x00,
    0x00,0x00,0x00,0x00,0x00,0x41,0x08,0x58,0xce,0x79,0xd6,0x66,0x79,0xd6,0x82,0x49,
    0x4a,0x00,0x00,0x7f,0x00,0x00,0x7f,0x00,0x00,0x7f,0x00,0x00,0x7f,0x00,0x00,0x7f,
    0x00,0x00,0x7f,0x00,0x00,0x7f,0x00,0x00,0x8b,0x00,0x00,0x00,0x00,0x00,0x00,0x00,
    0x00,0x00,0x00,0x00,0x00,0x00,0x00,0x20,0x00,0x8d,0x73,0x34,0xa5,0x00,0x00,0x12,
    0x00,0x00,0x82,0xf6,0xbd,0x79,0xd6,0x65,0x79,0xd6,0x82,0xaa,0x5a,0x00,0x00,0x7f,
    0x00,0x00,0x7f,0x00,0x00,0x7f,0x00,0x00,0x7f,0x00,0x00,0x7f,0x00,0x00,0x7f,0x00,
    0x00,0x7f,0x00,0x00,0x8b,0x00,0x00,0x00,0x00,0x00,0x00,0x00,0x00,0x00,0x00,0x00,
    0x00,0x00,0x00,0x00,0x00,0x00,0x00,0x20,0x00,0x00,0x00,0x13,0x00,0x00,0x82,0x91,
    0x94,0x79,0xd6,0x64,0x79,0xd6,0x83,0xb6,0xb5,0x41,0x08,0x00,0x00,0x7f,0x00,0x00,
    0x7f,0x00,0x00,0x7f,0x00,0x00,0x7f,0x00,0x00,0x7f,0x00,0x00,0x7f,0x00,0x00,0x7f,
    0x00,0x00,0x1e,0x00,0x00,0x82,0xaa,0x5a,0x79,0xd6,0x63,0x79,0xd6,0x83,0x58,0xce,
    0x20,0x00,0x00,0x00,0x7f,0x00,0x00,0x7f,0x00,0x00,0x7f,0x00,0x00,0x7f,0x00,0x00,
    0x7f,0x00,0x00,0x7f,0x00,0x00,0x7f,0x00,0x00,0x1f,0x00,0x00,0x82,0x49,0x4a,0x79,
    0xd6,0x63,0x79,0xd6,0x82,0x65,0x29,0x00,0x00,0x7f,0x00,0x00,0x7f,0x00,0x00,0x7f,
    0x00,0x00,0x7f,0x00,0x00,0x7f,0x00,0x00,0x7f,0x00,0x00,0x7f,0x00,0x00,0x20,0x00,
    0x00,0x83,0x20,0x00,0x58,0xce,0x79,0xd6,0x61,0x79,0xd6,0x83,0x0b,0x63,0x20,0x00,
    0x00,0x00,0x7f,0x00,0x00,0x7f,0x00,0x00,0x7f,0x00,0x00,0x7f,0x00,0x00,0x7f,0x00,
    0x00,0x7f,0x00,0x00,0x7f,0x00,0x00,0x21,0x00,0x00,0x82,0x17,0xc6,0x79,0xd6,0x60,
    0x79,0xd6,0x83,0xd6,0xbd,0x20,0x00,0x00,0x00,0x7f,0x00,0x00,0x7f,0x00,0x00,0x7f,
    0x00,0x00,0x7f,0x00,0x00,0x7f,0x00,0x00,0x7f,0x00,0x00,0x7f,0x00,0x00,0x22,0x00,
    0x00,0x82,0xb2,0x9c,0x79,0xd6,0x5f,0x79,0xd6,0x83,0x17,0xc6,0xe3,0x18,0x00,0x00,
    0x7f,0x00,0x00,0x7f,0x00,0x00,0x7f,0x00,0x00,0x7f,0x00,0x00,0x7f,0x00,0x00,0x7f,
    0x00,0x00,0x7f,0x00,0x00,0x23,0x00,0x00,0x82,0x49,0x4a,0x79,0xd6,0x5f,0x79,0xd6,
    0x83,0xcb,0x5a,0x20,0x00,0x00,0x00,0x7f,0x00,0x00,0x7f,0x00,0x00,0x7f,0x00,0x00,
    0x7f,0x00,0x00,0x7f,0x00,0x00,0x7f,0x00,0x00,0x7f,0x00,0x00,0x23,0x00,0x00,0x82,
    0x41,0x08,0x79,0xd6,0x5e,0x79,0xd6,0x83,0x13,0xa5,0x20,0x00,0x00,0x00,0x7f,0x00,
    0x00,0x7f,0x00,0x00,0x7f,0x00,0x00,0x7f,0x00,0x00,0x7f,0x00,0x00,0x7f,0x00,0x00,
    0x7f,0x00,0x00,0x25,0x00,0x00,0x82,0x17,0xc6,0x79,0xd6,0x5c,0x79,0xd6,0x83,0x58,
    0xce,0x61,0x08,0x00,0x00,0x7f,0x00,0x00,0x7f,0x00,0x00,0x7f,0x00,0x00,0x7f,0x00,
    0x00,0x7f,0x00,0x00,0x7f,0x00,0x00,0x7f,0x00,0x00,0x26,0x00,0x00,0x82,0x50,0x8c,
    0x79,0xd6,0x5c,0x79,0xd6,0x82,0x4c,0x6b,0x00,0x00,0x7f,0x00,0x00,0x7f,0x00,0x00,
    0x7f,0x00,0x00,0x7f,0x00,0x00,0x7f,0x00,0x00,0x7f,0x00,0x00,0x7f,0x00,0x00,0x27,
    0x00,0x00,0x82,0x04,0x21,0x79,0xd6,0x5b,0x79,0xd6,0x82,0xb2,0x9c,0x00,0x00,0x7f,
    0x00,0x00,0x7f,0x00,0x00,0x7f,0x00,0x00,0x7f,0x00,0x00,0x7f,0x00,0x00,0x7f,0x00,
    0x00,0x7f,0x00,0x00,0x28,0x00,0x00,0x83,0x20,0x00,0x58,0xce,0x79,0xd6,0x59,0x79,
    0xd6,0x82,0xf7,0xc5,0x00,0x00,0x7f,0x00,0x00,0x7f,0x00,0x00,0x7f,0x00,0x00,0x7f,
    0x00,0x00,0x7f,0x00,0x00,0x7f,0x00,0x00,0x7f,0x00,0x00,0x2a,0x00,0x00,0x82,0x54,
    0xad,0x79,0xd6,0x59,0x79,0xd6,0x82,0x28,0x42,0x00,0x00,0x7f,0x00,0x00,0x7f,0x00,
    0x00,0x7f,0x00,0x00,0x7f,0x00,0x00,0x7f,0x00,0x00,0x7f,0x00,0x00,0x7f,0x00,0x00,
    0x2a,0x00,0x00,0x82,0x2c,0x6b,0x79,0xd6,0x58,0x79,0xd6,0x82,0xb2,0x94,0x00,0x00,
    0x7f,0x00,0x00,0x7f,0x00,0x00,0x7f,0x00,0x00,0x7f,0x00,0x00,0x7f,0x00,0x00,0x7f,
    0x00,0x00,0x7f,0x00,0x00,0x2b,0x00,0x00,0x82,0x20,0x00,0x79,0xd6,0x57,0x79,0xd6,
    0x83,0xf7,0xc5,0xc3,0x18,0x00,0x00,0x7f,0x00,0x00,0x7f,0x00,0x00,0x7f,0x00,0x00,
    0x7f,0x00,0x00,0x7f,0x00,0x00,0x7f,0x00,0x00,0x7f,0x00,0x00,0x2c,0x00,0x00,0x82,
    0xb6,0xb5,0x79,0xd6,0x55,0x79,0xd6,0x83,0x58,0xce,0xc6,0x39,0x00,0x00,0x7f,0x00,
    0x00,0x7f,0x00,0x00,0x7f,0x00,0x00,0x7f,0x00,0x00,0x7f,0x00,0x00,0x7f,0x00,0x00,
    0x7f,0x00,0x00,0x2d,0x00,0x00,0x82,0x0b,0x63,0x79,0xd6,0x55,0x79,0xd6,0x82,0xb2,
    0x9c,0x00,0x00,0x7f,0x00,0x00,0x7f,0x00,0x00,0x7f,0x00,0x00,0x7f,0x00,0x00,0x7f,
    0x00,0x00,0x7f,0x00,0x00,0x7f,0x00,0x00,0x2e,0x00,0x00,0x82,0x81,0x10,0x79,0xd6,
    0x54,0x79,0xd6,0x83,0x17,0xc6,0x20,0x00,0x00,0x00,0x7f,0x00,0x00,0x7f,0x00,0x00,
    0x7f,0x00,0x00,0x7f,0x00,0x00,0x7f,0x00,0x00,0x7f,0x00,0x00,0x7f,0x00,0x00,0x2f,
    0x00,0x00,0x82,0xf6,0xbd,0x79,0xd6,0x52,0x79,0xd6,0x83,0x58,0xce,0x04,0x21,0x00,
    0x00,0x7f,0x00,0x00,0x7f,0x00,0x00,0x7f,0x00,0x00,0x7f,0x00,0x00,0x7f,0x00,0x00,
    0x7f,0x00,0x00,0x7f,0x00,0x00,0x30,0x00,0x00,0x82,0x6d,0x73,0x79,0xd6,0x52,0x79,
    0xd6,0x82,0x71,0x8c,0x00,0x00,0x7f,0x00,0x00,0x7f,0x00,0x00,0x7f,0x00,0x00,0x7f,
    0x00,0x00,0x7f,0x00,0x00,0x7f,0x00,0x00,0x7f,0x00,0x00,0x31,0x00,0x00,0x82,0x20,
    0x00,0x79,0xd6,0x51,0x79,0xd6,0x83,0x17,0xc6,0x41,0x08,0x00,0x00,0x7f,0x00,0x00,
    0x7f,0x00,0x00,0x7f,0x00,0x00,0x7f,0x00,0x00,0x7f,0x00,0x00,0x7f,0x00,0x00,0x7f,
    0x00,0x00,0x32,0x00,0x00,0x82,0xb6,0xb5,0x79,0xd6,0x50,0x79,0xd6,0x82,0xe7,0x39,
    0x00,0x00,0x7f,0x00,0x00,0x7f,0x00,0x00,0x7f,0x00,0x00,0x7f,0x00,0x00,0x7f,0x00,
    0x00,0x7f,0x00,0x00,0x7f,0x00,0x00,0x33,0x00,0x00,0x82,0xaa,0x5a,0x79,0xd6,0x4f,
    0x79,0xd6,0x82,0x75,0xb5,0x00,0x00,0x7f,0x00,0x00,0x7f,0x00,0x00,0x7f,0x00,0x00,
    0x7f,0x00,0x00,0x7f,0x00,0x00,0x7f,0x00,0x00,0x7f,0x00,0x00,0x35,0x00,0x00,0x82,
    0x58,0xce,0x79,0xd6,0x4d,0x79,0xd6,0x83,0x58,0xce,0x04,0x21,0x00,0x00,0x7f,0x00,
    0x00,0x7f,0x00,0x00,0x7f,0x00,0x00,0x7f,0x00,0x00,0x7f,0x00,0x00,0x7f,0x00,0x00,
    0x7f,0x00,0x00,0x35,0x00,0x00,0x82,0x13,0xa5,0x79,0xd6,0x4d,0x79,0xd6,0x82,0x30,
    0x84,0x00,0x00,0x7f,0x00,0x00,0x7f,0x00,0x00,0x7f,0x00,0x00,0x7f,0x00,0x00,0x7f,
    0x00,0x00,0x7f,0x00,0x00,0x7f,0x00,0x00,0x36,0x00,0x00,0x82,0x04,0x21,0x79,0xd6,
    0x4c,0x79,0xd6,0x83,0x17,0xc6,0xa2,0x10,0x00,0x00,0x7f,0x00,0x00,0x7f,0x00,0x00,
    0x7f,0x00,0x00,0x7f,0x00,0x00,0x7f,0x00,0x00,0x7f,0x00,0x00,0x7f,0x00,0x00,0x37,
    0x00,0x00,0x82,0x17,0xc6,0x79,0xd6,0x4b,0x79,0xd6,0x82,0x2c,0x63,0x00,0x00,0x7f,
    0x00,0x00,0x7f,0x00,0x00,0x7f,0x00,0x00,0x7f,0x00,0x00,0x7f,0x00,0x00,0x7f,0x00,
    0x00,0x7f,0x00,0x00,0x38,0x00,0x00,0x82,0x2c,0x6b,0x79,0xd6,0x4a,0x79,0xd6,0x83,
    0x95,0xb5,0x20,0x00,0x00,0x00,0x7f,0x00,0x00,0x7f,0x00,0x00,0x7f,0x00,0x00,0x7f,
    0x00,0x00,0x7f,0x00,0x00,0x7f,0x00,0x00,0x7f,0x00,0x00,0x38,0x00,0x00,0x83,0x41,
    0x08,0x58,0xce,0x79,0xd6,0x48,0x79,0xd6,0x83,0x58,0xce,0x49,0x4a,0x00,0x00,0x7f,
    0x00,0x00,0x7f,0x00,0x00,0x7f,0x00,0x00,0x7f,0x00,0x00,0x7f,0x00,0x00,0x7f,0x00,
    0x00,0x7f,0x00,0x00,0x3a,0x00,0x00,0x82,0x13,0xa5,0x79,0xd6,0x48,0x79,0xd6,0x82,
    0x95,0xb5,0x00,0x00,0x7f,0x00,0x00,0x7f,0x00,0x00,0x7f,0x00,0x00,0x7f,0x00,0x00,
    0x7f,0x00,0x00,0x7f,0x00,0x00,0x7f,0x00,0x00,0x3b,0x00,0x00,0x82,0x24,0x21,0x79,
    0xd6,0x48,0x79,0xd6,0x82,0xe7,0x39,0x00,0x00,0x7f,0x00,0x00,0x7f,0x00,0x00,0x7f,
    0x00,0x00,0x7f,0x00,0x00,0x7f,0x00,0x00,0x7f,0x00,0x00,0x7f,0x00,0x00,0x3c,0x00,
    0x00,0x82,0xf7,0xc5,0x79,0xd6,0x46,0x79,0xd6,0x82,0x91,0x94,0x00,0x00,0x7f,0x00,
    0x00,0x7f,0x00,0x00,0x7f,0x00,0x00,0x7f,0x00,0x00,0x7f,0x00,0x00,0x7f,0x00,0x00,
    0x7f,0x00,0x00,0x3d,0x00,0x00,0x82,0x69,0x4a,0x79,0xd6,0x45,0x79,0xd6,0x82,0x58,
    0xce,0x00,0x00,0x7f,0x00,0x00,0x7f,0x00,0x00,0x7f,0x00,0x00,0x7f,0x00,0x00,0x7f,
    0x00,0x00,0x7f,0x00,0x00,0x7f,0x00,0x00,0x3f,0x00,0x00,0x82,0x38,0xce,0x79,0xd6,
    0x44,0x79,0xd6,0x82,0x4c,0x6b,0x00,0x00,0x7f,0x00,0x00,0x7f,0x00,0x00,0x7f,0x00,
    0x00,0x7f,0x00,0x00,0x7f,0x00,0x00,0x7f,0x00,0x00,0x7f,0x00,0x00,0x3f,0x00,0x00,
    0x82,0x6d,0x6b,0x79,0xd6,0x43,0x79,0xd6,0x83,0x38,0xce,0x82,0x10,0x00,0x00,0x7f,
    0x00,0x00,0x7f,0x00,0x00,0x7f,0x00,0x00,0x7f,0x00,0x00,0x7f,0x00,0x00,0x7f,0x00,
    0x00,0x7f,0x00,0x00,0x40,0x00,0x00,0x82,0x58,0xce,0x79,0xd6,0x42,0x79,0xd6,0x82,
    0xaa,0x5a,0x00,0x00,0x7f,0x00,0x00,0x7f,0x00,0x00,0x7f,0x00,0x00,0x7f,0x00,0x00,
    0x7f,0x00,0x00,0x7f,0x00,0x00,0x7f,0x00,0x00,0x41,0x00,0x00,0x82,0x91,0x94,0x79,
    0xd6,0x41,0x79,0xd6,0x82,0xf6,0xbd,0x00,0x00,0x7f,0x00,0x00,0x7f,0x00,0x00,0x7f,
    0x00,0x00,0x7f,0x00,0x00,0x7f,0x00,0x00,0x7f,0x00,0x00,0x7f,0x00,0x00,0x43,0x00,
    0x00,0x42,0x79,0xd6,0x82,0xaa,0x5a,0x00,0x00,0x7f,0x00,0x00,0x7f,0x00,0x00,0x7f,
    0x00,0x00,0x7f,0x00,0x00,0x7f,0x00,0x00,0x7f,0x00,0x00,0x7f,0x00,0x00,0x43,0x00,
    0x00,0x82,0xb2,0x9c,0x79,0xd6,0x3f,0x79,0xd6,0x83,0xf6,0xbd,0x20,0x00,0x00,0x00,
    0x7f,0x00,0x00,0x7f,0x00,0x00,0x7f,0x00,0x00,0x7f,0x00,0x00,0x7f,0x00,0x00,0x7f,
    0x00,0x00,0x7f,0x00,0x00,0x43,0x00,0x00,0x82,0x41,0x08,0x79,0xd6,0x3f,0x79,0xd6,
    0x82,0xeb,0x62,0x00,0x00,0x7f,0x00,0x00,0x7f,0x00,0x00,0x7f,0x00,0x00,0x7f,0x00,
    0x00,0x7f,0x00,0x00,0x7f,0x00,0x00,0x7f,0x00,0x00,0x45,0x00,0x00,0x82,0x13,0xa5,
    0x79,0xd6,0x3d,0x79,0xd6,0x83,0xf6,0xbd,0x41,0x08,0x00,0x00,0x7f,0x00,0x00,0x7f,
    0x00,0x00,0x7f,0x00,0x00,0x7f,0x00,0x00,0x7f,0x00,0x00,0x7f,0x00,0x00,0x7f,0x00,
    0x00,0x45,0x00,0x00,0x82,0x61,0x08,0x79,0xd6,0x3d,0x79,0xd6,0x82,0xae,0x73,0x00,
    0x00,0x7f,0x00,0x00,0x7f,0x00,0x00,0x7f,0x00,0x00,0x7f,0x00,0x00,0x7f,0x00,0x00,
    0x7f,0x00,0x00,0x7f,0x00,0x00,0x47,0x00,0x00,0x82,0x34,0xa5,0x79,0xd6,0x3b,0x79,
    0xd6,0x83,0x38,0xce,0x61,0x08,0x00,0x00,0x7f,0x00,0x00,0x7f,0x00,0x00,0x7f,0x00,
    0x00,0x7f,0x00,0x00,0x7f,0x00,0x00,0x7f,0x00,0x00,0x7f,0x00,0x00,0x48,0x00,0x00,
    0x3c,0x79,0xd6,0x82,0x30,0x84,0x00,0x00,0x7f,0x00,0x00,0x7f,0x00,0x00,0x7f,0x00,
    0x00,0x7f,0x00,0x00,0x7f,0x00,0x00,0x7f,0x00,0x00,0x7f,0x00,0x00,0x49,0x00,0x00,
    0x82,0x13,0xa5,0x79,0xd6,0x39,0x79,0xd6,0x83,0x58,0xce,0xe7,0x39,0x00,0x00,0x7f,
    0x00,0x00,0x7f,0x00,0x00,0x7f,0x00,0x00,0x7f,0x00,0x00,0x7f,0x00,0x00,0x7f,0x00,
    0x00,0x7f,0x00,0x00,0x4a,0x00,0x00,0x3a,0x79,0xd6,0x82,0x34,0xad,0x00,0x00,0x7f,
    0x00,0x00,0x7f,0x00,0x00,0x7f,0x00,0x00,0x7f,0x00,0x00,0x7f,0x00,0x00,0x7f,0x00,
    0x00,0x7f,0x00,0x00,0x4b,0x00,0x00,0x82,0x30,0x84,0x79,0xd6,0x38,0x79,0xd6,0x82,
    0x89,0x52,0x00,0x00,0x7f,0x00,0x00,0x7f,0x00,0x00,0x7f,0x00,0x00,0x7f,0x00,0x00,
    0x7f,0x00,0x00,0x7f,0x00,0x00,0x7f,0x00,0x00,0x4c,0x00,0x00,0x38,0x79,0xd6,0x83,
    0x17,0xc6,0x81,0x10,0x00,0x00,0x7f,0x00,0x00,0x7f,0x00,0x00,0x7f,0x00,0x00,0x7f,
    0x00,0x00,0x7f,0x00,0x00,0x7f,0x00,0x00,0x7f,0x00,0x00,0x4c,0x00,0x00,0x82,0x6d,
    0x73,0x79,0xd6,0x36,0x79,0xd6,0x82,0xce,0x7b,0x00,0x00,0x7f,0x00,0x00,0x7f,0x00,
    0x00,0x7f,0x00,0x00,0x7f,0x00,0x00,0x7f,0x00,0x00,0x7f,0x00,0x00,0x7f,0x00,0x00,
    0x4e,0x00,0x00,0x82,0x58,0xce,0x79,0xd6,0x34,0x79,0xd6,0x83,0x58,0xce,0xe3,0x18,
    0x00,0x00,0x7f,0x00,0x00,0x7f,0x00,0x00,0x7f,0x00,0x00,0x7f,0x00,0x00,0x7f,0x00,
    0x00,0x7f,0x00,0x00,0x7f,0x00,0x00,0x4e,0x00,0x00,0x82,0x69,0x4a,0x79,0xd6,0x34,
    0x79,0xd6,0x82,0x34,0xad,0x00,0x00,0x7f,0x00,0x00,0x7f,0x00,0x00,0x7f,0x00,0x00,
    0x7f,0x00,0x00,0x7f,0x00,0x00,0x7f,0x00,0x00,0x7f,0x00,0x00,0x50,0x00,0x00,0x82,
    0xd6,0xbd,0x79,0xd6,0x33,0x79,0xd6,0x82,0x08,0x42,0x00,0x00,0x7f,0x00,0x00,0x7f,
    0x00,0x00,0x7f,0x00,0x00,0x7f,0x00,0x00,0x7f,0x00,0x00,0x7f,0x00,0x00,0x7f,0x00,
    0x00,0x50,0x00,0x00,0x82,0x65,0x29,0x79,0xd6,0x32,0x79,0xd6,0x83,0x38,0xce,0x20,
    0x00,0x00,0x00,0x7f,0x00,0x00,0x7f,0x00,0x00,0x7f,0x00,0x00,0x7f,0x00,0x00,0x7f,
    0x00,0x00,0x7f,0x00,0x00,0x7f,0x00,0x00,0x51,0x00,0x00,0x82,0xd2,0x9c,0x79,0xd6,
    0x31,0x79,0xd6,0x82,0x30,0x8c,0x00,0x00,0x7f,0x00,0x00,0x7f,0x00,0x00,0x7f,0x00,
    0x00,0x7f,0x00,0x00,0x7f,0x00,0x00,0x7f,0x00,0x00,0x7f,0x00,0x00,0x53,0x00,0x00,
    0x82,0x58,0xce,0x79,0xd6,0x30,0x79,0xd6,0x82,0x04,0x21,0x00,0x00,0x7f,0x00,0x00,
    0x7f,0x00,0x00,0x7f,0x00,0x00,0x7f,0x00,0x00,0x7f,0x00,0x00,0x7f,0x00,0x00,0x7f,
    0x00,0x00,0x53,0x00,0x00,0x82,0x07,0x42,0x79,0xd6,0x2f,0x79,0xd6,0x82,0xd6,0xbd,
    0x00,0x00,0x7f,0x00,0x00,0x7f,0x00,0x00,0x7f,0x00,0x00,0x7f,0x00,0x00,0x7f,0x00,
    0x00,0x7f,0x00,0x00,0x7f,0x00,0x00,0x55,0x00,0x00,0x82,0x54,0xad,0x79,0xd6,0x2e,
    0x79,0xd6,0x82,0x4c,0x6b,0x00,0x00,0x7f,0x00,0x00,0x7f,0x00,0x00,0x7f,0x00,0x00,
    0x7f,0x00,0x00,0x7f,0x00,0x00,0x7f,0x00,0x00,0x7f,0x00,0x00,0x55,0x00,0x00,0x83,
    0x20,0x00,0x58,0xce,0x79,0xd6,0x2c,0x79,0xd6,0x83,0x58,0xce,0x81,0x10,0x00,0x00,
    0x7f,0x00,0x00,0x7f,0x00,0x00,0x7f,0x00,0x00,0x7f,0x00,0x00,0x7f,0x00,0x00,0x7f,
    0x00,0x00,0x7f,0x00,0x00,0x56,0x00,0x00,0x82,0x69,0x4a,0x79,0xd6,0x2c,0x79,0xd6,
    0x82,0x75,0xad,0x00,0x00,0x7f,0x00,0x00,0x7f,0x00,0x00,0x7f,0x00,0x00,0x7f,0x00,
    0x00,0x7f,0x00,0x00,0x7f,0x00,0x00,0x7f,0x00,0x00,0x58,0x00,0x00,0x82,0x34,0xad,
    0x79,0xd6,0x2b,0x79,0xd6,0x82,0xeb,0x5a,0x00,0x00,0x7f,0x00,0x00,0x7f,0x00,0x00,
    0x7f,0x00,0x00,0x7f,0x00,0x00,0x7f,0x00,0x00,0x7f,0x00,0x00,0x7f,0x00,0x00,0x59,
    0x00,0x00,0x82,0x38,0xce,0x79,0xd6,0x29,0x79,0xd6,0x83,0x58,0xce,0x41,0x08,0x00,
    0x00,0x7f,0x00,0x00,0x7f,0x00,0x00,0x7f,0x00,0x00,0x7f,0x00,0x00,0x7f,0x00,0x00,
    0x7f,0x00,0x00,0x7f,0x00,0x00,0x59,0x00,0x00,0x82,0x45,0x29,0x79,0xd6,0x29,0x79,
    0xd6,0x82,0x54,0xad,0x00,0x00,0x7f,0x00,0x00,0x7f,0x00,0x00,0x7f,0x00,0x00,0x7f,
    0x00,0x00,0x7f,0x00,0x00,0x7f,0x00,0x00,0x7f,0x00,0x00,0x5b,0x00,0x00,0x82,0xce,
    0x7b,0x79,0xd6,0x28,0x79,0xd6,0x82,0xaa,0x5a,0x00,0x00,0x7f,0x00,0x00,0x7f,0x00,
    0x00,0x7f,0x00,0x00,0x7f,0x00,0x00,0x7f,0x00,0x00,0x7f,0x00,0x00,0x7f,0x00,0x00,
    0x5c,0x00,0x00,0x82,0xf7,0xc5,0x79,0xd6,0x27,0x79,0xd6,0x82,0x20,0x00,0x00,0x00,
    0x7f,0x00,0x00,0x7f,0x00,0x00,0x7f,0x00,0x00,0x7f,0x00,0x00,0x7f,0x00,0x00,0x7f,
    0x00,0x00,0x7f,0x00,0x00,0x5c,0x00,0x00,0x82,0x20,0x00,0x79,0xd6,0x26,0x79,0xd6,
    0x82,0xd6,0xbd,0x00,0x00,0x7f,0x00,0x00,0x7f,0x00,0x00,0x7f,0x00,0x00,0x7f,0x00,
    0x00,0x7f,0x00,0x00,0x7f,0x00,0x00,0x7f,0x00,0x00,0x5e,0x00,0x00,0x82,0xe7,0x39,
    0x79,0xd6,0x25,0x79,0xd6,0x82,0x2c,0x6b,0x00,0x00,0x7f,0x00,0x00,0x7f,0x00,0x00,
    0x7f,0x00,0x00,0x7f,0x00,0x00,0x7f,0x00,0x00,0x7f,0x00,0x00,0x7f,0x00,0x00,0x5f,
    0x00,0x00,0x82,0xd2,0x9c,0x79,0xd6,0x24,0x79,0xd6,0x82,0xe3,0x20,0x00,0x00,0x7f,
    0x00,0x00,0x7f,0x00,0x00,0x7f,0x00,0x00,0x7f,0x00,0x00,0x7f,0x00,0x00,0x7f,0x00,
    0x00,0x7f,0x00,0x00,0x60,0x00,0x00,0x82,0x17,0xc6,0x79,0xd6,0x22,0x79,0xd6,0x82,
    0x38,0xce,0x00,0x00,0x7f,0x00,0x00,0x7f,0x00,0x00,0x7f,0x00,0x00,0x7f,0x00,0x00,
    0x7f,0x00,0x00,0x7f,0x00,0x00,0x7f,0x00,0x00,0x61,0x00,0x00,0x82,0x20,0x00,0x79,
    0xd6,0x22,0x79,0xd6,0x82,0x13,0xa5,0x00,0x00,0x7f,0x00,0x00,0x7f,0x00,0x00,0x7f,
    0x00,0x00,0x7f,0x00,0x00,0x7f,0x00,0x00,0x7f,0x00,0x00,0x7f,0x00,0x00,0x62,0x00,
    0x00,0x82,0x8a,0x52,0x79,0xd6,0x21,0x79,0xd6,0x82,0xc7,0x39,0x00,0x00,0x7f,0x00,
    0x00,0x7f,0x00,0x00,0x7f,0x00,0x00,0x7f,0x00,0x00,0x7f,0x00,0x00,0x7f,0x00,0x00,
    0x7f,0x00,0x00,0x63,0x00,0x00,0x82,0x50,0x8c,0x79,0xd6,0x20,0x79,0xd6,0x7f,0x00,
    0x00,0x7f,0x00,0x00,0x7f,0x00,0x00,0x7f,0x00,0x00,0x7f,0x00,0x00,0x7f,0x00,0x00,
    0x7f,0x00,0x00,0x64,0x00,0x00,0x84,0x20,0x00,0x00,0x00,0xf6,0xbd,0x79,0xd6,0x1e,
    0x79,0xd6,0x82,0x17,0xc6,0x00,0x00,0x7f,0x00,0x00,0x7f,0x00,0x00,0x7f,0x00,0x00,
    0x7f,0x00,0x00,0x7f,0x00,0x00,0x7f,0x00,0x00,0x7f,0x00,0x00,0x66,0x00,0x00,0x82,
    0x38,0xce,0x79,0xd6,0x1d,0x79,0xd6,0x82,0x71,0x8c,0x00,0x00,0x7f,0x00,0x00,0x7f,
    0x00,0x00,0x7f,0x00,0x00,0x7f,0x00,0x00,0x7f,0x00,0x00,0x7f,0x00,0x00,0x7f,0x00,
    0x00,0x67,0x00,0x00,0x1e,0x79,0xd6,0x82,0xc3,0x18,0x00,0x00,0x7f,0x00,0x00,0x7f,
    0x00,0x00,0x7f,0x00,0x00,0x7f,0x00,0x00,0x7f,0x00,0x00,0x7f,0x00,0x00,0x7f,0x00,
    0x00,0x67,0x00,0x00,0x82,0x28,0x42,0x79,0xd6,0x1c,0x79,0xd6,0x7f,0x00,0x00,0x7f,
    0x00,0x00,0x7f,0x00,0x00,0x7f,0x00,0x00,0x7f,0x00,0x00,0x7f,0x00,0x00,0x7f,0x00,
    0x00,0x6a,0x00,0x00,0x82,0x8e,0x73,0x79,0xd6,0x1a,0x79,0xd6,0x82,0x17,0xc6,0x00,
    0x00,0x7f,0x00,0x00,0x7f,0x00,0x00,0x7f,0x00,0x00,0x7f,0x00,0x00,0x7f,0x00,0x00,
    0x7f,0x00,0x00,0x7f,0x00,0x00,0x6a,0x00,0x00,0x82,0x13,0xa5,0x79,0xd6,0x19,0x79,
    0xd6,0x82,0x91,0x94,0x00,0x00,0x7f,0x00,0x00,0x7f,0x00,0x00,0x7f,0x00,0x00,0x7f,
    0x00,0x00,0x7f,0x00,0x00,0x7f,0x00,0x00,0x7f,0x00,0x00,0x6b,0x00,0x00,0x82,0x17,
    0xc6,0x79,0xd6,0x18,0x79,0xd6,0x82,0xe7,0x39,0x00,0x00,0x7f,0x00,0x00,0x7f,0x00,
    0x00,0x7f,0x00,0x00,0x7f,0x00,0x00,0x7f,0x00,0x00,0x7f,0x00,0x00,0x7f,0x00,0x00,
    0x6c,0x00,0x00,0x82,0x58,0xce,0x79,0xd6,0x17,0x79,0xd6,0x7f,0x00,0x00,0x7f,0x00,
    0x00,0x7f,0x00,0x00,0x7f,0x00,0x00,0x7f,0x00,0x00,0x7f,0x00,0x00,0x7f,0x00,0x00,
    0x6e,0x00,0x00,0x83,0x61,0x08,0x58,0xce,0x79,0xd6,0x15,0x79,0xd6,0x82,0x58,0xce,
    0x00,0x00,0x7f,0x00,0x00,0x7f,0x00,0x00,0x7f,0x00,0x00,0x7f,0x00,0x00,0x7f,0x00,
    0x00,0x7f,0x00,0x00,0x7f,0x00,0x00,0x6e,0x00,0x00,0x82,0x61,0x08,0x79,0xd6,0x15,
    0x79,0xd6,0x82,0xb6,0xbd,0x00,0x00,0x7f,0x00,0x00,0x7f,0x00,0x00,0x7f,0x00,0x00,
    0x7f,0x00,0x00,0x7f,0x00,0x00,0x7f,0x00,0x00,0x7f,0x00,0x00,0x6f,0x00,0x00,0x82,
    0xa2,0x10,0x79,0xd6,0x14,0x79,0xd6,0x82,0x4c,0x6b,0x00,0x00,0x7f,0x00,0x00,0x7f,
    0x00,0x00,0x7f,0x00,0x00,0x7f,0x00,0x00,0x7f,0x00,0x00,0x7f,0x00,0x00,0x7f,0x00,
    0x00,0x70,0x00,0x00,0x82,0x65,0x29,0x79,0xd6,0x13,0x79,0xd6,0x82,0xc7,0x39,0x00,
    0x00,0x7f,0x00,0x00,0x7f,0x00,0x00,0x7f,0x00,0x00,0x7f,0x00,0x00,0x7f,0x00,0x00,
    0x7f,0x00,0x00,0x7f,0x00,0x00,0x71,0x00,0x00,0x82,0x65,0x29,0x79,0xd6,0x12,0x79,
    0xd6,0x82,0xa2,0x10,0x00,0x00,0x7f,0x00,0x00,0x7f,0x00,0x00,0x7f,0x00,0x00,0x7f,
    0x00,0x00,0x7f,0x00,0x00,0x7f,0x00,0x00,0x7f,0x00,0x00,0x72,0x00,0x00,0x95,0x24,
    0x21,0x58,0xce,0x79,0xd6,0x79,0xd6,0x79,0xd6,0x79,0xd6,0x79,0xd6,0x79,0xd6,0x79,
    0xd6,0x79,0xd6,0x79,0xd6,0x79,0xd6,0x79,0xd6,0x79,0xd6,0x79,0xd6,0x79,0xd6,0x79,
    0xd6,0x79,0xd6,0x79,0xd6,0x41,0x08,0x00,0x00,0x7f,0x00,0x00,0x7f,0x00,0x00,0x7f,
    0x00,0x00,0x7f,0x00,0x00,0x7f,0x00,0x00,0x7f,0x00,0x00,0x7f,0x00,0x00,0x73,0x00,
    0x00,0x93,0xc3,0x18,0x58,0xce,0x79,0xd6,0x79,0xd6,0x79,0xd6,0x79,0xd6,0x79,0xd6,
    0x79,0xd6,0x79,0xd6,0x79,0xd6,0x79,0xd6,0x79,0xd6,0x79,0xd6,0x79,0xd6,0x79,0xd6,
    0x79,0xd6,0x79,0xd6,0x79,0xd6,0x00,0x00,0x7f,0x00,0x00,0x7f,0x00,0x00,0x7f,0x00,
    0x00,0x7f,0x00,0x00,0x7f,0x00,0x00,0x7f,0x00,0x00,0x7f,0x00,0x00,0x75,0x00,0x00,
    0x92,0x20,0x00,0x58,0xce,0x79,0xd6,0x79,0xd6,0x79,0xd6,0x79,0xd6,0x79,0xd6,0x79,
    0xd6,0x79,0xd6,0x79,0xd6,0x79,0xd6,0x79,0xd6,0x79,0xd6,0x79,0xd6,0x79,0xd6,0x79,
    0xd6,0x79,0xd6,0x00,0x00,0x7f,0x00,0x00,0x7f,0x00,0x00,0x7f,0x00,0x00,0x7f,0x00,
    0x00,0x7f,0x00,0x00,0x7f,0x00,0x00,0x7f,0x00,0x00,0x76,0x00,0x00,0x91,0x20,0x00,
    0xf6,0xbd,0x79,0xd6,0x79,0xd6,0x79,0xd6,0x79,0xd6,0x79,0xd6,0x79,0xd6,0x79,0xd6,
    0x79,0xd6,0x79,0xd6,0x79,0xd6,0x79,0xd6,0x79,0xd6,0x79,0xd6,0x58,0xce,0x00,0x00,
    0x7f,0x00,0x00,0x7f,0x00,0x00,0x7f,0x00,0x00,0x7f,0x00,0x00,0x7f,0x00,0x00,0x7f,
    0x00,0x00,0x7f,0x00,0x00,0x78,0x00,0x00,0x8f,0xf3,0x9c,0x79,0xd6,0x79,0xd6,0x79,
    0xd6,0x79,0xd6,0x79,0xd6,0x79,0xd6,0x79,0xd6,0x79,0xd6,0x79,0xd6,0x79,0xd6,0x79,
    0xd6,0x79,0xd6,0x58,0xce,0x00,0x00,0x7f,0x00,0x00,0x7f,0x00,0x00,0x7f,0x00,0x00,
    0x7f,0x00,0x00,0x7f,0x00,0x00,0x7f,0x00,0x00,0x7f,0x00,0x00,0x79,0x00,0x00,0x8e,
    0x10,0x84,0x79,0xd6,0x79,0xd6,0x79,0xd6,0x79,0xd6,0x79,0xd6,0x79,0xd6,0x79,0xd6,
    0x79,0xd6,0x79,0xd6,0x79,0xd6,0x79,0xd6,0x58,0xce,0x00,0x00,0x7f,0x00,0x00,0x7f,
    0x00,0x00,0x7f,0x00,0x00,0x7f,0x00,0x00,0x7f,0x00,0x00,0x7f,0x00,0x00,0x7f,0x00,
    0x00,0x7a,0x00,0x00,0x8d,0x28,0x42,0x58,0xce,0x79,0xd6,0x79,0xd6,0x79,0xd6,0x79,
    0xd6,0x79,0xd6,0x79,0xd6,0x79,0xd6,0x79,0xd6,0x79,0xd6,0x58,0xce,0x00,0x00,0x7f,
    0x00,0x00,0x7f,0x00,0x00,0x7f,0x00,0x00,0x7f,0x00,0x00,0x7f,0x00,0x00,0x7f,0x00,
    0x00,0x7f,0x00,0x00,0x7b,0x00,0x00,0x8c,0x61,0x08,0x17,0xc6,0x79,0xd6,0x79,0xd6,
    0x79,0xd6,0x79,0xd6,0x79,0xd6,0x79,0xd6,0x79,0xd6,0x79,0xd6,0x58,0xce,0x00,0x00,
    0x7f,0x00,0x00,0x7f,0x00,0x00,0x7f,0x00,0x00,0x7f,0x00,0x00,0x7f,0x00,0x00,0x7f,
    0x00,0x00,0x7f,0x00,0x00,0x7d,0x00,0x00,0x8a,0x95,0xb5,0x79,0xd6,0x79,0xd6,0x79,
    0xd6,0x79,0xd6,0x79,0xd6,0x79,0xd6,0x79,0xd6,0x58,0xce,0x00,0x00,0x7f,0x00,0x00,
    0x7f,0x00,0x00,0x7f,0x00,0x00,0x7f,0x00,0x00,0x7f,0x00,0x00,0x7f,0x00,0x00,0x7f,
    0x00,0x00,0x7e,0x00,0x00,0x89,0x8d,0x73,0x79,0xd6,0x79,0xd6,0x79,0xd6,0x79,0xd6,
    0x79,0xd6,0x79,0xd6,0x58,0xce,0x00,0x00,0x7f,0x00,0x00,0x7f,0x00,0x00,0x7f,0x00,
    0x00,0x7f,0x00,0x00,0x7f,0x00,0x00,0x7f,0x00,0x00,0x7f,0x00,0x00,0x7f,0x00,0x00,
    0x88,0x04,0x21,0x58,0xce,0x79,0xd6,0x79,0xd6,0x79,0xd6,0x79,0xd6,0x58,0xce,0x00,
    0x00,0x7f,0x00,0x00,0x7f,0x00,0x00,0x7f,0x00,0x00,0x7f,0x00,0x00,0x7f,0x00,0x00,
    0x7f,0x00,0x00,0x7f,0x00,0x00,0x7f,0x00,0x00,0x88,0x00,0x00,0x00,0x00,0x75,0xb5,
    0x79,0xd6,0x79,0xd6,0x79,0xd6,0x58,0xce,0x00,0x00,0x7f,0x00,0x00,0x7f,0x00,0x00,
    0x7f,0x00,0x00,0x7f,0x00,0x00,0x7f,0x00,0x00,0x7f,0x00,0x00,0x7f,0x00,0x00,0x7f,
    0x00,0x00,0x88,0x00,0x00,0x00,0x00,0x00,0x00,0x4c,0x6b,0x79,0xd6,0x79,0xd6,0x58,
    0xce,0x00,0x00,0x7f,0x00,0x00,0x7f,0x00,0x00,0x7f,0x00,0x00,0x7f,0x00,0x00,0x7f,
    0x00,0x00,0x7f,0x00,0x00,0x7f,0x00,0x00,0x7f,0x00,0x00,0x88,0x00,0x00,0x00,0x00,
    0x00,0x00,0x00,0x00,0x82,0x10,0xf7,0xc5,0x58,0xce,0x00,0x00,0x7f,0x00,0x00,0x7f,
    0x00,0x00,0x7f,0x00,0x00,0x7f,0x00,0x00,0x7f,0x00,0x00,0x7f,0x00,0x00,0x7f,0x00,
    0x00,0x7f,0x00,0x00,0x88,0x00,0x00,0x00,0x00,0x00,0x00,0x00,0x00,0x00,0x00,0x00,
    0x00,0xe7,0x39,0x00,0x00,0x7f,0x00,0x00,0x7f,0x00,0x00,0x7f,0x00,0x00,0x7f,0x00,
    0x00,0x7f,0x00,0x00,0x7f,0x00,0x00,0x7f,0x00,0x00,0x7f,0x00,0x00,0x7f,0x00,0x00,
    0x7f,0x00,0x00,0x7f,0x00,0x00,0x7f,0x00,0x00,0x7f,0x00,0x00,0x7f,0x00,0x00,0x7f,
    0x00,0x00,0x7f,0x00,0x00,0x7f,0x00,0x00,0x7f,0x00,0x00,0x7f,0x00,0x00,0x7f,0x00,
    0x00,0x7f,0x00,0x00,0x7f,0x00,0x00,0x7f,0x00,0x00,0x7f,0x00,0x00,0x7f,0x00,0x00,
    0x7f,0x00,0x00,0x7f,0x00,0x00,0x7f,0x00,0x00,0x7f,0x00,0x00,0x7f,0x00,0x00,0x7f,
    0x00,0x00,0x7f,0x00,0x00,0x7f,0x00,0x00,0x7f,0x00,0x00,0x7f,0x00,0x00,0x7f,0x00,
    0x00,0x7f,0x00,0x00,0x7f,0x00,0x00,0x7f,0x00,0x00,0x7f,0x00,0x00,0x7f,0x00,0x00,
    0x7f,0x00,0x00,0x7f,0x00,0x00,0x7f,0x00,0x00,0x7f,0x00,0x00,0x7f,0x00,0x00,0x7f,
    0x00,0x00,0x7f,0x00,0x00,0x7f,0x00,0x00,0x7f,0x00,0x00,0x7f,0x00,0x00,0x7f,0x00,
    0x00,0x7f,0x00,0x00,0x7f,0x00,0x00,0x7f,0x00,0x00,0x7f,0x00,0x00,0x7f,0x00,0x00,
    0x7f,0x00,0x00,0x7f,0x00,0x00,0x7f,0x00,0x00,0x7f,0x00,0x00,0x7f,0x00,0x00,0x7f,
    0x00,0x00,0x7f,0x00,0x00,0x7f,0x00,0x00,0x7f,0x00,0x00,0x7f,0x00,0x00,0x7f,0x00,
    0x00,0x7f,0x00,0x00,0x7f,0x00,0x00,0x7f,0x00,0x00,0x7f,0x00,0x00,0x7f,0x00,0x00,
    0x7f,0x00,0x00,0x7f,0x00,0x00,0x7f,0x00,0x00,0x7f,0x00,0x00,0x7f,0x00,0x00,0x7f,
    0x00,0x00,0x7f,0x00,0x00,0x7f,0x00,0x00,0x7f,0x00,0x00,0x7f,0x00,0x00,0x7f,0x00,
    0x00,0x7f,0x00,0x00,0x7f,0x00,0x00,0x7f,0x00,0x00,0x7f,0x00,0x00,0x7f,0x00,0x00,
    0x7f,0x00,0x00,0x7f,0x00,0x00,0x7f,0x00,0x00,0x7f,0x00,0x00,0x7f,0x00,0x00,0x7f,
    0x00,0x00,0x7f,0x00,0x00,0x7f,0x00,0x00,0x7f,0x00,0x00,0x7f,0x00,0x00,0x7f,0x00,
    0x00,0x7f,0x00,0x00,0x7f,0x00,0x00,0x7f,0x00,0x00,0x7f,0x00,0x00,0x7f,0x00,0x00,
    0x7f,0x00,0x00,0x7f,0x00,0x00,0x7f,0x00,0x00,0x7f,0x00,0x00,0x7f,0x00,0x00,0x7f,
    0x00,0x00,0x7f,0x00,0x00,0x7f,0x00,0x00,0x7f,0x00,0x00,0x7f,0x00,0x00,0x7f,0x00,
    0x00,0x7f,0x00,0x00,0x7f,0x00,0x00,0x7f,0x00,0x00,0x7f,0x00,0x00,0x7f,0x00,0x00,
    0x7f,0x00,0x00,0x7f,0x00,0x00,0x7f,0x00,0x00,0x7f,0x00,0x00,0x7f,0x00,0x00,0x7f,
    0x00,0x00,0x7f,0x00,0x00,0x7f,0x00,0x00,0x7f,0x00,0x00,0x7f,0x00,0x00,0x7f,0x00,
    0x00,0x7f,0x00,0x00,0x7f,0x00,0x00,0x7f,0x00,0x00,0x7f,0x00,0x00,0x7f,0x00,0x00,
    0x7f,0x00,0x00,0x7f,0x00,0x00,0x7f,0x00,0x00,0x7f,0x00,0x00,0x7f,0x00,0x00,0x7f,
    0x00,0x00,0x7f,0x00,0x00,0x7f,0x00,0x00,0x7f,0x00,0x00,0x7f,0x00,0x00,0x7f,0x00,
    0x00,0x7f,0x00,0x00,0x7f,0x00,0x00,0x7f,0x00,0x00,0x7f,0x00,0x00,0x7f,0x00,0x00,
    0x7f,0x00,0x00,0x7f,0x00,0x00,0x7f,0x00,0x00,0x7f,0x00,0x00,0x7f,0x00,0x00,0x7f,
    0x00,0x00,0x7f,0x00,0x00,0x7f,0x00,0x00,0x7f,0x00,0x00,0x7f,0x00,0x00,0x7f,0x00,
    0x00,0x7f,0x00,0x00,0x7f,0x00,0x00,0x7f,0x00,0x00,0x7f,0x00,0x00,0x7f,0x00,0x00,
    0x7f,0x00,0x00,0x7f,0x00,0x00,0x7f,0x00,0x00,0x7f,0x00,0x00,0x7f,0x00,0x00,0x7f,
    0x00,0x00,0x7f,0x00,0x00,0x7f,0x00,0x00,0x7f,0x00,0x00,0x7f,0x00,0x00,0x7f,0x00,
    0x00,0x7f,0x00,0x00,0x7f,0x00,0x00,0x7f,0x00,0x00,0x7f,0x00,0x00,0x7f,0x00,0x00,
    0x7f,0x00,0x00,0x7f,0x00,0x00,0x7f,0x00,0x00,0x7f,0x00,0x00,0x7f,0x00,0x00,0x7f,
    0x00,0x00,0x7f,0x00,0x00,0x7f,0x00,0x00,0x7f,0x00,0x00,0x7f,0x00,0x00,0x7f,0x00,
    0x00,0x7f,0x00,0x00,0x7f,0x00,0x00,0x7f,0x00,0x00,0x7f,0x00,0x00,0x7f,0x00,0x00,
    0x7f,0x00,0x00,0x7f,0x00,0x00,0x7f,0x00,0x00,0x7f,0x00,0x00,0x7f,0x00,0x00,0x7f,
    0x00,0x00,0x7f,0x00,0x00,0x7f,0x00,0x00,0x7f,0x00,0x00,0x7f,0x00,0x00,0x7f,0x00,
    0x00,0x7f,0x00,0x00,0x7f,0x00,0x00,0x7f,0x00,0x00,0x7f,0x00,0x00,0x7f,0x00,0x00,
    0x7f,0x00,0x00,0x7f,0x00,0x00,0x7f,0x00,0x00,0x7f,0x00,0x00,0x7f,0x00,0x00,0x7f,
    0x00,0x00,0x7f,0x00,0x00,0x7f,0x00,0x00,0x7f,0x00,0x00,0x7f,0x00,0x00,0x7f,0x00,
    0x00,0x7f,0x00,0x00,0x7f,0x00,0x00,0x7f,0x00,0x00,0x7f,0x00,0x00,0x7f,0x00,0x00,
    0x7f,0x00,0x00,0x7f,0x00,0x00,0x7f,0x00,0x00,0x7f,0x00,0x00,0x7f,0x00,0x00,0x7f,
    0x00,0x00,0x7f,0x00,0x00,0x7f,0x00,0x00,0x7f,0x00,0x00,0x7f,0x00,0x00,0x7f,0x00,
    0x00,0x7f,0x00,0x00,0x7f,0x00,0x00,0x7f,0x00,0x00,0x7f,0x00,0x00,0x7f,0x00,0x00,
    0x7f,0x00,0x00,0x7f,0x00,0x00,0x7f,0x00,0x00,0x7f,0x00,0x00,0x7f,0x00,0x00,0x7f,
    0x00,0x00,0x7f,0x00,0x00,0x7f,0x00,0x00,0x7f,0x00,0x00,0x7f,0x00,0x00,0x7f,0x00,
    0x00,0x7f,0x00,0x00,0x7f,0x00,0x00,0x7f,0x00,0x00,0x7f,0x00,0x00,0x7f,0x00,0x00,
    0x7f,0x00,0x00,0x7f,0x00,0x00,0x7f,0x00,0x00,0x7f,0x00,0x00,0x7f,0x00,0x00,0x7f,
    0x00,0x00,0x7f,0x00,0x00,0x7f,0x00,0x00,0x7f,0x00,0x00,0x7f,0x00,0x00,0x7f,0x00,
    0x00,0x7f,0x00,0x00,0x7f,0x00,0x00,0x7f,0x00,0x00,0x7f,0x00,0x00,0x7f,0x00,0x00,
    0x7f,0x00,0x00,0x7f,0x00,0x00,0x7f,0x00,0x00,0x7f,0x00,0x00,0x7f,0x00,0x00,0x7f,
    0x00,0x00,0x7f,0x00,0x00,0x7f,0x00,0x00,0x7f,0x00,0x00,0x7f,0x00,0x00,0x7f,0x00,
    0x00,0x7f,0x00,0x00,0x7f,0x00,0x00,0x7f,0x00,0x00,0x7f,0x00,0x00,0x7f,0x00,0x00,
    0x7f,0x00,0x00,0x7f,0x00,0x00,0x7f,0x00,0x00,0x7f,0x00,0x00,0x7f,0x00,0x00,0x7f,
    0x00,0x00,0x7f,0x00,0x00,0x7f,0x00,0x00,0x7f,0x00,0x00,0x7f,0x00,0x00,0x7f,0x00,
    0x00,0x7f,0x00,0x00,0x7f,0x00,0x00,0x7f,0x00,0x00,0x7f,0x00,0x00,0x7f,0x00,0x00,
    0x7f,0x00,0x00,0x7f,0x00,0x00,0x7f,0x00,0x00,0x7f,0x00,0x00,0x7f,0x00,0x00,0x7f,
    0x00,0x00,0x7f,0x00,0x00,0x7f,0x00,0x00,0x7f,0x00,0x00,0x7f,0x00,0x00,0x7f,0x00,
    0x00,0x7f,0x00,0x00,0x7f,0x00,0x00,0x7f,0x00,0x00,0x7f,0x00,0x00,0x7f,0x00,0x00,
    0x7f,0x00,0x00,0x7f,0x00,0x00,0x7f,0x00,0x00,0x7f,0x00,0x00,0x7f,0x00,0x00,0x7f,
    0x00,0x00,0x7f,0x00,0x00,0x7f,0x00,0x00,0x7f,0x00,0x00,0x7f,0x00,0x00,0x7f,0x00,
    0x00,0x7f,0x00,0x00,0x7f,0x00,0x00,0x7f,0x00,0x00,0x7f,0x00,0x00,0x7f,0x00,0x00,
    0x7f,0x00,0x00,0x7f,0x00,0x00,0x7f,0x00,0x00,0x7f,0x00,0x00,0x7f,0x00,0x00,0x7f,
    0x00,0x00,0x7f,0x00,0x00,0x7f,0x00,0x00,0x7f,0x00,0x00,0x7f,0x00,0x00,0x7f,0x00,
    0x00,0x7f,0x00,0x00,0x7f,0x00,0x00,0x7f,0x00,0x00,0x7f,0x00,0x00,0x7f,0x00,0x00,
    0x7f,0x00,0x00,0x7f,0x00,0x00,0x7f,0x00,0x00,0x7f,0x00,0x00,0x7f,0x00,0x00,0x7f,
    0x00,0x00,0x7f,0x00,0x00,0x7f,0x00,0x00,0x7f,0x00,0x00,0x7f,0x00,0x00,0x7f,0x00,
    0x00,0x7f,0x00,0x00,0x7f,0x00,0x00,0x7f,0x00,0x00,0x7f,0x00,0x00,0x7f,0x00,0x00,
    0x7f,0x00,0x00,0x7f,0x00,0x00,0x7f,0x00,0x00,0x7f,0x00,0x00,0x7f,0x00,0x00,0x7f,
    0x00,0x00,0x7f,0x00,0x00,0x7f,0x00,0x00,0x7f,0x00,0x00,0x7f,0x00,0x00,0x7f,0x00,
    0x00,0x7f,0x00,0x00,0x7f,0x00,0x00,0x7f,0x00,0x00,0x7f,0x00,0x00,0x7f,0x00,0x00,
    0x7f,0x00,0x00,0x7f,0x00,0x00,0x7f,0x00,0x00,0x7f,0x00,0x00,0x7f,0x00,0x00,0x7f,
    0x00,0x00,0x7f,0x00,0x00,0x7f,0x00,0x00,0x7f,0x00,0x00,0x7f,0x00,0x00,0x7f,0x00,
    0x00,0x7f,0x00,0x00,0x7f,0x00,0x00,0x7f,0x00,0x00,0x7f,0x00,0x00,0x7f,0x00,0x00,
    0x7f,0x00,0x00,0x7f,0x00,0x00,0x7f,0x00,0x00,0x7f,0x00,0x00,0x7f,0x00,0x00,0x7f,
    0x00,0x00,0x7f,0x00,0x00,0x7f,0x00,0x00,0x7f,0x00,0x00,0x7f,0x00,0x00,0x7f,0x00,
    0x00,0x7f,0x00,0x00,0x7f,0x00,0x00,0x7f,0x00,0x00,0x7f,0x00,0x00,0x7f,0x00,0x00,
    0x7f,0x00,0x00,0x7f,0x00,0x00,0x7f,0x00,0x00,0x7f,0x00,0x00,0x7f,0x00,0x00,0x7f,
    0x00,0x00,0x7f,0x00,0x00,0x7f,0x00,0x00,0x7f,0x00,0x00,0x7f,0x00,0x00,0x7f,0x00,
    0x00,0x7f,0x00,0x00,0x7f,0x00,0x00,0x7f,0x00,0x00,0x7f,0x00,0x00,0x7f,0x00,0x00,
    0x7f,0x00,0x00,0x7f,0x00,0x00,0x7f,0x00,0x00,0x7f,0x00,0x00,0x7f,0x00,0x00,0x7f,
    0x00,0x00,0x7f,0x00,0x00,0x7f,0x00,0x00,0x7f,0x00,0x00,0x7f,0x00,0x00,0x7f,0x00,
    0x00,0x7f,0x00,0x00,0x7f,0x00,0x00,0x7f,0x00,0x00,0x7f,0x00,0x00,0x7f,0x00,0x00,
    0x7f,0x00,0x00,0x7f,0x00,0x00,0x7f,0x00,0x00,0x7f,0x00,0x00,0x7f,0x00,0x00,0x7f,
    0x00,0x00,0x7f,0x00,0x00,0x7f,0x00,0x00,0x7f,0x00,0x00,0x7f,0x00,0x00,0x7f,0x00,
    0x00,0x7f,0x00,0x00,0x7f,0x00,0x00,0x7f,0x00,0x00,0x7f,0x00,0x00,0x7f,0x00,0x00,
    0x7f,0x00,0x00,0x7f,0x00,0x00,0x7f,0x00,0x00,0x7f,0x00,0x00,0x7f,0x00,0x00,0x7f,
    0x00,0x00,0x7f,0x00,0x00,0x7f,0x00,0x00,0x7f,0x00,0x00,0x7f,0x00,0x00,0x7f,0x00,
    0x00,0x7f,0x00,0x00,0x7f,0x00,0x00,0x7f,0x00,0x00,0x7f,0x00,0x00,0x7f,0x00,0x00,
    0x7f,0x00,0x00,0x7f,0x00,0x00,0x7f,0x00,0x00,0x7f,0x00,0x00,0x7f,0x00,0x00,0x7f,
    0x00,0x00,0x7f,0x00,0x00,0x7f,0x00,0x00,0x7f,0x00,0x00,0x7f,0x00,0x00,0x7f,0x00,
    0x00,0x7f,0x00,0x00,0x7f,0x00,0x00,0x7f,0x00,0x00,0x7f,0x00,0x00,0x7f,0x00,0x00,
    0x7f,0x00,0x00,0x7f,0x00,0x00,0x7f,0x00,0x00,0x7f,0x00,0x00,0x7f,0x00,0x00,0x7f,
    0x00,0x00,0x7f,0x00,0x00,0x7f,0x00,0x00,0x7f,0x00,0x00,0x7f,0x00,0x00,0x7f,0x00,
    0x00,0x7f,0x00,0x00,0x7f,0x00,0x00,0x7f,0x00,0x00,0x7f,0x00,0x00,0x7f,0x00,0x00,
    0x7f,0x00,0x00,0x7f,0x00,0x00,0x7f,0x00,0x00,0x7f,0x00,0x00,0x7f,0x00,0x00,0x7f,
    0x00,0x00,0x7f,0x00,0x00,0x7f,0x00,0x00,0x7f,0x00,0x00,0x7f,0x00,0x00,0x7f,0x00,
    0x00,0x7f,0x00,0x00,0x7f,0x00,0x00,0x7f,0x00,0x00,0x7f,0x00,0x00,0x7f,0x00,0x00,
    0x7f,0x00,0x00,0x7f,0x00,0x00,0x7f,0x00,0x00,0x7f,0x00,0x00,0x7f,0x00,0x00,0x7f,
    0x00,0x00,0x7f,0x00,0x00,0x7f,0x00,0x00,0x7f,0x00,0x00,0x7f,0x00,0x00,0x7f,0x00,
    0x00,0x7f,0x00,0x00,0x7f,0x00,0x00,0x7f,0x00,0x00,0x7f,0x00,0x00,0x7f,0x00,0x00,
    0x7f,0x00,0x00,0x7f,0x00,0x00,0x7f,0x00,0x00,0x7f,0x00,0x00,0x7f,0x00,0x00,0x7f,
    0x00,0x00,0x7f,0x00,0x00,0x7f,0x00,0x00,0x7f,0x00,0x00,0x7f,0x00,0x00,0x7f,0x00,
    0x00,0x7f,0x00,0x00,0x7f,0x00,0x00,0x7f,0x00,0x00,0x7f,0x00,0x00,0x7f,0x00,0x00,
    0x7f,0x00,0x00,0x7f,0x00,0x00,0x7f,0x00,0x00,0x7f,0x00,0x00,0x7f,0x00,0x00,0x7f,
    0x00,0x00,0x7f,0x00,0x00,0x7f,0x00,0x00,0x7f,0x00,0x00,0x7f,0x00,0x00,0x7f,0x00,
    0x00,0x7f,0x00,0x00,0x7f,0x00,0x00,0x7f,0x00,0x00,0x7f,0x00,0x00,0x7f,0x00,0x00,
    0x7f,0x00,0x00,0x7f,0x00,0x00,0x7f,0x00,0x00,0x7f,0x00,0x00,0x7f,0x00,0x00,0x7f,
    0x00,0x00,0x7f,0x00,0x00,0x7f,0x00,0x00,0x7f,0x00,0x00,0x7f,0x00,0x00,0x7f,0x00,
    0x00,0x7f,0x00,0x00,0x7f,0x00,0x00,0x7f,0x00,0x00,0x7f,0x00,0x00,0x7f,0x00,0x00,
    0x7f,0x00,0x00,0x7f,0x00,0x00,0x7f,0x00,0x00,0x7f,0x00,0x00,0x7f,0x00,0x00,0x7f,
    0x00,0x00,0x7f,0x00,0x00,0x7f,0x00,0x00,0x7f,0x00,0x00,0x7f,0x00,0x00,0x7f,0x00,
    0x00,0x7f,0x00,0x00,0x7f,0x00,0x00,0x7f,0x00,0x00,0x7f,0x00,0x00,0x7f,0x00,0x00,
    0x7f,0x00,0x00,0x7f,0x00,0x00,0x7f,0x00,0x00,0x7f,0x00,0x00,0x7f,0x00,0x00,0x7f,
    0x00,0x00,0x7f,0x00,0x00,0x7f,0x00,0x00,0x7f,0x00,0x00,0x7f,0x00,0x00,0x7f,0x00,
    0x00,0x7f,0x00,0x00,0x7f,0x00,0x00,0x7f,0x00,0x00,0x7f,0x00,0x00,0x7f,0x00,0x00,
    0x7f,0x00,0x00,0x7f,0x00,0x00,0x7f,0x00,0x00,0x7f,0x00,0x00,0x7f,0x00,0x00,0x7f,
    0x00,0x00,0x7f,0x00,0x00,0x7f,0x00,0x00,0x7f,0x00,0x00,0x7f,0x00,0x00,0x7f,0x00,
    0x00,0x7f,0x00,0x00,0x7f,0x00,0x00,0x7f,0x00,0x00,0x7f,0x00,0x00,0x7f,0x00,0x00,
    0x7f,0x00,0x00,0x7f,0x00,0x00,0x7f,0x00,0x00,0x7f,0x00,0x00,0x7f,0x00,0x00,0x7f,
    0x00,0x00,0x7f,0x00,0x00,0x7f,0x00,0x00,0x7f,0x00,0x00,0x7f,0x00,0x00,0x7f,0x00,
    0x00,0x7f,0x00,0x00,0x7f,0x00,0x00,0x7f,0x00,0x00,0x7f,0x00,0x00,0x7f,0x00,0x00,
    0x7f,0x00,0x00,0x7f,0x00,0x00,0x7f,0x00,0x00,0x7f,0x00,0x00,0x7f,0x00,0x00,0x7f,
    0x00,0x00,0x7f,0x00,0x00,0x7f,0x00,0x00,0x7f,0x00,0x00,0x7f,0x00,0x00,0x7f,0x00,
    0x00,0x7f,0x00,0x00,0x7f,0x00,0x00,0x7f,0x00,0x00,0x7f,0x00,0x00,0x7f,0x00,0x00,
    0x7f,0x00,0x00,0x7f,0x00,0x00,0x7f,0x00,0x00,0x7f,0x00,0x00,0x7f,0x00,0x00,0x7f,
    0x00,0x00,0x7f,0x00,0x00,0x7f,0x00,0x00,0x7f,0x00,0x00,0x7f,0x00,0x00,0x7f,0x00,
    0x00,0x7f,0x00,0x00,0x7f,0x00,0x00,0x7f,0x00,0x00,0x7f,0x00,0x00,0x7f,0x00,0x00,
    0x7f,0x00,0x00,0x7f,0x00,0x00,0x7f,0x00,0x00,0x7f,0x00,0x00,0x7f,0x00,0x00,0x7f,
    0x00,0x00,0x7f,0x00,0x00,0x7f,0x00,0x00,0x7f,0x00,0x00,0x7f,0x00,0x00,0x7f,0x00,
    0x00,0x7f,0x00,0x00,0x7f,0x00,0x00,0x7f,0x00,0x00,0x7f,0x00,0x00,0x7f,0x00,0x00,
    0x7f,0x00,0x00,0x7f,0x00,0x00,0x7f,0x00,0x00,0x7f,0x00,0x00,0x7f,0x00,0x00,0x7f,
    0x00,0x00,0x7f,0x00,0x00,0x7f,0x00,0x00,0x7f,0x00,0x00,0x7f,0x00,0x00,0x7f,0x00,
    0x00,0x7f,0x00,0x00,0x7f,0x00,0x00,0x7f,0x00,0x00,0x7f,0x00,0x00,0x7f,0x00,0x00,
    0x7f,0x00,0x00,0x7f,0x00,0x00,0x7f,0x00,0x00,0x7f,0x00,0x00,0x7f,0x00,0x00,0x7f,
    0x00,0x00,0x7f,0x00,0x00,0x7f,0x00,0x00,0x7f,0x00,0x00,0x7f,0x00,0x00,0x7f,0x00,
    0x00,0x7f,0x00,0x00,0x7f,0x00,0x00,0x7f,0x00,0x00,0x7f,0x00,0x00,0x7f,0x00,0x00,
    0x7f,0x00,0x00,0x7f,0x00,0x00,0x7f,0x00,0x00,0x7f,0x00,0x00,0x7f,0x00,0x00,0x7f,
    0x00,0x00,0x7f,0x00,0x00,0x7f,0x00,0x00,0x7f,0x00,0x00,0x7f,0x00,0x00,0x7f,0x00,
    0x00,0x7f,0x00,0x00,0x7f,0x00,0x00,0x7f,0x00,0x00,0x7f,0x00,0x00,0x7f,0x00,0x00,
    0x7f,0x00,0x00,0x7f,0x00,0x00,0x7f,0x00,0x00,0x7f,0x00,0x00,0x7f,0x00,0x00,0x7f,
    0x00,0x00,0x7f,0x00,0x00,0x7f,0x00,0x00,0x7f,0x00,0x00,0x7f,0x00,0x00,0x7f,0x00,
    0x00,0x7f,0x00,0x00,0x7f,0x00,0x00,0x7f,0x00,0x00,0x7f,0x00,0x00,0x7f,0x00,0x00,
    0x7f,0x00,0x00,0x7f,0x00,0x00,0x7f,0x00,0x00,0x7f,0x00,0x00,0x7f,0x00,0x00,0x7f,
    0x00,0x00,0x7f,0x00,0x00,0x7f,0x00,0x00,0x7f,0x00,0x00,0x7f,0x00,0x00,0x7f,0x00,
    0x00,0x7f,0x00,0x00,0x7f,0x00,0x00,0x7f,0x00,0x00,0x7f,0x00,0x00,0x7f,0x00,0x00,
    0x7f,0x00,0x00,0x7f,0x00,0x00,0x7f,0x00,0x00,0x7f,0x00,0x00,0x7f,0x00,0x00,0x7f,
    0x00,0x00,0x7f,0x00,0x00,0x7f,0x00,0x00,0x7f,0x00,0x00,0x7f,0x00,0x00,0x7f,0x00,
    0x00,0x7f,0x00,0x00,0x7f,0x00,0x00,0x7f,0x00,0x00,0x7f,0x00,0x00,0x7f,0x00,0x00,
    0x7f,0x00,0x00,0x7f,0x00,0x00,0x7f,0x00,0x00,0x7f,0x00,0x00,0x7f,0x00,0x00,0x7f,
    0x00,0x00,0x7f,0x00,0x00,0x7f,0x00,0x00,0x7f,0x00,0x00,0x7f,0x00,0x00,0x7f,0x00,
    0x00,0x7f,0x00,0x00,0x7f,0x00,0x00,0x7f,0x00,0x00,0x7f,0x00,0x00,0x7f,0x00,0x00,
    0x7f,0x00,0x00,0x7f,0x00,0x00,0x7f,0x00,0x00,0x7f,0x00,0x00,0x7f,0x00,0x00,0x7f,
    0x00,0x00,0x7f,0x00,0x00,0x7f,0x00,0x00,0x7f,0x00,0x00,0x7f,0x00,0x00,0x7f,0x00,
    0x00,0x7f,0x00,0x00,0x7f,0x00,0x00,0x7f,0x00,0x00,0x7f,0x00,0x00,0x7f,0x00,0x00,
    0x7f,0x00,0x00,0x7f,0x00,0x00,0x7f,0x00,0x00,0x7f,0x00,0x00,0x7f,0x00,0x00,0x7f,
    0x00,0x00,0x7f,0x00,0x00,0x7f,0x00,0x00,0x7f,0x00,0x00,0x7f,0x00,0x00,0x7f,0x00,
    0x00,0x7f,0x00,0x00,0x7f,0x00,0x00,0x7f,0x00,0x00,0x7f,0x00,0x00,0x7f,0x00,0x00,
    0x7f,0x00,0x00,0x7f,0x00,0x00,0x7f,0x00,0x00,0x7f,0x00,0x00,0x7f,0x00,0x00,0x7f,
    0x00,0x00,0x7f,0x00,0x00,0x7f,0x00,0x00,0x7f,0x00,0x00,0x7f,0x00,0x00,0x7f,0x00,
    0x00,0x7f,0x00,0x00,0x7f,0x00,0x00,0x7f,0x00,0x00,0x7f,0x00,0x00,0x7f,0x00,0x00,
    0x7f,0x00,0x00,0x7f,0x00,0x00,0x7f,0x00,0x00,0x7f,0x00,0x00,0x7f,0x00,0x00,0x7f,
    0x00,0x00,0x7f,0x00,0x00,0x7f,0x00,0x00,0x7f,0x00,0x00,0x7f,0x00,0x00,0x7f,0x00,
    0x00,0x7f,0x00,0x00,0x7f,0x00,0x00,0x7f,0x00,0x00,0x7f,0x00,0x00,0x7f,0x00,0x00,
    0x7f,0x00,0x00,0x7f,0x00,0x00,0x7f,0x00,0x00,0x7f,0x00,0x00,0x7f,0x00,0x00,0x7f,
    0x00,0x00,0x7f,0x00,0x00,0x7f,0x00,0x00,0x7f,0x00,0x00,0x7f,0x00,0x00,0x7f,0x00,
    0x00,0x7f,0x00,0x00,0x7f,0x00,0x00,0x7f,0x00,0x00,0x7f,0x00,0x00,0x7f,0x00,0x00,
    0x7f,0x00,0x00,0x7f,0x00,0x00,0x7f,0x00,0x00,0x7f,0x00,0x00,0x7f,0x00,0x00,0x7f,
    0x00,0x00,0x7f,0x00,0x00,0x7f,0x00,0x00,0x7f,0x00,0x00,0x7f,0x00,0x00,0x7f,0x00,
    0x00,0x7f,0x00,0x00,0x7f,0x00,0x00,0x7f,0x00,0x00,0x7f,0x00,0x00,0x7f,0x00,0x00,
    0x7f,0x00,0x00,0x7f,0x00,0x00,0x7f,0x00,0x00,0x7f,0x00,0x00,0x7f,0x00,0x00,0x7f,
    0x00,0x00,0x7f,0x00,0x00,0x7f,0x00,0x00,0x7f,0x00,0x00,0x7f,0x00,0x00,0x7f,0x00,
    0x00,0x7f,0x00,0x00,0x7f,0x00,0x00,0x7f,0x00,0x00,0x7f,0x00,0x00,0x7f,0x00,0x00,
    0x7f,0x00,0x00,0x7f,0x00,0x00,0x7f,0x00,0x00,0x7f,0x00,0x00,0x7f,0x00,0x00,0x7f,
    0x00,0x00,0x7f,0x00,0x00,0x7f,0x00,0x00,0x7f,0x00,0x00,0x7f,0x00,0x00,0x7f,0x00,
    0x00,0x7f,0x00,0x00,0x7f,0x00,0x00,0x7f,0x00,0x00,0x7f,0x00,0x00,0x7f,0x00,0x00,
    0x7f,0x00,0x00,0x7f,0x00,0x00,0x7f,0x00,0x00,0x7f,0x00,0x00,0x7f,0x00,0x00,0x7f,
    0x00,0x00,0x7f,0x00,0x00,0x7f,0x00,0x00,0x7f,0x00,0x00,0x7f,0x00,0x00,0x7f,0x00,
    0x00,0x7f,0x00,0x00,0x7f,0x00,0x00,0x7f,0x00,0x00,0x7f,0x00,0x00,0x7f,0x00,0x00,
    0x7f,0x00,0x00,0x7f,0x00,0x00,0x7f,0x00,0x00,0x7f,0x00,0x00,0x7f,0x00,0x00,0x7f,
    0x00,0x00,0x7f,0x00,0x00,0x7f,0x00,0x00,0x7f,0x00,0x00,0x7f,0x00,0x00,0x7f,0x00,
    0x00,0x7f,0x00,0x00,0x7f,0x00,0x00,0x7f,0x00,0x00,0x7f,0x00,0x00,0x7f,0x00,0x00,
    0x7f,0x00,0x00,0x7f,0x00,0x00,0x7f,0x00,0x00,0x7f,0x00,0x00,0x7f,0x00,0x00,0x7f,
    0x00,0x00,0x7f,0x00,0x00,0x7f,0x00,0x00,0x7f,0x00,0x00,0x7f,0x00,0x00,0x7f,0x00,
    0x00,0x7f,0x00,0x00,0x7f,0x00,0x00,0x7f,0x00,0x00,0x7f,0x00,0x00,0x7f,0x00,0x00,
    0x7f,0x00,0x00,0x7f,0x00,0x00,0x7f,0x00,0x00,0x7f,0x00,0x00,0x7f,0x00,0x00,0x7f,
    0x00,0x00,0x7f,0x00,0x00,0x7f,0x00,0x00,0x7f,0x00,0x00,0x7f,0x00,0x00,0x7f,0x00,
    0x00,0x7f,0x00,0x00,0x7f,0x00,0x00,0x7f,0x00,0x00,0x7f,0x00,0x00,0x7f,0x00,0x00,
    0x7f,0x00,0x00,0x7f,0x00,0x00,0x7f,0x00,0x00,0x7f,0x00,0x00,0x7f,0x00,0x00,0x7f,
    0x00,0x00,0x7f,0x00,0x00,0x7f,0x00,0x00,0x7f,0x00,0x00,0x7f,0x00,0x00,0x7f,0x00,
    0x00,0x7f,0x00,0x00,0x7f,0x00,0x00,0x7f,0x00,0x00,0x7f,0x00,0x00,0x7f,0x00,0x00,
    0x7f,0x00,0x00,0x7f,0x00,0x00,0x7f,0x00,0x00,0x7f,0x00,0x00,0x7f,0x00,0x00,0x7f,
    0x00,0x00,0x7f,0x00,0x00,0x7f,0x00,0x00,0x7f,0x00,0x00,0x7f,0x00,0x00,0x7f,0x00,
    0x00,0x7f,0x00,0x00,0x7f,0x00,0x00,0x7f,0x00,0x00,0x7f,0x00,0x00,0x7f,0x00,0x00,
    0x7f,0x00,0x00,0x7f,0x00,0x00,0x7f,0x00,0x00,0x7f,0x00,0x00,0x7f,0x00,0x00,0x7f,
    0x00,0x00,0x7f,0x00,0x00,0x7f,0x00,0x00,0x7f,0x00,0x00,0x7f,0x00,0x00,0x7f,0x00,
    0x00,0x7f,0x00,0x00,0x7f,0x00,0x00,0x7f,0x00,0x00,0x7f,0x00,0x00,0x7f,0x00,0x00,
    0x7f,0x00,0x00,0x7f,0x00,0x00,0x7f,0x00,0x00,0x7f,0x00,0x00,0x7f,0x00,0x00,0x7f,
    0x00,0x00,0x7f,0x00,0x00,0x7f,0x00,0x00,0x7f,0x00,0x00,0x7f,0x00,0x00,0x7f,0x00,
    0x00,0x7f,0x00,0x00,0x7f,0x00,0x00,0x7f,0x00,0x00,0x7f,0x00,0x00,0x7f,0x00,0x00,
    0x7f,0x00,0x00,0x7f,0x00,0x00,0x7f,0x00,0x00,0x7f,0x00,0x00,0x7f,0x00,0x00,0x7f,
    0x00,0x00,0x7f,0x00,0x00,0x7f,0x00,0x00,0x7f,0x00,0x00,0x7f,0x00,0x00,0x7f,0x00,
    0x00,0x7f,0x00,0x00,0x7f,0x00,0x00,0x7f,0x00,0x00,0x7f,0x00,0x00,0x7f,0x00,0x00,
    0x7f,0x00,0x00,0x7f,0x00,0x00,0x7f,0x00,0x00,0x7f,0x00,0x00,0x7f,0x00,0x00,0x7f,
    0x00,0x00,0x7f,0x00,0x00,0x7f,0x00,0x00,0x7f,0x00,0x00,0x7f,0x00,0x00,0x7f,0x00,
    0x00,0x7f,0x00,0x00,0x7f,0x00,0x00,0x7f,0x00,0x00,0x7f,0x00,0x00,0x7f,0x00,0x00,
    0x7f,0x00,0x00,0x7f,0x00,0x00,0x7f,0x00,0x00,0x7f,0x00,0x00,0x7f,0x00,0x00,0x7f,
    0x00,0x00,0x7f,0x00,0x00,0x7f,0x00,0x00,0x7f,0x00,0x00,0x7f,0x00,0x00,0x7f,0x00,
    0x00,0x7f,0x00,0x00,0x7f,0x00,0x00,0x7f,0x00,0x00,0x7f,0x00,0x00,0x7f,0x00,0x00,
    0x7f,0x00,0x00,0x7f,0x00,0x00,0x7f,0x00,0x00,0x7f,0x00,0x00,0x7f,0x00,0x00,0x7f,
    0x00,0x00,0x7f,0x00,0x00,0x7f,0x00,0x00,0x7f,0x00,0x00,0x7f,0x00,0x00,0x7f,0x00,
    0x00,0x7f,0x00,0x00,0x7f,0x00,0x00,0x7f,0x00,0x00,0x7f,0x00,0x00,0x7f,0x00,0x00,
    0x7f,0x00,0x00,0x7f,0x00,0x00,0x7f,0x00,0x00,0x7f,0x00,0x00,0x7f,0x00,0x00,0x7f,
    0x00,0x00,0x7f,0x00,0x00,0x7f,0x00,0x00,0x7f,0x00,0x00,0x7f,0x00,0x00,0x7f,0x00,
    0x00,0x7f,0x00,0x00,0x7f,0x00,0x00,0x7f,0x00,0x00,0x7f,0x00,0x00,0x7f,0x00,0x00,
    0x7f,0x00,0x00,0x7f,0x00,0x00,0x7f,0x00,0x00,0x7f,0x00,0x00,0x7f,0x00,0x00,0x7f,
    0x00,0x00,0x7f,0x00,0x00,0x7f,0x00,0x00,0x7f,0x00,0x00,0x7f,0x00,0x00,0x7f,0x00,
    0x00,0x7f,0x00,0x00,0x7f,0x00,0x00,0x7f,0x00,0x00,0x7f,0x00,0x00,0x7f,0x00,0x00,
    0x7f,0x00,0x00,0x7f,0x00,0x00,0x7f,0x00,0x00,0x7f,0x00,0x00,0x7f,0x00,0x00,0x7f,
    0x00,0x00,0x7f,0x00,0x00,0x7f,0x00,0x00,0x7f,0x00,0x00,0x7f,0x00,0x00,0x7f,0x00,
    0x00,0x7f,0x00,0x00,0x7f,0x00,0x00,0x7f,0x00,0x00,0x7f,0x00,0x00,0x7f,0x00,0x00,
    0x7f,0x00,0x00,0x7f,0x00,0x00,0x7f,0x00,0x00,0x7f,0x00,0x00,0x7f,0x00,0x00,0x7f,
    0x00,0x00,0x7f,0x00,0x00,0x7f,0x00,0x00,0x7f,0x00,0x00,0x7f,0x00,0x00,0x7f,0x00,
    0x00,0x7f,0x00,0x00,0x7f,0x00,0x00,0x7f,0x00,0x00,0x7f,0x00,0x00,0x7f,0x00,0x00,
    0x7f,0x00,0x00,0x7f,0x00,0x00,0x7f,0x00,0x00,0x7f,0x00,0x00,0x7f,0x00,0x00,0x7f,
    0x00,0x00,0x7f,0x00,0x00,0x7f,0x00,0x00,0x7f,0x00,0x00,0x7f,0x00,0x00,0x7f,0x00,
    0x00,0x7f,0x00,0x00,0x7f,0x00,0x00,0x7f,0x00,0x00,0x7f,0x00,0x00,0x7f,0x00,0x00,
    0x7f,0x00,0x00,0x7f,0x00,0x00,0x7f,0x00,0x00,0x7f,0x00,0x00,0x7f,0x00,0x00,0x7f,
    0x00,0x00,0x7f,0x00,0x00,0x7f,0x00,0x00,0x7f,0x00,0x00,0x7f,0x00,0x00,0x7f,0x00,
    0x00,0x7f,0x00,0x00,0x7f,0x00,0x00,0x7f,0x00,0x00,0x7f,0x00,0x00,0x7f,0x00,0x00,
    0x7f,0x00,0x00,0x7f,0x00,0x00,0x7f,0x00,0x00,0x7f,0x00,0x00,0x7f,0x00,0x00,0x7f,
    0x00,0x00,0x7f,0x00,0x00,0x7f,0x00,0x00,0x7f,0x00,0x00,0x7f,0x00,0x00,0x7f,0x00,
    0x00,0x7f,0x00,0x00,0x7f,0x00,0x00,0x7f,0x00,0x00,0x7f,0x00,0x00,0x7f,0x00,0x00,
    0x7f,0x00,0x00,0x7f,0x00,0x00,0x7f,0x00,0x00,0x7f,0x00,0x00,0x7f,0x00,0x00,0x7f,
    0x00,0x00,0x7f,0x00,0x00,0x7f,0x00,0x00,0x7f,0x00,0x00,0x7f,0x00,0x00,0x7f,0x00,
    0x00,0x7f,0x00,0x00,0x7f,0x00,0x00,0x7f,0x00,0x00,0x7f,0x00,0x00,0x7f,0x00,0x00,
    0x7f,0x00,0x00,0x7f,0x00,0x00,0x7f,0x00,0x00,0x7f,0x00,0x00,0x7f,0x00,0x00,0x7f,
    0x00,0x00,0x7f,0x00,0x00,0x7f,0x00,0x00,0x7f,0x00,0x00,0x7f,0x00,0x00,0x7f,0x00,
    0x00,0x7f,0x00,0x00,0x7f,0x00,0x00,0x7f,0x00,0x00,0x7f,0x00,0x00,0x7f,0x00,0x00,
    0x7f,0x00,0x00,0x7f,0x00,0x00,0x7f,0x00,0x00,0x7f,0x00,0x00,0x7f,0x00,0x00,0x7f,
    0x00,0x00,0x7f,0x00,0x00,0x7f,0x00,0x00,0x7f,0x00,0x00,0x7f,0x00,0x00,0x7f,0x00,
    0x00,0x7f,0x00,0x00,0x7f,0x00,0x00,0x7f,0x00,0x00,0x7f,0x00,0x00,0x7f,0x00,0x00,
    0x7f,0x00,0x00,0x7f,0x00,0x00,0x7f,0x00,0x00,0x7f,0x00,0x00,0x7f,0x00,0x00,0x7f,
    0x00,0x00,0x7f,0x00,0x00,0x7f,0x00,0x00,0x7f,0x00,0x00,0x7f,0x00,0x00,0x7f,0x00,
    0x00,0x7f,0x00,0x00,0x7f,0x00,0x00,0x7f,0x00,0x00,0x7f,0x00,0x00,0x7f,0x00,0x00,
    0x7f,0x00,0x00,0x7f,0x00,0x00,0x7f,0x00,0x00,0x7f,0x00,0x00,0x7f,0x00,0x00,0x7f,
    0x00,0x00,0x7f,0x00,0x00,0x7f,0x00,0x00,0x7f,0x00,0x00,0x7f,0x00,0x00,0x7f,0x00,
    0x00,0x7f,0x00,0x00,0x7f,0x00,0x00,0x7f,0x00,0x00,0x7f,0x00,0x00,0x7f,0x00,0x00,
    0x7f,0x00,0x00,0x7f,0x00,0x00,0x7f,0x00,0x00,0x7f,0x00,0x00,0x7f,0x00,0x00,0x7f,
    0x00,0x00,0x7f,0x00,0x00,0x7f,0x00,0x00,0x7f,0x00,0x00,0x7f,0x00,0x00,0x7f,0x00,
    0x00,0x7f,0x00,0x00,0x7f,0x00,0x00,0x7f,0x00,0x00,0x7f,0x00,0x00,0x7f,0x00,0x00,
    0x7f,0x00,0x00,0x7f,0x00,0x00,0x7f,0x00,0x00,0x7f,0x00,0x00,0x7f,0x00,0x00,0x7f,
    0x00,0x00,0x7f,0x00,0x00,0x7f,0x00,0x00,0x7f,0x00,0x00,0x7f,0x00,0x00,0x7f,0x00,
    0x00,0x7f,0x00,0x00,0x7f,0x00,0x00,0x7f,0x00,0x00,0x7f,0x00,0x00,0x7f,0x00,0x00,
    0x7f,0x00,0x00,0x7f,0x00,0x00,0x7f,0x00,0x00,0x7f,0x00,0x00,0x7f,0x00,0x00,0x7f,
    0x00,0x00,0x7f,0x00,0x00,0x7f,0x00,0x00,0x7f,0x00,0x00,0x7f,0x00,0x00,0x7f,0x00,
    0x00,0x7f,0x00,0x00,0x7f,0x00,0x00,0x7f,0x00,0x00,0x7f,0x00,0x00,0x7f,0x00,0x00,
    0x7f,0x00,0x00,0x7f,0x00,0x00,0x7f,0x00,0x00,0x7f,0x00,0x00,0x7f,0x00,0x00,0x7f,
    0x00,0x00,0x7f,0x00,0x00,0x7f,0x00,0x00,0x7f,0x00,0x00,0x7f,0x00,0x00,0x7f,0x00,
    0x00,0x7f,0x00,0x00,0x7f,0x00,0x00,0x7f,0x00,0x00,0x7f,0x00,0x00,0x7f,0x00,0x00,
    0x7f,0x00,0x00,0x7f,0x00,0x00,0x7f,0x00,0x00,0x7f,0x00,0x00,0x7f,0x00,0x00,0x7f,
    0x00,0x00,0x7f,0x00,0x00,0x7f,0x00,0x00,0x7f,0x00,0x00,0x7f,0x00,0x00,0x7f,0x00,
    0x00,0x7f,0x00,0x00,0x7f,0x00,0x00,0x7f,0x00,0x00,0x7f,0x00,0x00,0x7f,0x00,0x00,
    0x7f,0x00,0x00,0x7f,0x00,0x00,0x7f,0x00,0x00,0x7f,0x00,0x00,0x7f,0x00,0x00,0x7f,
    0x00,0x00,0x7f,0x00,0x00,0x7f,0x00,0x00,0x7f,0x00,0x00,0x7f,0x00,0x00,0x7f,0x00,
    0x00,0x7f,0x00,0x00,0x7f,0x00,0x00,0x7f,0x00,0x00,0x7f,0x00,0x00,0x7f,0x00,0x00,
    0x7f,0x00,0x00,0x7f,0x00,0x00,0x7f,0x00,0x00,0x7f,0x00,0x00,0x7f,0x00,0x00,0x7f,
    0x00,0x00,0x7f,0x00,0x00,0x7f,0x00,0x00,0x7f,0x00,0x00,0x7f,0x00,0x00,0x7f,0x00,
    0x00,0x7f,0x00,0x00,0x7f,0x00,0x00,0x7f,0x00,0x00,0x7f,0x00,0x00,0x7f,0x00,0x00,
    0x7f,0x00,0x00,0x7f,0x00,0x00,0x7f,0x00,0x00,0x7f,0x00,0x00,0x7f,0x00,0x00,0x7f,
    0x00,0x00,0x7f,0x00,0x00,0x7f,0x00,0x00,0x7f,0x00,0x00,0x7f,0x00,0x00,0x7f,0x00,
    0x00,0x7f,0x00,0x00,0x7f,0x00,0x00,0x7f,0x00,0x00,0x7f,0x00,0x00,0x7f,0x00,0x00,
    0x7f,0x00,0x00,0x7f,0x00,0x00,0x7f,0x00,0x00,0x7f,0x00,0x00,0x7f,0x00,0x00,0x7f,
    0x00,0x00,0x7f,0x00,0x00,0x7f,0x00,0x00,0x7f,0x00,0x00,0x7f,0x00,0x00,0x7f,0x00,
    0x00,0x7f,0x00,0x00,0x7f,0x00,0x00,0x7f,0x00,0x00,0x7f,0x00,0x00,0x7f,0x00,0x00,
    0x7f,0x00,0x00,0x7f,0x00,0x00,0x7f,0x00,0x00,0x7f,0x00,0x00,0x7f,0x00,0x00,0x7f,
    0x00,0x00,0x7f,0x00,0x00,0x7f,0x00,0x00,0x7f,0x00,0x00,0x7f,0x00,0x00,0x7f,0x00,
    0x00,0x7f,0x00,0x00,0x7f,0x00,0x00,0x7f,0x00,0x00,0x7f,0x00,0x00,0x7f,0x00,0x00,
    0x7f,0x00,0x00,0x7f,0x00,0x00,0x7f,0x00,0x00,0x7f,0x00,0x00,0x7f,0x00,0x00,0x7f,
    0x00,0x00,0x7f,0x00,0x00,0x7f,0x00,0x00,0x7f,0x00,0x00,0x7f,0x00,0x00,0x7f,0x00,
    0x00,0x7f,0x00,0x00,0x7f,0x00,0x00,0x7f,0x00,0x00,0x7f,0x00,0x00,0x7f,0x00,0x00,
    0x7f,0x00,0x00,0x7f,0x00,0x00,0x7f,0x00,0x00,0x7f,0x00,0x00,0x7f,0x00,0x00,0x7f,
    0x00,0x00,0x7f,0x00,0x00,0x7f,0x00,0x00,0x7f,0x00,0x00,0x7f,0x00,0x00,0x7f,0x00,
    0x00,0x7f,0x00,0x00,0x7f,0x00,0x00,0x7f,0x00,0x00,0x7f,0x00,0x00,0x7f,0x00,0x00,
    0x7f,0x00,0x00,0x7f,0x00,0x00,0x7f,0x00,0x00,0x7f,0x00,0x00,0x7f,0x00,0x00,0x7f,
    0x00,0x00,0x7f,0x00,0x00,0x7f,0x00,0x00,0x7f,0x00,0x00,0x7f,0x00,0x00,0x7f,0x00,
    0x00,0x7f,0x00,0x00,0x7f,0x00,0x00,0x7f,0x00,0x00,0x7f,0x00,0x00,0x7f,0x00,0x00,
    0x7f,0x00,0x00,0x7f,0x00,0x00,0x7f,0x00,0x00,0x7f,0x00,0x00,0x7f,0x00,0x00,0x7f,
    0x00,0x00,0x7f,0x00,0x00,0x7f,0x00,0x00,0x7f,0x00,0x00,0x7f,0x00,0x00,0x7f,0x00,
    0x00,0x7f,0x00,0x00,0x7f,0x00,0x00,0x7f,0x00,0x00,0x7f,0x00,0x00,0x7f,0x00,0x00,
    0x7f,0x00,0x00,0x7f,0x00,0x00,0x7f,0x00,0x00,0x7f,0x00,0x00,0x7f,0x00,0x00,0x7f,
    0x00,0x00,0x7f,0x00,0x00,0x7f,0x00,0x00,0x7f,0x00,0x00,0x7f,0x00,0x00,0x7f,0x00,
    0x00,0x7f,0x00,0x00,0x7f,0x00,0x00,0x7f,0x00,0x00,0x7f,0x00,0x00,0x7f,0x00,0x00,
    0x7f,0x00,0x00,0x7f,0x00,0x00,0x7f,0x00,0x00,0x7f,0x00,0x00,0x7f,0x00,0x00,0x7f,
    0x00,0x00,0x7f,0x00,0x00,0x7f,0x00,0x00,0x7f,0x00,0x00,0x7f,0x00,0x00,0x7f,0x00,
    0x00,0x7f,0x00,0x00,0x7f,0x00,0x00,0x7f,0x00,0x00,0x7f,0x00,0x00,0x7f,0x00,0x00,
    0x7f,0x00,0x00,0x7f,0x00,0x00,0x7f,0x00,0x00,0x7f,0x00,0x00,0x7f,0x00,0x00,0x7f,
    0x00,0x00,0x7f,0x00,0x00,0x7f,0x00,0x00,0x7f,0x00,0x00,0x7f,0x00,0x00,0x7f,0x00,
    0x00,0x7f,0x00,0x00,0x7f,0x00,0x00,0x7f,0x00,0x00,0x7f,0x00,0x00,0x7f,0x00,0x00,
    0x7f,0x00,0x00,0x7f,0x00,0x00,0x7f,0x00,0x00,0x7f,0x00,0x00,0x7f,0x00,0x00,0x7f,
    0x00,0x00,0x7f,0x00,0x00,0x7f,0x00,0x00,0x7f,0x00,0x00,0x7f,0x00,0x00,0x7f,0x00,
    0x00,0x7f,0x00,0x00,0x7f,0x00,0x00,0x7f,0x00,0x00,0x7f,0x00,0x00,0x7f,0x00,0x00,
    0x7f,0x00,0x00,0x7f,0x00,0x00,0x7f,0x00,0x00,0x7f,0x00,0x00,0x7f,0x00,0x00,0x7f,
    0x00,0x00,0x7f,0x00,0x00,0x7f,0x00,0x00,0x7f,0x00,0x00,0x7f,0x00,0x00,0x7f,0x00,
    0x00,0x7f,0x00,0x00,0x7f,0x00,0x00,0x7f,0x00,0x00,0x7f,0x00,0x00,0x7f,0x00,0x00,
    0x7f,0x00,0x00,0x7f,0x00,0x00,0x7f,0x00,0x00,0x7f,0x00,0x00,0x7f,0x00,0x00,0x7f,
    0x00,0x00,0x7f,0x00,0x00,0x7f,0x00,0x00,0x7f,0x00,0x00,0x7f,0x00,0x00,0x7f,0x00,
    0x00,0x7f,0x00,0x00,0x7f,0x00,0x00,0x7f,0x00,0x00,0x7f,0x00,0x00,0x7f,0x00,0x00,
    0x7f,0x00,0x00,0x7f,0x00,0x00,0x7f,0x00,0x00,0x7f,0x00,0x00,0x7f,0x00,0x00,0x7f,
    0x00,0x00,0x7f,0x00,0x00,0x7f,0x00,0x00,0x7f,0x00,0x00,0x7f,0x00,0x00,0x7f,0x00,
    0x00,0x7f,0x00,0x00,0x7f,0x00,0x00,0x7f,0x00,0x00,0x7f,0x00,0x00,0x7f,0x00,0x00,
    0x7f,0x00,0x00,0x7f,0x00,0x00,0x7f,0x00,0x00,0x7f,0x00,0x00,0x7f,0x00,0x00,0x7f,
    0x00,0x00,0x7f,0x00,0x00,0x7f,0x00,0x00,0x7f,0x00,0x00,0x7f,0x00,0x00,0x7f,0x00,
    0x00,0x7f,0x00,0x00,0x7f,0x00,0x00,0x7f,0x00,0x00,0x7f,0x00,0x00,0x7f,0x00,0x00,
    0x7f,0x00,0x00,0x7f,0x00,0x00,0x7f,0x00,0x00,0x7f,0x00,0x00,0x7f,0x00,0x00,0x7f,
    0x00,0x00,0x7f,0x00,0x00,0x7f,0x00,0x00,0x7f,0x00,0x00,0x7f,0x00,0x00,0x7f,0x00,
    0x00,0x7f,0x00,0x00,0x7f,0x00,0x00,0x7f,0x00,0x00,0x7f,0x00,0x00,0x7f,0x00,0x00,
    0x7f,0x00,0x00,0x7f,0x00,0x00,0x7f,0x00,0x00,0x7f,0x00,0x00,0x7f,0x00,0x00,0x7f,
    0x00,0x00,0x7f,0x00,0x00,0x7f,0x00,0x00,0x7f,0x00,0x00,0x7f,0x00,0x00,0x7f,0x00,
    0x00,0x7f,0x00,0x00,0x7f,0x00,0x00,0x7f,0x00,0x00,0x7f,0x00,0x00,0x7f,0x00,0x00,
    0x7f,0x00,0x00,0x7f,0x00,0x00,0x7f,0x00,0x00,0x7f,0x00,0x00,0x7f,0x00,0x00,0x7f,
    0x00,0x00,0x7f,0x00,0x00,0x7f,0x00,0x00,0x7f,0x00,0x00,0x7f,0x00,0x00,0x7f,0x00,
    0x00,0x7f,0x00,0x00,0x7f,0x00,0x00,0x7f,0x00,0x00,0x7f,0x00,0x00,0x7f,0x00,0x00,
    0x7f,0x00,0x00,0x7f,0x00,0x00,0x7f,0x00,0x00,0x7f,0x00,0x00,0x7f,0x00,0x00,0x7f,
    0x00,0x00,0x7f,0x00,0x00,0x7f,0x00,0x00,0x7f,0x00,0x00,0x7f,0x00,0x00,0x7f,0x00,
    0x00,0x7f,0x00,0x00,0x7f,0x00,0x00,0x7f,0x00,0x00,0x7f,0x00,0x00,0x7f,0x00,0x00,
    0x7f,0x00,0x00,0x7f,0x00,0x00,0x7f,0x00,0x00,0x7f,0x00,0x00,0x7f,0x00,0x00,0x7f,
    0x00,0x00,0x7f,0x00,0x00,0x7f,0x00,0x00,0x7f,0x00,0x00,0x7f,0x00,0x00,0x7f,0x00,
    0x00,0x7f,0x00,0x00,0x7f,0x00,0x00,0x7f,0x00,0x00,0x7f,0x00,0x00,0x7f,0x00,0x00,
    0x7f,0x00,0x00,0x7f,0x00,0x00,0x7f,0x00,0x00,0x7f,0x00,0x00,0x7f,0x00,0x00,0x7f,
    0x00,0x00,0x7f,0x00,0x00,0x7f,0x00,0x00,0x7f,0x00,0x00,0x85,0x00,0x00,0x00,0x00,
    0x00,0x00,0x00,0x00,0x00,0x00,

};

const lv_image_dsc_t logo = {
  .header.magic = LV_IMAGE_HEADER_MAGIC,
  .header.cf = LV_COLOR_FORMAT_RGB565,
  .header.flags = 0 | LV_IMAGE_FLAGS_COMPRESSED,
  .header.w = 1024,
  .header.h = 1024,
  .header.stride = 2048,
  .data_size = sizeof(logo_map),
  .data = logo_map,
};

